source_dataset,source_group,split
anime256,1,train
anime256,1000,test
anime256,1003,validation
anime256,1007,train
anime256,1009,train
anime256,1010,train
anime256,102457,train
anime256,10246,test
anime256,102462,test
anime256,102468,train
anime256,102486,train
anime256,102493,test
anime256,102499,train
anime256,10250,validation
anime256,102502,train
anime256,102505,train
anime256,102507,train
anime256,102513,train
anime256,102522,train
anime256,102523,train
anime256,102534,train
anime256,102535,train
anime256,102539,train
anime256,102547,train
anime256,102548,test
anime256,102560,train
anime256,102561,train
anime256,10257,train
anime256,102571,train
anime256,102585,train
anime256,102597,train
anime256,10260,test
anime256,102613,test
anime256,102619,train
anime256,102622,test
anime256,102623,train
anime256,10264,test
anime256,102657,validation
anime256,10266,train
anime256,102670,train
anime256,102687,train
anime256,102688,train
anime256,10270,train
anime256,102703,train
anime256,102704,train
anime256,102731,train
anime256,102737,test
anime256,102745,test
anime256,102746,test
anime256,102752,test
anime256,102754,train
anime256,102755,train
anime256,102761,test
anime256,102763,train
anime256,102783,train
anime256,102784,train
anime256,10279,train
anime256,102790,train
anime256,102791,train
anime256,102796,train
anime256,102798,train
anime256,10280,train
anime256,102802,test
anime256,102809,train
anime256,102812,train
anime256,102813,train
anime256,102817,train
anime256,102828,train
anime256,10284,train
anime256,102843,validation
anime256,102844,train
anime256,102846,train
anime256,102847,train
anime256,102851,train
anime256,102859,train
anime256,102871,train
anime256,102872,train
anime256,102876,validation
anime256,10288,train
anime256,102880,train
anime256,102881,train
anime256,102884,test
anime256,102886,validation
anime256,102888,validation
anime256,10289,validation
anime256,102895,train
anime256,102896,train
anime256,10290,test
anime256,102902,train
anime256,102903,train
anime256,102907,test
anime256,102911,train
anime256,102912,train
anime256,102915,train
anime256,102916,test
anime256,102917,train
anime256,102918,train
anime256,102920,train
anime256,102928,test
anime256,102931,train
anime256,102939,validation
anime256,102948,train
anime256,102953,train
anime256,10296,test
anime256,102960,train
anime256,102966,test
anime256,10297,train
anime256,10298,train
anime256,102983,train
anime256,102984,train
anime256,102985,train
anime256,102986,test
anime256,10299,train
anime256,102993,train
anime256,102997,train
anime256,102999,train
anime256,10300,test
anime256,103006,train
anime256,103009,validation
anime256,103020,train
anime256,103032,train
anime256,103037,train
anime256,103039,train
anime256,103042,validation
anime256,103044,train
anime256,103048,train
anime256,103050,train
anime256,103057,test
anime256,103059,train
anime256,103061,train
anime256,103063,test
anime256,103067,train
anime256,103072,validation
anime256,10308,train
anime256,103088,train
anime256,10309,train
anime256,103091,train
anime256,10311,train
anime256,103112,train
anime256,103113,train
anime256,103114,train
anime256,10313,train
anime256,103138,train
anime256,103139,train
anime256,103141,train
anime256,103146,train
anime256,10316,train
anime256,103162,validation
anime256,103172,train
anime256,103173,train
anime256,103174,train
anime256,103175,train
anime256,103186,train
anime256,103192,train
anime256,103196,train
anime256,10320,train
anime256,103201,train
anime256,103207,train
anime256,103209,train
anime256,103210,train
anime256,103212,train
anime256,103214,train
anime256,103216,train
anime256,10322,train
anime256,103222,train
anime256,103223,train
anime256,103225,train
anime256,103228,train
anime256,103229,train
anime256,103230,train
anime256,103231,test
anime256,103235,train
anime256,103240,validation
anime256,103242,train
anime256,10325,train
anime256,103255,train
anime256,103258,train
anime256,103259,train
anime256,103265,train
anime256,103266,train
anime256,103275,train
anime256,103276,train
anime256,103278,test
anime256,103283,train
anime256,103289,train
anime256,10329,test
anime256,103290,test
anime256,103312,train
anime256,103320,train
anime256,103325,train
anime256,10333,train
anime256,103335,train
anime256,103337,train
anime256,103344,train
anime256,103349,train
anime256,10335,validation
anime256,103351,train
anime256,103352,train
anime256,103357,test
anime256,10336,train
anime256,103362,train
anime256,10337,train
anime256,103375,train
anime256,103380,train
anime256,103381,train
anime256,103382,test
anime256,103385,train
anime256,103395,train
anime256,103397,validation
anime256,103402,train
anime256,103403,train
anime256,103406,test
anime256,10345,train
anime256,10352,test
anime256,10354,train
anime256,10357,train
anime256,10358,train
anime256,10360,train
anime256,10362,train
anime256,10365,train
anime256,10367,train
anime256,10369,validation
anime256,10370,train
anime256,10375,train
anime256,10381,train
anime256,10383,train
anime256,10385,train
anime256,10386,train
anime256,10391,train
anime256,10392,test
anime256,10397,validation
anime256,10398,train
anime256,10399,train
anime256,10402,train
anime256,10405,train
anime256,10407,validation
anime256,10408,validation
anime256,10416,train
anime256,10418,train
anime256,10433,train
anime256,10434,train
anime256,10436,train
anime256,10437,validation
anime256,10439,train
anime256,10442,train
anime256,10445,train
anime256,10447,train
anime256,10448,train
anime256,10450,train
anime256,10455,validation
anime256,10458,train
anime256,10461,train
anime256,10464,train
anime256,10469,train
anime256,10471,train
anime256,10472,test
anime256,10473,test
anime256,10474,train
anime256,10475,train
anime256,10477,train
anime256,10479,train
anime256,10481,train
anime256,10490,train
anime256,10498,train
anime256,10504,test
anime256,10506,train
anime256,10509,train
anime256,10513,train
anime256,10520,train
anime256,10528,train
anime256,10535,train
anime256,10537,test
anime256,10538,train
anime256,10539,train
anime256,10540,test
anime256,10541,train
anime256,10544,validation
anime256,10545,validation
anime256,10546,train
anime256,10552,test
anime256,10555,train
anime256,10562,validation
anime256,10564,validation
anime256,10569,validation
anime256,10572,train
anime256,10573,train
anime256,10576,train
anime256,10582,train
anime256,10585,train
anime256,10586,test
anime256,10587,train
anime256,105875,train
anime256,105883,train
anime256,10590,train
anime256,105920,train
anime256,105926,train
anime256,105938,train
anime256,105939,train
anime256,10594,train
anime256,10595,train
anime256,105950,train
anime256,105953,train
anime256,105958,train
anime256,10596,validation
anime256,105967,train
anime256,105968,test
anime256,10597,train
anime256,105970,train
anime256,105975,train
anime256,10598,test
anime256,105981,train
anime256,105982,test
anime256,105983,test
anime256,105995,train
anime256,105998,train
anime256,10600,train
anime256,106001,train
anime256,106002,validation
anime256,106019,train
anime256,10602,train
anime256,10603,train
anime256,106034,train
anime256,106039,train
anime256,106049,test
anime256,106063,test
anime256,10608,train
anime256,106084,train
anime256,10609,train
anime256,106091,train
anime256,10610,train
anime256,106112,train
anime256,106115,train
anime256,106123,train
anime256,10613,train
anime256,106130,test
anime256,106134,train
anime256,106136,train
anime256,10614,validation
anime256,106141,train
anime256,10615,train
anime256,106158,train
anime256,10617,validation
anime256,106177,train
anime256,106178,test
anime256,106186,validation
anime256,10619,test
anime256,106201,train
anime256,106204,train
anime256,106206,train
anime256,106207,train
anime256,10621,train
anime256,10622,train
anime256,106222,train
anime256,106225,train
anime256,106226,train
anime256,106234,train
anime256,10625,test
anime256,106262,train
anime256,106268,train
anime256,106270,test
anime256,106280,train
anime256,106281,train
anime256,106289,train
anime256,106299,train
anime256,10630,train
anime256,106304,train
anime256,106305,train
anime256,10631,train
anime256,10634,train
anime256,106349,train
anime256,106364,train
anime256,106383,validation
anime256,106387,test
anime256,10640,train
anime256,106407,train
anime256,106408,train
anime256,106409,train
anime256,10641,test
anime256,10642,train
anime256,106425,train
anime256,106435,train
anime256,106437,validation
anime256,106442,test
anime256,106459,test
anime256,106464,train
anime256,106467,train
anime256,106479,train
anime256,106486,test
anime256,10649,train
anime256,106496,validation
anime256,10650,test
anime256,106524,validation
anime256,106526,train
anime256,106529,train
anime256,10653,test
anime256,106535,train
anime256,106536,train
anime256,106537,train
anime256,106542,train
anime256,106546,train
anime256,10655,train
anime256,106560,train
anime256,106564,validation
anime256,106565,train
anime256,10658,train
anime256,106585,train
anime256,106586,test
anime256,10659,train
anime256,106594,train
anime256,106596,train
anime256,106597,train
anime256,10661,train
anime256,106611,train
anime256,106612,test
anime256,106613,train
anime256,106619,train
anime256,10662,train
anime256,106625,train
anime256,106626,test
anime256,106631,test
anime256,106635,train
anime256,106636,train
anime256,106643,train
anime256,106644,train
anime256,106653,train
anime256,10666,train
anime256,106662,train
anime256,106672,train
anime256,106675,train
anime256,106680,validation
anime256,106692,train
anime256,106696,test
anime256,106698,train
anime256,106725,train
anime256,10673,train
anime256,106738,train
anime256,106741,test
anime256,106748,train
anime256,10675,train
anime256,106769,train
anime256,106770,train
anime256,106775,train
anime256,106778,train
anime256,106783,train
anime256,10680,train
anime256,106815,train
anime256,106820,train
anime256,106821,validation
anime256,106822,test
anime256,106826,test
anime256,106828,train
anime256,106829,train
anime256,10685,test
anime256,106856,train
anime256,106858,train
anime256,106890,train
anime256,106891,train
anime256,106915,train
anime256,106929,train
anime256,106940,train
anime256,106946,train
anime256,106951,train
anime256,106961,train
anime256,106964,train
anime256,106967,train
anime256,106969,test
anime256,10697,validation
anime256,10699,train
anime256,10713,test
anime256,10714,test
anime256,10715,train
anime256,10718,validation
anime256,10720,train
anime256,10728,test
anime256,10729,train
anime256,10731,train
anime256,10735,train
anime256,10737,train
anime256,10738,train
anime256,10742,train
anime256,10743,train
anime256,10744,test
anime256,10745,train
anime256,10749,train
anime256,10752,train
anime256,10754,train
anime256,10755,train
anime256,10759,train
anime256,10760,validation
anime256,10765,train
anime256,10768,train
anime256,10772,validation
anime256,10773,train
anime256,10774,validation
anime256,10777,train
anime256,10778,train
anime256,10781,train
anime256,10782,train
anime256,10789,train
anime256,10798,validation
anime256,10799,validation
anime256,10801,train
anime256,10804,train
anime256,10807,train
anime256,10808,train
anime256,10820,train
anime256,10824,validation
anime256,10827,validation
anime256,10828,test
anime256,10830,validation
anime256,10834,train
anime256,10839,train
anime256,10840,test
anime256,10842,train
anime256,10846,train
anime256,10850,validation
anime256,10853,test
anime256,10854,train
anime256,10856,validation
anime256,10858,test
anime256,10860,train
anime256,10867,train
anime256,10869,test
anime256,10871,validation
anime256,10876,train
anime256,10878,validation
anime256,10879,train
anime256,10880,train
anime256,10881,train
anime256,10890,validation
anime256,10896,test
anime256,10897,train
anime256,10903,train
anime256,10908,test
anime256,10910,train
anime256,10912,validation
anime256,10917,train
anime256,10921,train
anime256,10926,train
anime256,109290,train
anime256,109295,train
anime256,109302,train
anime256,10931,train
anime256,109313,train
anime256,109318,train
anime256,10933,train
anime256,109339,test
anime256,10934,train
anime256,109340,validation
anime256,109352,validation
anime256,109354,test
anime256,109357,test
anime256,109361,validation
anime256,10942,train
anime256,109426,train
anime256,109435,train
anime256,10944,train
anime256,109449,train
anime256,109451,validation
anime256,109454,validation
anime256,10946,validation
anime256,109462,train
anime256,109469,train
anime256,10947,validation
anime256,109470,train
anime256,10948,train
anime256,109482,train
anime256,109495,train
anime256,109496,train
anime256,109497,train
anime256,109499,train
anime256,10950,validation
anime256,109509,train
anime256,109517,test
anime256,109528,train
anime256,10953,train
anime256,109530,train
anime256,109534,validation
anime256,109537,validation
anime256,109556,test
anime256,10956,train
anime256,10958,validation
anime256,109580,train
anime256,109589,test
anime256,10959,test
anime256,109595,test
anime256,109597,train
anime256,10960,test
anime256,109608,train
anime256,109613,train
anime256,10962,train
anime256,109620,validation
anime256,109634,train
anime256,109645,train
anime256,109646,train
anime256,109647,train
anime256,109649,train
anime256,109663,train
anime256,109675,test
anime256,109677,validation
anime256,10968,train
anime256,109686,train
anime256,10969,train
anime256,109690,train
anime256,109695,train
anime256,109696,train
anime256,109698,train
anime256,109699,train
anime256,10970,train
anime256,10971,train
anime256,109716,test
anime256,109717,train
anime256,109723,validation
anime256,109724,train
anime256,109730,test
anime256,10974,test
anime256,109740,train
anime256,10975,train
anime256,10976,train
anime256,109763,train
anime256,109764,validation
anime256,109766,train
anime256,109775,validation
anime256,109778,train
anime256,109781,train
anime256,109783,train
anime256,109788,train
anime256,10979,train
anime256,109796,train
anime256,109799,train
anime256,10980,test
anime256,109803,train
anime256,10981,train
anime256,109810,train
anime256,109818,train
anime256,10982,train
anime256,109828,train
anime256,10983,train
anime256,109838,train
anime256,109843,train
anime256,109864,validation
anime256,10987,train
anime256,109879,train
anime256,109887,train
anime256,10989,test
anime256,109892,validation
anime256,109894,train
anime256,109902,test
anime256,109907,train
anime256,10991,test
anime256,109910,train
anime256,109912,train
anime256,109922,validation
anime256,109927,test
anime256,109933,test
anime256,109934,train
anime256,109938,train
anime256,109948,train
anime256,109959,train
anime256,10996,train
anime256,10997,train
anime256,109970,test
anime256,109974,validation
anime256,109975,train
anime256,109977,train
anime256,109984,train
anime256,109990,test
anime256,109994,train
anime256,11000,train
anime256,110002,train
anime256,110015,train
anime256,11003,train
anime256,110034,train
anime256,110046,train
anime256,110064,train
anime256,11007,test
anime256,110070,train
anime256,110075,train
anime256,11008,train
anime256,110083,train
anime256,110086,train
anime256,11009,train
anime256,110094,train
anime256,110102,validation
anime256,110103,train
anime256,110104,train
anime256,110105,train
anime256,11011,train
anime256,110110,train
anime256,110117,test
anime256,11013,train
anime256,110139,train
anime256,110144,train
anime256,110146,train
anime256,110148,train
anime256,110149,train
anime256,110151,test
anime256,110153,train
anime256,110160,train
anime256,110161,train
anime256,110162,train
anime256,110169,train
anime256,110199,train
anime256,110200,test
anime256,110203,test
anime256,110206,train
anime256,110210,train
anime256,110218,test
anime256,110219,test
anime256,11022,train
anime256,110236,train
anime256,110237,train
anime256,110238,train
anime256,11024,test
anime256,110241,train
anime256,110247,train
anime256,110251,train
anime256,110258,test
anime256,110259,test
anime256,110260,test
anime256,110266,train
anime256,110279,train
anime256,11028,train
anime256,110288,train
anime256,11029,train
anime256,110290,train
anime256,110303,train
anime256,11034,train
anime256,11035,train
anime256,11043,train
anime256,11046,train
anime256,11055,train
anime256,11063,train
anime256,11066,train
anime256,11073,train
anime256,11074,train
anime256,11085,train
anime256,11089,validation
anime256,11095,train
anime256,11102,train
anime256,11106,test
anime256,11111,train
anime256,11117,train
anime256,11120,test
anime256,11125,test
anime256,11126,train
anime256,11128,train
anime256,11130,train
anime256,11133,train
anime256,11147,train
anime256,11148,train
anime256,11151,train
anime256,11153,train
anime256,11158,train
anime256,112703,train
anime256,112706,train
anime256,112708,train
anime256,112727,train
anime256,112745,train
anime256,112746,train
anime256,112766,validation
anime256,112767,test
anime256,112769,train
anime256,112771,train
anime256,112775,train
anime256,112778,train
anime256,112779,train
anime256,112780,train
anime256,112783,train
anime256,112807,train
anime256,112808,train
anime256,112810,train
anime256,112819,test
anime256,112833,test
anime256,112842,train
anime256,112860,train
anime256,112861,train
anime256,112862,train
anime256,112864,validation
anime256,112897,train
anime256,112899,test
anime256,112920,train
anime256,112921,train
anime256,112938,train
anime256,112943,train
anime256,112945,test
anime256,112950,train
anime256,112951,train
anime256,112960,train
anime256,112962,train
anime256,112964,train
anime256,112967,train
anime256,112968,train
anime256,112994,train
anime256,113004,test
anime256,113007,test
anime256,113009,train
anime256,113025,train
anime256,113032,train
anime256,113037,train
anime256,113044,train
anime256,113045,train
anime256,113046,train
anime256,113047,train
anime256,113048,train
anime256,113051,train
anime256,113056,train
anime256,113062,validation
anime256,113067,validation
anime256,113073,train
anime256,113078,validation
anime256,113085,test
anime256,113095,train
anime256,113097,train
anime256,113099,train
anime256,113109,validation
anime256,113111,train
anime256,113112,train
anime256,113115,test
anime256,113116,train
anime256,113120,test
anime256,113122,train
anime256,113128,train
anime256,113144,train
anime256,113147,train
anime256,113148,train
anime256,113162,train
anime256,113164,train
anime256,113182,train
anime256,113219,train
anime256,113223,test
anime256,113228,train
anime256,113253,train
anime256,113257,train
anime256,113258,train
anime256,113259,test
anime256,113263,train
anime256,113264,train
anime256,113267,train
anime256,113279,validation
anime256,113287,train
anime256,113288,test
anime256,113295,train
anime256,113298,train
anime256,113300,train
anime256,113315,test
anime256,113318,train
anime256,113319,test
anime256,113320,train
anime256,113321,train
anime256,113326,validation
anime256,113334,test
anime256,113336,train
anime256,113344,train
anime256,113347,train
anime256,113348,train
anime256,113349,train
anime256,113350,train
anime256,113351,validation
anime256,113363,train
anime256,113364,train
anime256,113366,validation
anime256,113369,train
anime256,113372,train
anime256,113387,train
anime256,113395,train
anime256,113402,test
anime256,113403,train
anime256,113409,train
anime256,113410,validation
anime256,113411,train
anime256,113412,train
anime256,113419,train
anime256,113431,train
anime256,113432,train
anime256,113437,train
anime256,113442,test
anime256,113447,validation
anime256,113453,validation
anime256,113463,train
anime256,113464,train
anime256,113466,test
anime256,113481,train
anime256,113484,validation
anime256,113496,train
anime256,113498,train
anime256,113499,validation
anime256,113513,test
anime256,113518,train
anime256,113519,train
anime256,113520,train
anime256,113522,train
anime256,113524,test
anime256,113526,train
anime256,113527,train
anime256,113529,train
anime256,113530,train
anime256,113532,train
anime256,113535,train
anime256,113536,train
anime256,113549,train
anime256,113552,validation
anime256,113585,train
anime256,113586,train
anime256,113590,validation
anime256,113598,train
anime256,113599,train
anime256,113608,train
anime256,113615,train
anime256,113616,validation
anime256,113617,train
anime256,113627,train
anime256,113648,train
anime256,113667,test
anime256,113680,train
anime256,113681,test
anime256,113685,train
anime256,116116,train
anime256,116117,train
anime256,116121,test
anime256,116125,train
anime256,116126,train
anime256,116127,train
anime256,116128,test
anime256,116134,train
anime256,116135,train
anime256,116137,train
anime256,116141,train
anime256,116152,train
anime256,116154,validation
anime256,116155,train
anime256,116156,train
anime256,116157,validation
anime256,116171,train
anime256,116174,train
anime256,116176,train
anime256,116178,train
anime256,116180,train
anime256,116181,validation
anime256,116189,train
anime256,116190,train
anime256,116191,test
anime256,116200,train
anime256,116216,train
anime256,116223,train
anime256,116228,train
anime256,116236,train
anime256,116239,train
anime256,116246,validation
anime256,116249,train
anime256,116267,train
anime256,116269,train
anime256,116272,test
anime256,116280,train
anime256,116290,validation
anime256,116292,train
anime256,116302,validation
anime256,116314,test
anime256,116315,train
anime256,116317,train
anime256,116319,train
anime256,116330,train
anime256,116332,train
anime256,116334,train
anime256,116339,train
anime256,116350,train
anime256,116361,train
anime256,116364,train
anime256,116421,validation
anime256,116430,train
anime256,116431,train
anime256,116440,train
anime256,116441,validation
anime256,116447,train
anime256,116455,train
anime256,116457,validation
anime256,116467,validation
anime256,116476,train
anime256,116479,train
anime256,116493,train
anime256,116502,test
anime256,116509,train
anime256,116512,train
anime256,116515,train
anime256,116516,train
anime256,116535,test
anime256,116537,train
anime256,116541,test
anime256,116586,test
anime256,116591,train
anime256,116594,test
anime256,116604,train
anime256,116606,test
anime256,116613,train
anime256,116615,train
anime256,116624,train
anime256,116628,train
anime256,116634,test
anime256,116639,train
anime256,116642,train
anime256,116648,train
anime256,116652,train
anime256,116653,train
anime256,116656,test
anime256,116664,train
anime256,116666,validation
anime256,116670,test
anime256,116675,test
anime256,116677,train
anime256,116678,train
anime256,116696,train
anime256,116706,train
anime256,116715,train
anime256,116727,train
anime256,116731,train
anime256,116733,train
anime256,116734,train
anime256,116735,train
anime256,116737,validation
anime256,116738,train
anime256,116742,train
anime256,116745,train
anime256,116747,train
anime256,116756,validation
anime256,116760,train
anime256,116762,test
anime256,116769,test
anime256,116773,train
anime256,116779,train
anime256,116780,train
anime256,116787,train
anime256,116791,test
anime256,116792,test
anime256,116793,train
anime256,116794,train
anime256,116798,test
anime256,116801,train
anime256,116803,train
anime256,116804,train
anime256,116810,test
anime256,116821,train
anime256,116823,validation
anime256,116824,train
anime256,116825,validation
anime256,116826,validation
anime256,116831,train
anime256,116833,train
anime256,116843,train
anime256,116844,train
anime256,116849,train
anime256,116853,train
anime256,116857,train
anime256,116860,train
anime256,116865,train
anime256,116866,test
anime256,116868,test
anime256,116869,train
anime256,116877,train
anime256,116884,train
anime256,116888,train
anime256,116890,test
anime256,116893,train
anime256,116896,train
anime256,116898,train
anime256,116903,validation
anime256,116909,train
anime256,116913,test
anime256,116922,train
anime256,116926,train
anime256,116927,train
anime256,116932,validation
anime256,116934,train
anime256,116935,validation
anime256,116937,train
anime256,116938,train
anime256,116939,test
anime256,116944,train
anime256,116948,test
anime256,116949,train
anime256,116957,train
anime256,116966,train
anime256,116977,train
anime256,116985,train
anime256,116988,train
anime256,116993,test
anime256,116998,train
anime256,117000,test
anime256,117004,train
anime256,117009,train
anime256,117013,train
anime256,117016,train
anime256,117018,train
anime256,119547,train
anime256,119557,train
anime256,119560,train
anime256,119570,train
anime256,119582,train
anime256,119589,train
anime256,119590,train
anime256,119591,train
anime256,119610,train
anime256,119612,train
anime256,119616,train
anime256,119617,train
anime256,119620,train
anime256,119625,train
anime256,119628,train
anime256,119637,validation
anime256,119657,train
anime256,119658,test
anime256,119692,train
anime256,119697,train
anime256,119734,validation
anime256,119735,train
anime256,119744,train
anime256,119757,train
anime256,119788,train
anime256,119807,train
anime256,119827,train
anime256,119835,train
anime256,119836,train
anime256,119840,train
anime256,119847,train
anime256,119849,train
anime256,119850,test
anime256,119852,train
anime256,119862,train
anime256,119865,train
anime256,119879,train
anime256,119887,train
anime256,119894,train
anime256,119896,train
anime256,119917,train
anime256,119924,train
anime256,119925,train
anime256,119926,train
anime256,119944,train
anime256,119946,train
anime256,119973,train
anime256,119975,train
anime256,119978,train
anime256,119983,train
anime256,119986,train
anime256,119988,train
anime256,119990,test
anime256,119996,train
anime256,120005,train
anime256,120006,validation
anime256,120015,train
anime256,120019,train
anime256,120023,train
anime256,120031,train
anime256,120036,validation
anime256,120043,train
anime256,120045,train
anime256,120057,train
anime256,120075,train
anime256,120081,train
anime256,120087,train
anime256,120089,train
anime256,120117,train
anime256,120124,train
anime256,120126,train
anime256,120134,test
anime256,120136,validation
anime256,120142,train
anime256,120144,train
anime256,120145,train
anime256,120151,train
anime256,120162,test
anime256,120164,train
anime256,120169,train
anime256,120172,train
anime256,120174,train
anime256,120175,train
anime256,120176,train
anime256,120177,test
anime256,120190,test
anime256,120192,train
anime256,120197,train
anime256,120198,train
anime256,120204,train
anime256,120212,test
anime256,120216,test
anime256,120221,train
anime256,120225,train
anime256,120228,train
anime256,120229,train
anime256,120231,train
anime256,120232,train
anime256,120258,train
anime256,120259,train
anime256,120267,test
anime256,120269,train
anime256,120270,validation
anime256,120271,train
anime256,120278,validation
anime256,120279,train
anime256,120280,test
anime256,120283,validation
anime256,120288,validation
anime256,120290,train
anime256,120294,train
anime256,120303,train
anime256,120307,test
anime256,120314,train
anime256,120329,test
anime256,120331,validation
anime256,120332,train
anime256,120335,train
anime256,120350,train
anime256,120352,validation
anime256,120353,test
anime256,120355,train
anime256,120358,train
anime256,120360,train
anime256,120362,train
anime256,120363,train
anime256,120403,train
anime256,120407,train
anime256,120410,test
anime256,120437,train
anime256,120442,train
anime256,120453,test
anime256,120455,train
anime256,120461,train
anime256,120477,train
anime256,120480,train
anime256,120488,validation
anime256,120494,validation
anime256,120495,train
anime256,120499,train
anime256,120500,train
anime256,120501,train
anime256,120507,test
anime256,120508,test
anime256,120509,test
anime256,120510,train
anime256,120512,train
anime256,120517,train
anime256,120518,train
anime256,122947,train
anime256,122959,train
anime256,122980,validation
anime256,123011,train
anime256,123013,train
anime256,123026,train
anime256,123032,train
anime256,123035,train
anime256,123037,train
anime256,123038,train
anime256,123040,train
anime256,123041,train
anime256,123042,train
anime256,123043,train
anime256,123055,train
anime256,123059,test
anime256,123069,train
anime256,123081,train
anime256,123089,train
anime256,123095,test
anime256,123104,train
anime256,123109,train
anime256,123110,train
anime256,123111,train
anime256,123113,train
anime256,123116,test
anime256,123120,train
anime256,123133,train
anime256,123134,test
anime256,123141,train
anime256,123142,test
anime256,123155,train
anime256,123158,train
anime256,123159,train
anime256,123162,validation
anime256,123173,train
anime256,123185,validation
anime256,123186,train
anime256,123187,train
anime256,123188,train
anime256,123189,train
anime256,123191,train
anime256,123192,train
anime256,123196,train
anime256,123201,train
anime256,123202,test
anime256,123205,validation
anime256,123209,train
anime256,123215,train
anime256,123218,train
anime256,123219,test
anime256,123239,train
anime256,123240,test
anime256,123249,train
anime256,123256,train
anime256,123257,train
anime256,123266,train
anime256,123276,train
anime256,123279,train
anime256,123282,train
anime256,123284,train
anime256,123288,train
anime256,123291,train
anime256,123296,train
anime256,123299,train
anime256,123305,train
anime256,123306,train
anime256,123309,train
anime256,123313,train
anime256,123316,train
anime256,123319,train
anime256,123322,train
anime256,123324,test
anime256,123325,train
anime256,123326,train
anime256,123356,train
anime256,123359,train
anime256,123360,test
anime256,123367,train
anime256,123390,train
anime256,123395,train
anime256,123396,test
anime256,123400,train
anime256,123403,train
anime256,123406,validation
anime256,123407,validation
anime256,123413,train
anime256,123418,train
anime256,123420,train
anime256,123428,validation
anime256,123429,validation
anime256,123445,test
anime256,123449,validation
anime256,123454,train
anime256,123455,validation
anime256,123456,train
anime256,123458,validation
anime256,123459,train
anime256,123460,train
anime256,123461,train
anime256,123462,train
anime256,123464,train
anime256,123477,train
anime256,123483,validation
anime256,123494,train
anime256,123511,validation
anime256,123512,train
anime256,123525,train
anime256,123533,train
anime256,123534,train
anime256,123535,train
anime256,123538,train
anime256,123540,train
anime256,123543,train
anime256,123546,train
anime256,123547,train
anime256,123549,train
anime256,123552,train
anime256,123554,train
anime256,123556,train
anime256,123557,test
anime256,123559,train
anime256,123568,train
anime256,123577,train
anime256,123578,train
anime256,123581,train
anime256,123583,train
anime256,123584,train
anime256,123588,train
anime256,123592,train
anime256,123607,test
anime256,123619,train
anime256,123621,train
anime256,123628,train
anime256,123640,train
anime256,123643,train
anime256,123649,validation
anime256,123669,train
anime256,123677,train
anime256,123679,train
anime256,123684,test
anime256,123687,train
anime256,123690,train
anime256,123691,train
anime256,123697,test
anime256,123706,validation
anime256,123708,train
anime256,123720,validation
anime256,123724,test
anime256,123725,train
anime256,123736,train
anime256,123741,test
anime256,123743,train
anime256,123745,train
anime256,123747,train
anime256,123750,train
anime256,123752,train
anime256,123753,train
anime256,123755,test
anime256,123756,train
anime256,123765,train
anime256,123769,validation
anime256,123773,test
anime256,123774,train
anime256,123778,train
anime256,123779,train
anime256,123782,train
anime256,123788,train
anime256,123794,train
anime256,123804,train
anime256,123805,train
anime256,123826,validation
anime256,123827,train
anime256,123833,train
anime256,123849,test
anime256,123866,train
anime256,123867,train
anime256,123872,train
anime256,123879,train
anime256,123880,train
anime256,123881,train
anime256,123882,train
anime256,123885,train
anime256,123891,train
anime256,123896,train
anime256,123897,train
anime256,123898,train
anime256,123903,validation
anime256,123904,validation
anime256,123905,train
anime256,126,train
anime256,126361,train
anime256,126370,validation
anime256,126378,validation
anime256,126384,train
anime256,126411,train
anime256,126435,train
anime256,126442,train
anime256,126456,train
anime256,126457,train
anime256,126459,train
anime256,126460,train
anime256,126469,train
anime256,126470,validation
anime256,126471,test
anime256,126488,train
anime256,126489,train
anime256,126503,validation
anime256,126514,train
anime256,126516,train
anime256,126519,train
anime256,126520,train
anime256,126530,test
anime256,126533,train
anime256,126540,train
anime256,126566,train
anime256,126572,train
anime256,126576,test
anime256,126585,test
anime256,126586,train
anime256,126587,train
anime256,126615,train
anime256,126618,validation
anime256,126627,test
anime256,126632,validation
anime256,126717,train
anime256,126738,test
anime256,126739,train
anime256,126759,train
anime256,126761,train
anime256,126764,train
anime256,126769,train
anime256,126772,train
anime256,126775,validation
anime256,126782,train
anime256,126785,train
anime256,126787,train
anime256,126802,train
anime256,126819,train
anime256,126832,train
anime256,126835,train
anime256,126837,validation
anime256,126840,validation
anime256,126841,train
anime256,126847,train
anime256,126849,train
anime256,126850,train
anime256,126867,train
anime256,126869,train
anime256,126875,train
anime256,126884,validation
anime256,126907,test
anime256,126908,train
anime256,126911,validation
anime256,126912,train
anime256,126919,train
anime256,126922,train
anime256,126925,train
anime256,126928,validation
anime256,126929,train
anime256,126942,train
anime256,126947,train
anime256,126951,train
anime256,126952,test
anime256,126979,test
anime256,126980,train
anime256,126981,test
anime256,126983,train
anime256,126985,train
anime256,126986,train
anime256,126988,train
anime256,126991,train
anime256,127000,train
anime256,127001,validation
anime256,127002,train
anime256,127006,train
anime256,127008,train
anime256,127012,train
anime256,127024,train
anime256,127027,train
anime256,127029,train
anime256,127031,train
anime256,127032,train
anime256,127035,train
anime256,127042,train
anime256,127051,train
anime256,127060,train
anime256,127068,train
anime256,127084,train
anime256,127086,train
anime256,127088,train
anime256,127098,train
anime256,127102,train
anime256,127104,train
anime256,127112,train
anime256,127117,train
anime256,127118,test
anime256,127122,train
anime256,127125,train
anime256,127128,train
anime256,127131,train
anime256,127133,train
anime256,127137,train
anime256,127139,train
anime256,127171,train
anime256,127176,train
anime256,127177,train
anime256,127192,train
anime256,127195,train
anime256,127196,train
anime256,127204,train
anime256,127219,train
anime256,127241,train
anime256,127245,validation
anime256,127255,train
anime256,127258,train
anime256,127262,train
anime256,127266,train
anime256,127272,train
anime256,127287,train
anime256,127295,train
anime256,127331,train
anime256,127341,train
anime256,129776,train
anime256,129779,train
anime256,129784,train
anime256,129789,train
anime256,129796,train
anime256,129807,validation
anime256,129825,train
anime256,129840,train
anime256,129841,train
anime256,129847,train
anime256,129863,test
anime256,129878,train
anime256,129886,train
anime256,129898,test
anime256,129904,train
anime256,129910,test
anime256,129927,validation
anime256,129935,train
anime256,129939,validation
anime256,129943,validation
anime256,129951,validation
anime256,129964,validation
anime256,129966,train
anime256,129967,train
anime256,129982,test
anime256,129984,train
anime256,129985,train
anime256,130005,train
anime256,130019,train
anime256,130026,train
anime256,130030,train
anime256,130031,validation
anime256,130050,train
anime256,130059,train
anime256,130060,train
anime256,130061,train
anime256,130065,train
anime256,130073,train
anime256,130078,validation
anime256,130083,train
anime256,130084,test
anime256,130086,train
anime256,130094,train
anime256,130095,train
anime256,130114,test
anime256,130117,train
anime256,130126,test
anime256,130138,train
anime256,130149,train
anime256,130150,train
anime256,130156,validation
anime256,130159,train
anime256,130164,train
anime256,130165,train
anime256,130168,test
anime256,130169,train
anime256,130170,train
anime256,130172,validation
anime256,130180,test
anime256,130182,train
anime256,130186,train
anime256,130187,train
anime256,130188,train
anime256,130201,train
anime256,130203,train
anime256,130224,train
anime256,130226,train
anime256,130230,train
anime256,130244,train
anime256,130245,train
anime256,130246,train
anime256,130248,train
anime256,130252,train
anime256,130253,train
anime256,130254,train
anime256,130255,train
anime256,130259,train
anime256,130261,test
anime256,130264,train
anime256,130266,test
anime256,130270,train
anime256,130272,train
anime256,130273,train
anime256,130286,train
anime256,130301,train
anime256,130321,train
anime256,130324,train
anime256,130337,test
anime256,130348,train
anime256,130352,train
anime256,130357,train
anime256,130379,test
anime256,130391,train
anime256,130392,train
anime256,130410,train
anime256,130419,train
anime256,130422,train
anime256,130425,test
anime256,130426,train
anime256,130431,train
anime256,130434,validation
anime256,130435,train
anime256,130438,train
anime256,130446,train
anime256,130449,train
anime256,130456,train
anime256,130471,train
anime256,130474,train
anime256,130477,train
anime256,130488,train
anime256,130495,train
anime256,130496,train
anime256,130498,test
anime256,130499,train
anime256,130504,test
anime256,130505,train
anime256,130506,train
anime256,130550,train
anime256,130554,train
anime256,130558,train
anime256,130559,train
anime256,130564,test
anime256,130568,train
anime256,130570,train
anime256,130601,train
anime256,130603,train
anime256,130610,test
anime256,130612,train
anime256,130627,train
anime256,130628,train
anime256,130629,test
anime256,130630,train
anime256,130634,train
anime256,130635,train
anime256,130645,validation
anime256,130650,train
anime256,130684,train
anime256,130714,train
anime256,130717,train
anime256,130718,train
anime256,130724,train
anime256,130730,train
anime256,130742,train
anime256,130744,train
anime256,130745,test
anime256,130747,train
anime256,130748,train
anime256,130750,validation
anime256,130751,train
anime256,130757,test
anime256,130767,train
anime256,130768,train
anime256,130774,train
anime256,130776,test
anime256,130781,train
anime256,133193,train
anime256,133195,train
anime256,133213,train
anime256,133219,train
anime256,133221,train
anime256,133227,test
anime256,133235,train
anime256,133241,train
anime256,133261,train
anime256,133268,train
anime256,133272,train
anime256,133273,train
anime256,133278,test
anime256,133284,train
anime256,133296,train
anime256,133297,train
anime256,133334,train
anime256,133350,train
anime256,133351,train
anime256,133354,train
anime256,133387,train
anime256,133404,train
anime256,133418,train
anime256,133431,train
anime256,133465,test
anime256,133469,train
anime256,133473,train
anime256,133475,train
anime256,133487,test
anime256,133507,train
anime256,133508,train
anime256,133522,train
anime256,133523,train
anime256,133577,train
anime256,133586,train
anime256,133587,validation
anime256,133588,train
anime256,133593,train
anime256,133600,train
anime256,133603,train
anime256,133604,train
anime256,133621,test
anime256,133625,test
anime256,133634,test
anime256,133636,train
anime256,133651,train
anime256,133672,train
anime256,133675,train
anime256,133676,test
anime256,133680,train
anime256,133687,train
anime256,133688,train
anime256,133698,train
anime256,133709,train
anime256,133730,train
anime256,133741,test
anime256,133748,train
anime256,133749,train
anime256,133751,train
anime256,133758,train
anime256,133762,train
anime256,133763,train
anime256,133764,train
anime256,133770,train
anime256,133772,train
anime256,133773,test
anime256,133791,train
anime256,133792,train
anime256,133793,train
anime256,133798,test
anime256,133814,train
anime256,133818,train
anime256,133820,train
anime256,133834,train
anime256,133837,train
anime256,133838,train
anime256,133839,train
anime256,133846,train
anime256,133875,train
anime256,133906,train
anime256,133915,train
anime256,133916,train
anime256,133922,train
anime256,133923,train
anime256,133924,train
anime256,133926,test
anime256,133935,test
anime256,133950,train
anime256,133983,train
anime256,133993,test
anime256,133995,train
anime256,133996,test
anime256,133998,train
anime256,134,train
anime256,134010,train
anime256,134016,validation
anime256,134027,train
anime256,134037,validation
anime256,134042,train
anime256,134049,train
anime256,134050,train
anime256,134072,train
anime256,134078,train
anime256,134081,test
anime256,134088,test
anime256,134093,train
anime256,134103,train
anime256,134106,train
anime256,134112,train
anime256,134113,test
anime256,134115,train
anime256,134116,train
anime256,134118,train
anime256,134123,train
anime256,134127,validation
anime256,134156,train
anime256,134168,train
anime256,134173,train
anime256,134179,train
anime256,134180,train
anime256,13661,test
anime256,136615,train
anime256,136625,test
anime256,136629,train
anime256,136650,train
anime256,136660,train
anime256,136665,train
anime256,136668,test
anime256,136669,test
anime256,136683,validation
anime256,136706,train
anime256,136709,train
anime256,136712,train
anime256,136713,test
anime256,136716,test
anime256,136717,train
anime256,136726,train
anime256,13673,test
anime256,136734,train
anime256,13674,test
anime256,136748,train
anime256,136769,train
anime256,136771,train
anime256,136781,train
anime256,136784,train
anime256,13679,train
anime256,136793,train
anime256,136794,validation
anime256,136818,train
anime256,136830,test
anime256,136835,train
anime256,136836,train
anime256,136842,train
anime256,136844,train
anime256,136857,train
anime256,136876,train
anime256,136882,train
anime256,136886,train
anime256,136900,train
anime256,136901,train
anime256,136902,validation
anime256,136909,train
anime256,136917,test
anime256,136918,train
anime256,136922,validation
anime256,136924,train
anime256,136931,validation
anime256,136939,train
anime256,13694,train
anime256,136943,validation
anime256,136950,train
anime256,136952,train
anime256,136954,validation
anime256,136959,train
anime256,136962,train
anime256,136963,train
anime256,136964,train
anime256,136967,train
anime256,136971,train
anime256,136974,train
anime256,136977,train
anime256,136986,test
anime256,136987,validation
anime256,136993,train
anime256,137001,train
anime256,137004,train
anime256,137037,train
anime256,137038,train
anime256,137061,train
anime256,137067,test
anime256,137073,train
anime256,137076,validation
anime256,137077,train
anime256,137078,train
anime256,137085,train
anime256,137129,train
anime256,137134,train
anime256,137138,train
anime256,137139,train
anime256,137145,train
anime256,137156,train
anime256,13717,validation
anime256,137171,train
anime256,137175,test
anime256,137176,train
anime256,13718,train
anime256,137180,train
anime256,137182,train
anime256,137185,validation
anime256,137193,train
anime256,137199,test
anime256,137204,train
anime256,13721,train
anime256,137216,test
anime256,137251,train
anime256,137257,train
anime256,137261,train
anime256,137264,test
anime256,137282,train
anime256,137283,train
anime256,137284,test
anime256,137285,train
anime256,13730,train
anime256,137304,train
anime256,137305,train
anime256,13731,validation
anime256,13732,train
anime256,137321,validation
anime256,137328,test
anime256,137331,train
anime256,137337,train
anime256,137339,train
anime256,137344,train
anime256,137356,train
anime256,137362,train
anime256,137363,train
anime256,137365,test
anime256,137367,train
anime256,137372,train
anime256,137374,train
anime256,137379,train
anime256,13741,train
anime256,137428,train
anime256,137429,train
anime256,137434,train
anime256,137435,train
anime256,137439,train
anime256,137441,validation
anime256,137445,train
anime256,137446,train
anime256,137448,train
anime256,13745,validation
anime256,137452,train
anime256,137457,train
anime256,137458,train
anime256,13746,train
anime256,137461,test
anime256,137468,test
anime256,13749,train
anime256,13750,train
anime256,137509,train
anime256,13753,test
anime256,137560,train
anime256,137591,test
anime256,137594,train
anime256,13761,train
anime256,13762,train
anime256,13779,train
anime256,13784,train
anime256,13796,train
anime256,138,test
anime256,13801,test
anime256,13806,train
anime256,13809,train
anime256,13813,validation
anime256,13814,train
anime256,13821,train
anime256,13838,train
anime256,13843,train
anime256,13844,test
anime256,13849,train
anime256,13852,train
anime256,13853,train
anime256,13854,train
anime256,13859,train
anime256,13860,train
anime256,13861,test
anime256,13862,train
anime256,13866,train
anime256,13867,validation
anime256,13874,train
anime256,13883,train
anime256,13884,train
anime256,13885,train
anime256,13895,train
anime256,13898,train
anime256,139,train
anime256,13900,train
anime256,13909,test
anime256,13919,test
anime256,13932,train
anime256,13938,train
anime256,13939,train
anime256,13942,test
anime256,13943,train
anime256,13944,train
anime256,13946,train
anime256,13951,train
anime256,13956,train
anime256,13958,train
anime256,13965,validation
anime256,13974,train
anime256,13976,test
anime256,13979,train
anime256,13981,train
anime256,13983,train
anime256,140,train
anime256,140023,train
anime256,14007,train
anime256,140080,validation
anime256,140082,train
anime256,140094,train
anime256,140107,test
anime256,14011,train
anime256,140113,train
anime256,140116,test
anime256,140128,train
anime256,140139,train
anime256,14014,train
anime256,140143,train
anime256,140147,train
anime256,14015,train
anime256,140152,train
anime256,140153,test
anime256,140155,train
anime256,140159,test
anime256,14016,train
anime256,140172,train
anime256,140212,train
anime256,140231,test
anime256,140232,train
anime256,140233,train
anime256,140234,train
anime256,140237,test
anime256,140253,train
anime256,14026,train
anime256,140273,train
anime256,140276,train
anime256,140278,test
anime256,140282,train
anime256,140285,test
anime256,140287,validation
anime256,140288,train
anime256,14029,train
anime256,140295,test
anime256,140296,test
anime256,140297,train
anime256,140299,validation
anime256,14030,train
anime256,140301,train
anime256,140308,train
anime256,140330,train
anime256,140331,validation
anime256,140332,train
anime256,140336,train
anime256,140339,train
anime256,14035,train
anime256,140357,train
anime256,140358,test
anime256,140359,test
anime256,14037,train
anime256,140375,train
anime256,14038,train
anime256,140380,train
anime256,140381,train
anime256,140384,train
anime256,140392,test
anime256,14040,train
anime256,140403,train
anime256,14041,train
anime256,140410,train
anime256,140423,train
anime256,14044,validation
anime256,140445,train
anime256,14046,train
anime256,140463,test
anime256,140464,validation
anime256,140468,train
anime256,140471,train
anime256,140472,train
anime256,140473,train
anime256,140477,train
anime256,140478,train
anime256,14048,train
anime256,140484,train
anime256,140485,train
anime256,14050,train
anime256,140513,test
anime256,140514,train
anime256,140516,train
anime256,140519,train
anime256,14052,train
anime256,140525,train
anime256,140530,validation
anime256,14056,train
anime256,140588,train
anime256,14059,train
anime256,140600,train
anime256,140603,train
anime256,140607,train
anime256,140619,train
anime256,140621,train
anime256,140637,train
anime256,140640,train
anime256,140643,test
anime256,14065,train
anime256,140669,train
anime256,140687,train
anime256,14069,test
anime256,140702,validation
anime256,140707,train
anime256,140709,train
anime256,14071,validation
anime256,140711,test
anime256,140714,validation
anime256,140719,train
anime256,14072,validation
anime256,140721,train
anime256,140722,train
anime256,140729,train
anime256,140739,train
anime256,140758,train
anime256,140759,train
anime256,140760,train
anime256,140764,train
anime256,140767,train
anime256,140769,validation
anime256,140778,train
anime256,140797,test
anime256,140798,train
anime256,140801,train
anime256,140804,train
anime256,140807,train
anime256,140811,train
anime256,140828,train
anime256,140830,train
anime256,140846,train
anime256,140849,train
anime256,140858,train
anime256,140864,train
anime256,140868,train
anime256,14089,test
anime256,140890,train
anime256,140893,train
anime256,140895,test
anime256,140899,train
anime256,140900,test
anime256,140906,train
anime256,140907,train
anime256,140912,train
anime256,140927,train
anime256,140930,train
anime256,140954,train
anime256,140958,train
anime256,140960,test
anime256,14098,train
anime256,140990,train
anime256,140992,train
anime256,140994,train
anime256,141,train
anime256,141006,validation
anime256,141012,train
anime256,141030,test
anime256,14104,test
anime256,141041,train
anime256,14105,train
anime256,14107,validation
anime256,14108,train
anime256,14110,train
anime256,14115,train
anime256,14118,train
anime256,14119,train
anime256,14122,train
anime256,14123,train
anime256,14129,train
anime256,14136,train
anime256,14139,train
anime256,14140,train
anime256,14143,train
anime256,14149,train
anime256,14154,test
anime256,14157,train
anime256,14159,test
anime256,14162,validation
anime256,14167,validation
anime256,14169,train
anime256,14170,train
anime256,14172,validation
anime256,14173,validation
anime256,14176,train
anime256,14177,test
anime256,14178,train
anime256,14180,validation
anime256,14182,test
anime256,14183,train
anime256,14190,test
anime256,14194,train
anime256,14197,train
anime256,14203,test
anime256,14214,train
anime256,14215,train
anime256,14216,train
anime256,14219,train
anime256,14223,validation
anime256,14226,train
anime256,14227,test
anime256,14229,train
anime256,14230,train
anime256,14231,test
anime256,14232,train
anime256,14237,train
anime256,14238,validation
anime256,14243,train
anime256,14244,train
anime256,14246,train
anime256,14250,validation
anime256,14252,train
anime256,14255,train
anime256,14256,train
anime256,14257,train
anime256,14258,train
anime256,14265,train
anime256,14268,train
anime256,14274,test
anime256,14276,train
anime256,14278,train
anime256,14279,train
anime256,14280,train
anime256,14281,train
anime256,14284,train
anime256,14285,validation
anime256,14287,train
anime256,14288,test
anime256,14295,validation
anime256,14296,train
anime256,14300,train
anime256,14302,train
anime256,14306,train
anime256,14308,train
anime256,14310,train
anime256,14311,train
anime256,14312,train
anime256,14317,train
anime256,14320,validation
anime256,14321,train
anime256,14326,test
anime256,14335,train
anime256,14338,train
anime256,14339,train
anime256,143439,train
anime256,14344,train
anime256,14345,train
anime256,143463,train
anime256,143470,train
anime256,143483,train
anime256,14350,train
anime256,143506,train
anime256,143523,test
anime256,143537,train
anime256,143539,train
anime256,143544,train
anime256,143546,validation
anime256,14356,train
anime256,143564,train
anime256,143578,train
anime256,143587,train
anime256,143594,train
anime256,143599,train
anime256,143605,train
anime256,143610,train
anime256,143614,test
anime256,143622,train
anime256,143623,train
anime256,143631,train
anime256,143635,test
anime256,143642,train
anime256,143646,train
anime256,143661,train
anime256,143684,test
anime256,143687,train
anime256,14369,train
anime256,143705,test
anime256,143712,test
anime256,143718,test
anime256,14373,train
anime256,143762,test
anime256,143763,train
anime256,143765,train
anime256,143769,train
anime256,143773,train
anime256,14379,validation
anime256,143792,train
anime256,143800,train
anime256,143808,validation
anime256,143810,train
anime256,143817,train
anime256,14382,train
anime256,143821,train
anime256,143823,train
anime256,143836,test
anime256,143838,train
anime256,143843,train
anime256,143845,train
anime256,143853,validation
anime256,143856,validation
anime256,143857,train
anime256,143866,test
anime256,14387,train
anime256,143880,test
anime256,143894,train
anime256,143895,train
anime256,143900,train
anime256,143902,train
anime256,143911,train
anime256,143912,train
anime256,143925,train
anime256,143926,train
anime256,14393,train
anime256,143931,train
anime256,143935,validation
anime256,143937,validation
anime256,143939,validation
anime256,14394,train
anime256,143940,train
anime256,143954,train
anime256,143957,test
anime256,14396,test
anime256,143971,train
anime256,143976,train
anime256,143980,train
anime256,143981,train
anime256,143983,train
anime256,143987,train
anime256,14399,train
anime256,143998,validation
anime256,144,train
anime256,14400,train
anime256,144002,train
anime256,144005,validation
anime256,144007,train
anime256,144008,train
anime256,14401,train
anime256,144014,train
anime256,144015,train
anime256,144017,train
anime256,14402,train
anime256,144023,test
anime256,144030,train
anime256,144034,train
anime256,144037,test
anime256,144043,test
anime256,144046,validation
anime256,144048,test
anime256,14405,train
anime256,144053,train
anime256,144060,train
anime256,144065,validation
anime256,144068,train
anime256,144069,train
anime256,144076,train
anime256,144091,validation
anime256,144109,train
anime256,144118,validation
anime256,14412,train
anime256,144122,train
anime256,144125,train
anime256,144126,train
anime256,14413,validation
anime256,144131,test
anime256,144132,train
anime256,144133,validation
anime256,14414,test
anime256,144153,validation
anime256,14417,test
anime256,144176,train
anime256,144177,train
anime256,144178,train
anime256,144182,test
anime256,144185,train
anime256,144188,train
anime256,14419,train
anime256,144197,train
anime256,144198,train
anime256,14420,train
anime256,144206,validation
anime256,144213,test
anime256,144217,train
anime256,144219,train
anime256,144222,train
anime256,144228,validation
anime256,144230,train
anime256,144231,train
anime256,144232,train
anime256,144233,train
anime256,144235,train
anime256,144244,test
anime256,144250,train
anime256,144251,test
anime256,144259,train
anime256,144267,train
anime256,144268,train
anime256,144270,train
anime256,144273,train
anime256,144279,train
anime256,144292,validation
anime256,144298,train
anime256,144299,validation
anime256,144302,train
anime256,144303,train
anime256,144304,test
anime256,144305,train
anime256,144317,train
anime256,144321,train
anime256,14433,train
anime256,144337,train
anime256,144339,train
anime256,144344,test
anime256,144353,train
anime256,144360,train
anime256,144365,train
anime256,144367,train
anime256,14437,train
anime256,144370,train
anime256,144379,train
anime256,14438,train
anime256,14439,train
anime256,144404,test
anime256,14441,train
anime256,144415,train
anime256,144421,train
anime256,144435,train
anime256,14444,train
anime256,144441,train
anime256,14445,train
anime256,14446,validation
anime256,14447,train
anime256,14453,train
anime256,14458,train
anime256,14459,train
anime256,14461,train
anime256,14463,train
anime256,14471,train
anime256,14477,train
anime256,14481,test
anime256,14484,train
anime256,14490,train
anime256,14497,train
anime256,14499,train
anime256,14500,train
anime256,14509,train
anime256,14512,validation
anime256,14516,test
anime256,14529,test
anime256,14531,test
anime256,14536,train
anime256,14544,train
anime256,14545,test
anime256,14556,train
anime256,14559,validation
anime256,14570,train
anime256,14580,train
anime256,14583,train
anime256,14587,validation
anime256,14590,train
anime256,14598,test
anime256,14599,train
anime256,14604,train
anime256,146853,train
anime256,146877,train
anime256,146881,test
anime256,146882,train
anime256,146894,test
anime256,146898,train
anime256,146904,train
anime256,146918,test
anime256,146933,train
anime256,146939,test
anime256,146945,validation
anime256,146946,train
anime256,146958,train
anime256,146959,train
anime256,146960,train
anime256,146971,train
anime256,146980,train
anime256,146992,train
anime256,146993,train
anime256,146996,train
anime256,146997,test
anime256,147001,train
anime256,147005,train
anime256,147006,test
anime256,147009,train
anime256,147021,validation
anime256,147026,train
anime256,147035,validation
anime256,147041,validation
anime256,147049,train
anime256,147050,train
anime256,147054,train
anime256,147055,train
anime256,147060,train
anime256,147087,train
anime256,147099,validation
anime256,147103,train
anime256,147110,train
anime256,147125,train
anime256,147128,train
anime256,147142,train
anime256,147152,test
anime256,147154,train
anime256,147167,train
anime256,147170,train
anime256,147172,train
anime256,147184,train
anime256,147187,train
anime256,147232,train
anime256,147248,train
anime256,147273,train
anime256,147282,train
anime256,147287,train
anime256,147290,test
anime256,147296,test
anime256,147301,train
anime256,147315,test
anime256,147328,train
anime256,147335,train
anime256,147336,train
anime256,147340,train
anime256,147342,train
anime256,147346,train
anime256,147347,train
anime256,147348,train
anime256,147349,test
anime256,147350,train
anime256,147353,test
anime256,147358,train
anime256,147365,validation
anime256,147376,train
anime256,147378,validation
anime256,147382,train
anime256,147399,train
anime256,147403,train
anime256,147404,train
anime256,147405,train
anime256,147408,train
anime256,147410,train
anime256,147411,validation
anime256,147415,validation
anime256,147420,train
anime256,147421,train
anime256,147423,train
anime256,147424,train
anime256,147425,test
anime256,147427,train
anime256,147447,train
anime256,147452,validation
anime256,147455,validation
anime256,147457,validation
anime256,147458,train
anime256,147459,train
anime256,147462,test
anime256,147463,validation
anime256,147469,validation
anime256,147472,validation
anime256,147473,test
anime256,147474,test
anime256,147480,train
anime256,147481,train
anime256,147482,test
anime256,147489,train
anime256,147491,train
anime256,147495,train
anime256,147497,train
anime256,147498,train
anime256,147503,train
anime256,147509,train
anime256,147510,train
anime256,147515,train
anime256,147517,train
anime256,147520,train
anime256,147524,train
anime256,147535,train
anime256,147539,train
anime256,147541,train
anime256,147542,train
anime256,147544,train
anime256,147547,train
anime256,147549,train
anime256,147551,train
anime256,147570,train
anime256,147575,train
anime256,147578,test
anime256,147580,train
anime256,147601,train
anime256,147602,validation
anime256,147603,train
anime256,147607,train
anime256,147608,train
anime256,147609,train
anime256,147617,train
anime256,147635,train
anime256,147637,train
anime256,147641,train
anime256,147645,train
anime256,147646,validation
anime256,147656,train
anime256,147657,test
anime256,147662,train
anime256,147676,validation
anime256,147684,train
anime256,147690,test
anime256,147704,train
anime256,147706,train
anime256,147707,test
anime256,147708,train
anime256,147709,train
anime256,147710,train
anime256,147712,train
anime256,147722,train
anime256,147725,train
anime256,147766,train
anime256,147782,train
anime256,147786,train
anime256,147790,train
anime256,147807,train
anime256,147810,train
anime256,147812,test
anime256,147828,train
anime256,147829,test
anime256,147836,train
anime256,147843,test
anime256,147848,train
anime256,147849,train
anime256,147851,train
anime256,15,train
anime256,150266,test
anime256,150270,test
anime256,150273,train
anime256,150278,train
anime256,150303,train
anime256,150327,train
anime256,150330,validation
anime256,150334,train
anime256,150348,train
anime256,150370,train
anime256,150374,test
anime256,150377,test
anime256,150378,train
anime256,150381,train
anime256,150382,train
anime256,150384,train
anime256,150385,train
anime256,150390,test
anime256,150391,train
anime256,150392,train
anime256,150393,train
anime256,150394,train
anime256,150402,train
anime256,150409,train
anime256,150420,train
anime256,150421,train
anime256,150423,train
anime256,150431,train
anime256,150458,train
anime256,150459,train
anime256,150505,train
anime256,150521,train
anime256,150522,train
anime256,150554,train
anime256,150555,train
anime256,150556,test
anime256,150572,train
anime256,150581,train
anime256,150592,train
anime256,150594,train
anime256,150601,train
anime256,150607,validation
anime256,150610,train
anime256,150616,train
anime256,150620,train
anime256,150624,train
anime256,150625,validation
anime256,150627,train
anime256,150640,train
anime256,150652,train
anime256,150655,train
anime256,150662,train
anime256,150665,train
anime256,150701,test
anime256,150714,train
anime256,150719,train
anime256,150721,train
anime256,150727,train
anime256,150729,test
anime256,150730,train
anime256,150735,validation
anime256,150736,train
anime256,150741,train
anime256,150745,train
anime256,150746,train
anime256,150747,validation
anime256,150749,test
anime256,150768,test
anime256,150772,train
anime256,150781,test
anime256,150792,test
anime256,150799,train
anime256,150807,train
anime256,150809,train
anime256,150811,train
anime256,150827,train
anime256,150828,train
anime256,150842,test
anime256,150857,train
anime256,150859,test
anime256,150862,train
anime256,150865,validation
anime256,150870,train
anime256,150871,train
anime256,150874,test
anime256,150879,train
anime256,150881,train
anime256,150882,train
anime256,150889,train
anime256,150890,train
anime256,150892,test
anime256,150896,test
anime256,150897,train
anime256,150904,train
anime256,150905,validation
anime256,150907,test
anime256,150914,train
anime256,150915,test
anime256,150917,train
anime256,150919,train
anime256,150920,train
anime256,150921,train
anime256,150926,validation
anime256,150927,test
anime256,150928,train
anime256,150929,validation
anime256,150931,train
anime256,150933,train
anime256,150937,train
anime256,150943,train
anime256,150944,train
anime256,150954,validation
anime256,150957,train
anime256,150963,test
anime256,150964,validation
anime256,150971,validation
anime256,150973,train
anime256,150975,train
anime256,150976,train
anime256,150980,test
anime256,150984,train
anime256,150986,train
anime256,150987,train
anime256,150994,train
anime256,150997,validation
anime256,150999,validation
anime256,151003,train
anime256,151007,train
anime256,151008,train
anime256,151013,train
anime256,151014,validation
anime256,151015,train
anime256,151019,train
anime256,151020,train
anime256,151030,train
anime256,151035,train
anime256,151036,train
anime256,151038,train
anime256,151042,test
anime256,151049,train
anime256,151051,validation
anime256,151053,train
anime256,151054,train
anime256,151055,train
anime256,151057,train
anime256,151066,train
anime256,151069,validation
anime256,151071,train
anime256,151073,validation
anime256,151074,train
anime256,151075,train
anime256,151078,test
anime256,151088,train
anime256,151089,train
anime256,151116,train
anime256,151141,train
anime256,151143,validation
anime256,151160,test
anime256,151161,train
anime256,151174,train
anime256,151175,train
anime256,151178,train
anime256,151181,test
anime256,151182,train
anime256,151185,train
anime256,151186,test
anime256,151188,train
anime256,151192,train
anime256,151198,train
anime256,151199,train
anime256,151201,train
anime256,151203,train
anime256,151215,train
anime256,151222,train
anime256,153691,train
anime256,153700,train
anime256,153702,train
anime256,153703,train
anime256,153705,test
anime256,153714,train
anime256,153723,train
anime256,153732,train
anime256,153733,validation
anime256,153744,train
anime256,153745,train
anime256,153746,train
anime256,153748,train
anime256,153767,validation
anime256,153777,train
anime256,153790,train
anime256,153797,test
anime256,153804,validation
anime256,153805,train
anime256,153813,train
anime256,153816,train
anime256,153822,train
anime256,153823,train
anime256,153837,validation
anime256,153851,train
anime256,153858,train
anime256,153863,validation
anime256,153866,train
anime256,153869,train
anime256,153870,train
anime256,153875,train
anime256,153889,train
anime256,153894,train
anime256,153926,test
anime256,153931,train
anime256,153936,test
anime256,153950,train
anime256,153957,test
anime256,153967,train
anime256,153993,train
anime256,154,train
anime256,154005,train
anime256,154007,train
anime256,154011,validation
anime256,154015,train
anime256,154050,train
anime256,154055,train
anime256,154080,train
anime256,154081,train
anime256,154090,test
anime256,154094,validation
anime256,154096,train
anime256,154097,train
anime256,154106,test
anime256,154108,train
anime256,154110,validation
anime256,154118,train
anime256,154133,train
anime256,154146,train
anime256,154155,train
anime256,154156,train
anime256,154159,train
anime256,154162,train
anime256,154163,train
anime256,154166,train
anime256,154167,test
anime256,154178,train
anime256,154181,train
anime256,154185,train
anime256,154193,train
anime256,154200,train
anime256,154232,train
anime256,154247,train
anime256,154248,train
anime256,154251,validation
anime256,154252,test
anime256,154257,test
anime256,154260,train
anime256,154273,train
anime256,154296,validation
anime256,154297,train
anime256,154299,train
anime256,154309,train
anime256,154310,validation
anime256,154313,train
anime256,154330,validation
anime256,154332,test
anime256,154333,validation
anime256,154336,train
anime256,154343,train
anime256,154344,train
anime256,154346,train
anime256,154348,train
anime256,154355,train
anime256,154357,train
anime256,154358,validation
anime256,154361,train
anime256,154365,validation
anime256,154367,train
anime256,154379,train
anime256,154390,test
anime256,154394,train
anime256,154408,train
anime256,154410,validation
anime256,154417,train
anime256,154429,validation
anime256,154431,validation
anime256,154439,test
anime256,154441,train
anime256,154446,test
anime256,154450,validation
anime256,154455,train
anime256,154473,train
anime256,154483,train
anime256,154486,train
anime256,154491,test
anime256,154495,train
anime256,154497,train
anime256,154499,train
anime256,154513,test
anime256,154514,train
anime256,154525,train
anime256,154526,train
anime256,154527,test
anime256,154528,train
anime256,154531,train
anime256,154533,validation
anime256,154534,train
anime256,154535,test
anime256,154538,train
anime256,154539,train
anime256,154540,train
anime256,154543,validation
anime256,154544,train
anime256,154545,train
anime256,154547,train
anime256,154555,test
anime256,154570,train
anime256,154571,validation
anime256,154614,train
anime256,154621,train
anime256,154633,test
anime256,154635,train
anime256,154648,train
anime256,154660,train
anime256,154668,test
anime256,154674,train
anime256,154682,test
anime256,157094,train
anime256,157101,train
anime256,157107,train
anime256,157115,train
anime256,157120,train
anime256,157127,train
anime256,157131,train
anime256,157144,train
anime256,157146,train
anime256,157148,train
anime256,157150,train
anime256,157165,train
anime256,157183,train
anime256,157193,test
anime256,157224,train
anime256,157247,test
anime256,157257,train
anime256,157259,train
anime256,157263,train
anime256,157281,train
anime256,157284,train
anime256,157298,train
anime256,157322,validation
anime256,157327,train
anime256,157333,train
anime256,157338,train
anime256,157354,train
anime256,157366,validation
anime256,157387,train
anime256,157390,train
anime256,157395,train
anime256,157404,validation
anime256,157407,test
anime256,157425,test
anime256,157429,train
anime256,157432,train
anime256,157433,validation
anime256,157438,train
anime256,157442,train
anime256,157444,train
anime256,157447,train
anime256,157449,validation
anime256,157451,train
anime256,157454,train
anime256,157469,train
anime256,157478,train
anime256,157487,test
anime256,157496,train
anime256,157497,test
anime256,157511,validation
anime256,157515,test
anime256,157519,train
anime256,157526,train
anime256,157527,train
anime256,157534,train
anime256,157537,train
anime256,157538,validation
anime256,157549,train
anime256,157550,train
anime256,157560,test
anime256,157561,test
anime256,157569,train
anime256,157572,test
anime256,157577,train
anime256,157579,train
anime256,157580,train
anime256,157587,train
anime256,157594,validation
anime256,157595,train
anime256,157599,validation
anime256,157618,train
anime256,157623,train
anime256,157627,train
anime256,157628,train
anime256,157634,train
anime256,157640,validation
anime256,157649,train
anime256,157668,train
anime256,157692,train
anime256,157694,test
anime256,157699,train
anime256,157712,train
anime256,157722,test
anime256,157730,train
anime256,157732,train
anime256,157747,train
anime256,157752,train
anime256,157760,train
anime256,157766,train
anime256,157776,train
anime256,157778,train
anime256,157786,train
anime256,157788,train
anime256,157797,train
anime256,157801,train
anime256,157805,train
anime256,157806,train
anime256,157813,train
anime256,157814,test
anime256,157817,validation
anime256,157820,train
anime256,157828,train
anime256,157834,train
anime256,157835,train
anime256,157840,validation
anime256,157844,train
anime256,157845,train
anime256,157848,train
anime256,157850,validation
anime256,157861,test
anime256,157862,train
anime256,157867,train
anime256,157892,train
anime256,157899,train
anime256,157902,test
anime256,157913,train
anime256,157936,train
anime256,157944,train
anime256,157945,train
anime256,157948,train
anime256,157955,train
anime256,157959,test
anime256,157967,train
anime256,157969,test
anime256,158004,train
anime256,158033,validation
anime256,158054,train
anime256,158106,train
anime256,158125,train
anime256,160512,train
anime256,160519,train
anime256,160547,train
anime256,160550,train
anime256,160551,train
anime256,160552,train
anime256,160553,train
anime256,160557,validation
anime256,160558,train
anime256,160564,train
anime256,160569,validation
anime256,160570,train
anime256,160576,train
anime256,160580,test
anime256,160598,train
anime256,160600,train
anime256,160605,train
anime256,160606,train
anime256,160611,train
anime256,160618,validation
anime256,160639,train
anime256,160647,train
anime256,160648,train
anime256,160650,train
anime256,160655,train
anime256,160668,train
anime256,160675,train
anime256,160687,train
anime256,160688,test
anime256,160689,validation
anime256,160696,validation
anime256,160704,train
anime256,160727,train
anime256,160739,validation
anime256,160758,train
anime256,160763,train
anime256,160771,train
anime256,160780,train
anime256,160811,validation
anime256,160819,train
anime256,160820,train
anime256,160821,train
anime256,160823,train
anime256,160824,train
anime256,160825,train
anime256,160832,validation
anime256,160842,train
anime256,160852,train
anime256,160860,train
anime256,160875,train
anime256,160880,train
anime256,160881,train
anime256,160885,train
anime256,160905,test
anime256,160906,validation
anime256,160909,train
anime256,160913,train
anime256,160915,train
anime256,160929,train
anime256,160930,train
anime256,160938,validation
anime256,160939,train
anime256,160946,train
anime256,160954,train
anime256,160956,train
anime256,160977,validation
anime256,160991,train
anime256,160996,train
anime256,160998,train
anime256,161000,train
anime256,161007,train
anime256,161013,validation
anime256,161017,train
anime256,161023,train
anime256,161029,train
anime256,161030,train
anime256,161040,train
anime256,161044,train
anime256,161052,train
anime256,161053,train
anime256,161055,train
anime256,161059,test
anime256,161061,train
anime256,161110,test
anime256,161118,test
anime256,161129,validation
anime256,161137,test
anime256,161142,validation
anime256,161150,train
anime256,161153,validation
anime256,161154,train
anime256,161161,train
anime256,161165,train
anime256,161183,train
anime256,161184,test
anime256,161192,train
anime256,161193,train
anime256,161194,train
anime256,161213,train
anime256,161223,train
anime256,161232,train
anime256,161234,test
anime256,161240,train
anime256,161268,train
anime256,161269,train
anime256,161279,train
anime256,161280,train
anime256,161281,train
anime256,161283,validation
anime256,161284,train
anime256,161301,train
anime256,161302,train
anime256,161315,train
anime256,161323,train
anime256,161326,test
anime256,161328,train
anime256,161335,test
anime256,161337,test
anime256,161338,train
anime256,161339,train
anime256,161341,validation
anime256,161347,train
anime256,161356,train
anime256,161357,train
anime256,161361,validation
anime256,161384,train
anime256,161385,train
anime256,161390,train
anime256,161392,train
anime256,161395,test
anime256,161397,train
anime256,161399,train
anime256,161400,train
anime256,161417,train
anime256,161431,train
anime256,161432,train
anime256,161439,train
anime256,161464,train
anime256,161466,train
anime256,161467,train
anime256,161468,validation
anime256,161470,train
anime256,161472,train
anime256,161475,train
anime256,161478,train
anime256,161481,test
anime256,161483,train
anime256,162,train
anime256,163932,test
anime256,163945,train
anime256,163954,test
anime256,163974,train
anime256,163979,train
anime256,163980,train
anime256,163985,train
anime256,163994,train
anime256,164,test
anime256,164012,train
anime256,164022,validation
anime256,164027,train
anime256,164032,train
anime256,164033,train
anime256,164036,train
anime256,164037,validation
anime256,164039,train
anime256,164040,train
anime256,164047,train
anime256,164048,test
anime256,164060,train
anime256,164063,train
anime256,164067,train
anime256,164075,validation
anime256,164076,train
anime256,164079,train
anime256,164080,validation
anime256,164085,train
anime256,164087,train
anime256,164090,train
anime256,164091,train
anime256,164097,train
anime256,164134,train
anime256,164167,train
anime256,164168,train
anime256,164169,train
anime256,164173,validation
anime256,164187,validation
anime256,164191,train
anime256,164204,train
anime256,164232,train
anime256,164240,test
anime256,164252,train
anime256,164253,train
anime256,164258,train
anime256,164260,train
anime256,164261,train
anime256,164267,validation
anime256,164268,train
anime256,164269,train
anime256,164283,train
anime256,164288,validation
anime256,164291,train
anime256,164296,train
anime256,164307,train
anime256,164309,train
anime256,164315,train
anime256,164322,train
anime256,164324,train
anime256,164327,test
anime256,164333,test
anime256,164348,train
anime256,164350,train
anime256,164360,train
anime256,164363,train
anime256,164368,train
anime256,164372,train
anime256,164373,test
anime256,164375,train
anime256,164382,train
anime256,164383,train
anime256,164385,train
anime256,164395,test
anime256,164396,validation
anime256,164400,test
anime256,164404,train
anime256,164412,train
anime256,164422,test
anime256,164439,train
anime256,164445,train
anime256,164448,validation
anime256,164465,train
anime256,164466,train
anime256,164467,train
anime256,164481,train
anime256,164482,train
anime256,164483,train
anime256,164490,train
anime256,164496,train
anime256,164502,validation
anime256,164504,validation
anime256,164505,test
anime256,164510,test
anime256,164511,train
anime256,164512,train
anime256,164514,train
anime256,164520,train
anime256,164524,train
anime256,164525,train
anime256,164526,train
anime256,164527,train
anime256,164529,test
anime256,164551,test
anime256,164558,train
anime256,164561,train
anime256,164562,test
anime256,164563,train
anime256,164564,train
anime256,164566,train
anime256,164577,train
anime256,164584,train
anime256,164628,train
anime256,164631,train
anime256,164635,train
anime256,164640,test
anime256,164641,test
anime256,164647,test
anime256,164658,train
anime256,164665,train
anime256,164668,test
anime256,164678,train
anime256,164688,train
anime256,164696,train
anime256,164705,train
anime256,164709,train
anime256,164715,train
anime256,164717,validation
anime256,164719,test
anime256,164731,train
anime256,164732,test
anime256,164736,train
anime256,164744,test
anime256,164747,train
anime256,164764,train
anime256,164770,train
anime256,164773,test
anime256,164776,train
anime256,164777,train
anime256,164778,train
anime256,164784,test
anime256,164792,train
anime256,164807,train
anime256,164819,train
anime256,164827,train
anime256,164844,train
anime256,164868,train
anime256,164874,train
anime256,164875,train
anime256,164876,train
anime256,164881,test
anime256,164887,train
anime256,164889,train
anime256,164891,test
anime256,164893,train
anime256,164894,test
anime256,164896,train
anime256,164898,train
anime256,164899,train
anime256,164901,validation
anime256,164930,train
anime256,164931,train
anime256,164934,train
anime256,167340,train
anime256,167370,train
anime256,167375,train
anime256,167378,train
anime256,167392,test
anime256,167406,train
anime256,167407,train
anime256,167408,train
anime256,167410,train
anime256,167416,train
anime256,167417,train
anime256,167418,validation
anime256,167422,train
anime256,167438,train
anime256,167454,train
anime256,167522,train
anime256,167533,test
anime256,167536,train
anime256,167544,train
anime256,167545,test
anime256,167546,train
anime256,167572,train
anime256,167591,train
anime256,167598,test
anime256,167604,train
anime256,167607,train
anime256,167608,train
anime256,167617,train
anime256,167644,train
anime256,167654,train
anime256,167666,train
anime256,167667,train
anime256,167673,train
anime256,167683,train
anime256,167684,train
anime256,167697,train
anime256,167698,train
anime256,167699,validation
anime256,167704,validation
anime256,167706,test
anime256,167714,test
anime256,167717,train
anime256,167722,train
anime256,167724,train
anime256,167727,test
anime256,167730,train
anime256,167740,train
anime256,167741,train
anime256,167763,train
anime256,167774,train
anime256,167776,train
anime256,167784,test
anime256,167786,train
anime256,167787,test
anime256,167788,train
anime256,167792,train
anime256,167793,train
anime256,167794,train
anime256,167796,train
anime256,167808,train
anime256,167809,test
anime256,167810,test
anime256,167811,validation
anime256,167816,validation
anime256,167851,train
anime256,167852,train
anime256,167856,train
anime256,167865,train
anime256,167871,train
anime256,167875,train
anime256,167885,train
anime256,167886,train
anime256,167891,validation
anime256,167892,train
anime256,167915,test
anime256,167930,validation
anime256,167931,train
anime256,167956,train
anime256,167958,train
anime256,167979,test
anime256,167984,train
anime256,167986,train
anime256,167995,test
anime256,167996,validation
anime256,168001,train
anime256,168007,validation
anime256,168009,train
anime256,168011,test
anime256,168026,train
anime256,168043,train
anime256,168048,train
anime256,168049,train
anime256,168051,train
anime256,168052,validation
anime256,168053,train
anime256,168065,validation
anime256,168066,train
anime256,168070,train
anime256,168071,train
anime256,168076,train
anime256,168078,train
anime256,168081,train
anime256,168082,train
anime256,168086,validation
anime256,168087,train
anime256,168112,test
anime256,168120,train
anime256,168123,test
anime256,168139,train
anime256,168143,validation
anime256,168144,train
anime256,168145,train
anime256,168182,validation
anime256,168190,validation
anime256,168198,train
anime256,168200,train
anime256,168203,train
anime256,168212,train
anime256,168237,validation
anime256,168242,train
anime256,168248,train
anime256,168269,train
anime256,168281,validation
anime256,168286,validation
anime256,168289,train
anime256,168298,validation
anime256,168302,train
anime256,168305,train
anime256,168306,train
anime256,168311,train
anime256,168318,train
anime256,168323,train
anime256,168325,train
anime256,168330,train
anime256,168334,train
anime256,168335,train
anime256,168336,validation
anime256,168339,train
anime256,168341,train
anime256,168343,train
anime256,168345,train
anime256,168352,train
anime256,168353,train
anime256,168363,train
anime256,168365,train
anime256,168366,train
anime256,168367,train
anime256,168368,validation
anime256,17078,train
anime256,170785,train
anime256,170786,validation
anime256,170789,train
anime256,170793,train
anime256,170794,test
anime256,170796,train
anime256,170809,train
anime256,170814,train
anime256,170816,train
anime256,170821,train
anime256,170825,validation
anime256,170831,train
anime256,170834,train
anime256,170838,validation
anime256,170840,test
anime256,170847,train
anime256,170849,train
anime256,170854,train
anime256,170859,train
anime256,17086,validation
anime256,170860,train
anime256,170862,train
anime256,170865,train
anime256,170866,train
anime256,170867,train
anime256,170868,test
anime256,170870,train
anime256,170873,train
anime256,170880,train
anime256,170889,train
anime256,170891,train
anime256,170892,train
anime256,170896,train
anime256,170905,train
anime256,17092,train
anime256,170926,train
anime256,170927,train
anime256,170928,train
anime256,170941,validation
anime256,170943,train
anime256,170944,test
anime256,170948,train
anime256,170953,train
anime256,170956,train
anime256,170957,train
anime256,170958,train
anime256,170959,train
anime256,170962,validation
anime256,170967,train
anime256,170974,validation
anime256,170980,train
anime256,170983,train
anime256,170993,train
anime256,171013,train
anime256,171015,train
anime256,171018,train
anime256,17102,train
anime256,171028,train
anime256,171033,train
anime256,17104,test
anime256,171042,train
anime256,171043,train
anime256,171050,train
anime256,171051,train
anime256,171053,test
anime256,171059,train
anime256,17106,train
anime256,17107,test
anime256,171073,test
anime256,171081,train
anime256,171087,train
anime256,171089,test
anime256,171090,train
anime256,171092,train
anime256,171099,test
anime256,17110,train
anime256,171114,train
anime256,171115,train
anime256,171119,train
anime256,171125,train
anime256,171130,train
anime256,171136,train
anime256,171137,train
anime256,171138,train
anime256,171142,train
anime256,171143,train
anime256,171153,train
anime256,171155,test
anime256,171159,train
anime256,171160,train
anime256,171166,train
anime256,171175,train
anime256,171181,train
anime256,171190,train
anime256,171195,train
anime256,171207,train
anime256,171208,train
anime256,17121,train
anime256,171212,train
anime256,171217,validation
anime256,171222,validation
anime256,171224,train
anime256,171226,train
anime256,171232,train
anime256,171237,train
anime256,171248,train
anime256,17126,train
anime256,171263,train
anime256,17127,test
anime256,171273,train
anime256,171275,test
anime256,171280,train
anime256,171281,train
anime256,171287,train
anime256,17129,train
anime256,171290,train
anime256,171292,train
anime256,171301,train
anime256,171322,train
anime256,171328,train
anime256,171329,test
anime256,171331,train
anime256,171332,train
anime256,171333,train
anime256,171339,train
anime256,171346,train
anime256,171355,train
anime256,171361,train
anime256,171366,train
anime256,17139,train
anime256,17143,train
anime256,171434,train
anime256,171435,train
anime256,171457,train
anime256,171460,train
anime256,171462,validation
anime256,171463,train
anime256,171465,train
anime256,171468,test
anime256,171471,train
anime256,171472,train
anime256,171476,train
anime256,171477,train
anime256,171478,train
anime256,171487,train
anime256,171498,train
anime256,171500,validation
anime256,171503,train
anime256,171507,train
anime256,171516,train
anime256,17152,train
anime256,171527,train
anime256,171528,train
anime256,171531,train
anime256,171532,train
anime256,171545,validation
anime256,171547,train
anime256,17155,test
anime256,171557,train
anime256,171558,train
anime256,171567,validation
anime256,17157,validation
anime256,171577,train
anime256,171578,train
anime256,171579,train
anime256,171580,test
anime256,171582,train
anime256,17159,train
anime256,171591,validation
anime256,171593,train
anime256,171594,train
anime256,171599,train
anime256,17160,validation
anime256,171602,train
anime256,171603,train
anime256,171609,train
anime256,17161,train
anime256,17162,test
anime256,171621,validation
anime256,171622,train
anime256,17163,train
anime256,171638,train
anime256,171659,test
anime256,17166,train
anime256,171661,validation
anime256,171668,train
anime256,171673,validation
anime256,171683,test
anime256,171685,train
anime256,171686,train
anime256,171693,train
anime256,171694,train
anime256,171702,train
anime256,171703,train
anime256,171712,validation
anime256,171714,train
anime256,171716,train
anime256,171718,train
anime256,171723,train
anime256,17173,train
anime256,17176,validation
anime256,17178,train
anime256,17179,validation
anime256,17182,train
anime256,17186,train
anime256,17189,validation
anime256,17194,train
anime256,17201,train
anime256,17207,train
anime256,17209,train
anime256,17210,train
anime256,17213,test
anime256,17222,train
anime256,17225,test
anime256,17226,train
anime256,17228,train
anime256,17233,validation
anime256,17236,train
anime256,17238,train
anime256,17240,train
anime256,17251,train
anime256,17255,train
anime256,17261,train
anime256,17262,train
anime256,17263,validation
anime256,17264,train
anime256,17283,test
anime256,17298,test
anime256,17300,test
anime256,17312,test
anime256,17314,train
anime256,17315,train
anime256,17317,validation
anime256,17321,train
anime256,17332,test
anime256,17360,train
anime256,17361,train
anime256,17369,train
anime256,17374,train
anime256,17381,train
anime256,17388,train
anime256,17393,train
anime256,17394,train
anime256,17397,train
anime256,17400,train
anime256,17406,train
anime256,17413,train
anime256,17414,train
anime256,174184,train
anime256,17420,train
anime256,174203,train
anime256,174210,train
anime256,174220,train
anime256,174222,test
anime256,174223,train
anime256,174227,validation
anime256,174234,validation
anime256,174235,train
anime256,174236,train
anime256,174242,test
anime256,174245,train
anime256,174248,test
anime256,174250,train
anime256,174252,train
anime256,174258,train
anime256,174279,train
anime256,17428,train
anime256,174280,train
anime256,174283,train
anime256,174284,test
anime256,174286,train
anime256,174294,train
anime256,174298,train
anime256,174325,train
anime256,174326,test
anime256,174335,train
anime256,17435,train
anime256,174358,train
anime256,174359,train
anime256,174364,train
anime256,174400,train
anime256,174401,test
anime256,174409,train
anime256,17441,test
anime256,174410,train
anime256,174413,train
anime256,174415,train
anime256,174421,train
anime256,174424,validation
anime256,174432,train
anime256,174434,train
anime256,174436,validation
anime256,174439,test
anime256,174441,train
anime256,174444,test
anime256,174455,train
anime256,174459,train
anime256,17446,train
anime256,174467,train
anime256,174472,validation
anime256,174484,train
anime256,174485,train
anime256,174487,train
anime256,174488,train
anime256,17450,train
anime256,174517,test
anime256,17452,test
anime256,174520,train
anime256,174521,test
anime256,174529,train
anime256,174531,train
anime256,174536,test
anime256,17455,train
anime256,174551,train
anime256,174552,train
anime256,174575,validation
anime256,174576,train
anime256,174579,validation
anime256,174580,train
anime256,17459,train
anime256,17460,train
anime256,174602,train
anime256,174603,test
anime256,174608,train
anime256,174610,test
anime256,174616,train
anime256,17462,train
anime256,174633,test
anime256,174635,test
anime256,174641,train
anime256,174642,train
anime256,174643,train
anime256,174656,train
anime256,174657,train
anime256,174664,train
anime256,174666,train
anime256,174673,test
anime256,17468,train
anime256,174684,train
anime256,174691,train
anime256,174696,train
anime256,174707,train
anime256,174710,test
anime256,174713,test
anime256,174714,train
anime256,174720,train
anime256,174722,test
anime256,174729,validation
anime256,174732,test
anime256,174733,train
anime256,174734,train
anime256,174738,train
anime256,174742,validation
anime256,174744,train
anime256,174745,train
anime256,174747,train
anime256,17475,test
anime256,174756,train
anime256,174764,train
anime256,174779,train
anime256,174786,train
anime256,17479,test
anime256,174797,train
anime256,174798,train
anime256,174814,train
anime256,174815,test
anime256,174819,test
anime256,17483,train
anime256,174831,train
anime256,174833,train
anime256,174834,train
anime256,174839,validation
anime256,174845,validation
anime256,174846,validation
anime256,174848,train
anime256,174851,train
anime256,174859,train
anime256,174861,test
anime256,174862,train
anime256,174863,test
anime256,174864,train
anime256,174869,validation
anime256,174880,train
anime256,174883,test
anime256,174890,train
anime256,174891,train
anime256,174894,train
anime256,174897,validation
anime256,174898,train
anime256,174904,train
anime256,174906,train
anime256,174907,train
anime256,174913,train
anime256,174915,train
anime256,174939,train
anime256,174955,train
anime256,174956,train
anime256,174958,test
anime256,174959,train
anime256,174965,train
anime256,174970,train
anime256,174974,train
anime256,174981,train
anime256,174983,test
anime256,174994,train
anime256,174995,train
anime256,174998,train
anime256,174999,train
anime256,175004,train
anime256,17501,train
anime256,175010,train
anime256,175011,train
anime256,175014,test
anime256,175016,test
anime256,175025,train
anime256,175035,train
anime256,175036,train
anime256,17504,test
anime256,175040,train
anime256,175042,train
anime256,175058,train
anime256,17506,train
anime256,175066,train
anime256,175069,train
anime256,175072,train
anime256,175079,train
anime256,175080,train
anime256,175084,train
anime256,175091,train
anime256,175092,train
anime256,175103,validation
anime256,17511,test
anime256,175110,train
anime256,175111,train
anime256,175112,train
anime256,175115,test
anime256,175116,train
anime256,175122,validation
anime256,175126,train
anime256,175127,test
anime256,17513,test
anime256,175131,validation
anime256,175132,test
anime256,175133,train
anime256,175135,train
anime256,17516,train
anime256,17519,train
anime256,17522,train
anime256,17525,train
anime256,17527,train
anime256,17529,train
anime256,17534,train
anime256,17539,validation
anime256,17541,train
anime256,17543,train
anime256,17546,train
anime256,17549,train
anime256,17551,test
anime256,17555,train
anime256,17563,train
anime256,17566,train
anime256,17571,train
anime256,17574,test
anime256,17576,train
anime256,17578,test
anime256,17580,train
anime256,17582,train
anime256,17594,train
anime256,17597,train
anime256,17598,test
anime256,17601,train
anime256,17605,test
anime256,17610,train
anime256,17613,test
anime256,17614,train
anime256,17616,validation
anime256,17617,train
anime256,17618,train
anime256,17620,validation
anime256,17622,train
anime256,17624,train
anime256,17625,train
anime256,17627,train
anime256,17631,train
anime256,17632,test
anime256,17635,train
anime256,17638,train
anime256,17639,train
anime256,17640,train
anime256,17643,train
anime256,17645,train
anime256,17647,train
anime256,17658,validation
anime256,17660,train
anime256,17662,train
anime256,17664,train
anime256,17665,validation
anime256,17666,train
anime256,17667,test
anime256,17669,train
anime256,17672,train
anime256,17673,train
anime256,17674,train
anime256,17675,train
anime256,17676,train
anime256,17677,train
anime256,17682,train
anime256,17687,test
anime256,17702,train
anime256,17704,test
anime256,17706,train
anime256,17708,train
anime256,17709,train
anime256,17710,train
anime256,17711,test
anime256,17712,test
anime256,17713,train
anime256,17714,train
anime256,17715,train
anime256,17719,train
anime256,17720,train
anime256,17722,train
anime256,17725,train
anime256,17736,train
anime256,17738,train
anime256,17741,train
anime256,17742,train
anime256,17743,test
anime256,17746,train
anime256,17749,train
anime256,17754,train
anime256,17757,train
anime256,177581,train
anime256,177591,train
anime256,17762,test
anime256,177633,train
anime256,177635,train
anime256,17764,train
anime256,177651,train
anime256,177659,train
anime256,177662,test
anime256,177670,train
anime256,17768,train
anime256,177683,train
anime256,177685,test
anime256,177687,train
anime256,177693,test
anime256,177694,train
anime256,177700,train
anime256,177701,train
anime256,177706,train
anime256,17771,train
anime256,177710,validation
anime256,177736,train
anime256,177747,train
anime256,177755,validation
anime256,177756,train
anime256,177763,test
anime256,177765,test
anime256,177766,train
anime256,177768,test
anime256,177771,train
anime256,177783,test
anime256,177784,train
anime256,177785,train
anime256,177791,train
anime256,177804,train
anime256,177807,train
anime256,177808,train
anime256,17781,train
anime256,177810,train
anime256,17782,train
anime256,177868,train
anime256,177869,train
anime256,17787,train
anime256,177871,train
anime256,177877,train
anime256,177901,train
anime256,177908,validation
anime256,177909,train
anime256,17791,train
anime256,177941,train
anime256,177942,train
anime256,177949,train
anime256,177959,train
anime256,177960,train
anime256,177964,train
anime256,177966,train
anime256,17797,train
anime256,177970,train
anime256,177971,train
anime256,177973,train
anime256,177995,test
anime256,178007,validation
anime256,17801,train
anime256,178016,train
anime256,178018,train
anime256,17802,test
anime256,178023,train
anime256,178024,train
anime256,178026,train
anime256,178028,validation
anime256,17803,train
anime256,178042,test
anime256,17806,train
anime256,178064,train
anime256,178065,test
anime256,17807,train
anime256,178074,train
anime256,178078,train
anime256,178080,train
anime256,178081,train
anime256,178082,train
anime256,178083,train
anime256,178085,test
anime256,17809,train
anime256,178093,train
anime256,17810,train
anime256,178114,train
anime256,178115,validation
anime256,178119,train
anime256,178128,train
anime256,178139,train
anime256,178140,train
anime256,178141,train
anime256,178144,validation
anime256,17815,train
anime256,178159,train
anime256,178160,test
anime256,178162,train
anime256,178164,train
anime256,178165,train
anime256,178169,validation
anime256,17818,train
anime256,178183,train
anime256,178186,test
anime256,178187,test
anime256,17819,train
anime256,178199,train
anime256,178200,train
anime256,178208,test
anime256,178216,train
anime256,178219,train
anime256,178221,validation
anime256,17823,train
anime256,178234,train
anime256,178235,validation
anime256,178237,train
anime256,17824,validation
anime256,178243,train
anime256,178245,train
anime256,178248,test
anime256,17825,train
anime256,178252,validation
anime256,178253,validation
anime256,17827,train
anime256,178283,train
anime256,17830,train
anime256,178305,train
anime256,178307,validation
anime256,178309,train
anime256,178318,train
anime256,17832,test
anime256,178320,train
anime256,17833,train
anime256,178334,train
anime256,178336,train
anime256,178339,train
anime256,178345,train
anime256,178348,train
anime256,178352,train
anime256,178353,test
anime256,178355,train
anime256,17836,train
anime256,178361,train
anime256,178364,validation
anime256,178374,train
anime256,178380,train
anime256,178381,train
anime256,178386,train
anime256,178388,train
anime256,17840,test
anime256,178402,test
anime256,178403,train
anime256,178406,train
anime256,178407,train
anime256,178408,validation
anime256,17841,test
anime256,178411,train
anime256,178413,train
anime256,178414,train
anime256,178420,train
anime256,178421,train
anime256,178425,train
anime256,17843,test
anime256,178434,train
anime256,178437,train
anime256,178440,train
anime256,178442,train
anime256,178450,train
anime256,178454,test
anime256,178481,train
anime256,178486,train
anime256,178489,test
anime256,17849,train
anime256,178490,train
anime256,178492,train
anime256,178493,train
anime256,178495,train
anime256,17851,test
anime256,178514,test
anime256,178516,validation
anime256,17852,train
anime256,178521,train
anime256,17853,train
anime256,178535,train
anime256,178544,train
anime256,178546,test
anime256,178549,validation
anime256,178551,train
anime256,178562,train
anime256,178569,train
anime256,178570,train
anime256,17862,train
anime256,17868,train
anime256,17872,test
anime256,17875,validation
anime256,17880,train
anime256,17886,train
anime256,17889,train
anime256,17890,train
anime256,17891,train
anime256,17892,test
anime256,17893,test
anime256,17895,validation
anime256,17896,train
anime256,17898,test
anime256,17899,train
anime256,17912,train
anime256,17914,validation
anime256,17915,train
anime256,17917,train
anime256,17918,train
anime256,17922,train
anime256,17928,train
anime256,17937,train
anime256,17947,train
anime256,17951,train
anime256,181003,train
anime256,181006,train
anime256,181039,train
anime256,181095,train
anime256,181103,train
anime256,181109,train
anime256,181114,train
anime256,181115,validation
anime256,181116,train
anime256,181117,train
anime256,181131,validation
anime256,181133,train
anime256,181135,train
anime256,181136,test
anime256,181139,train
anime256,181150,train
anime256,181155,train
anime256,181160,train
anime256,181165,train
anime256,181166,train
anime256,181169,train
anime256,181172,train
anime256,181174,train
anime256,181195,train
anime256,181209,test
anime256,181212,test
anime256,181213,validation
anime256,181228,train
anime256,181232,train
anime256,181239,train
anime256,181246,train
anime256,181247,train
anime256,181251,train
anime256,181262,train
anime256,181299,train
anime256,181310,train
anime256,181313,train
anime256,181314,train
anime256,181330,train
anime256,181341,train
anime256,181343,train
anime256,181344,train
anime256,181353,train
anime256,181355,train
anime256,181361,train
anime256,181369,train
anime256,181371,train
anime256,181380,train
anime256,181383,validation
anime256,181392,test
anime256,181402,train
anime256,181405,train
anime256,181421,train
anime256,181426,train
anime256,181427,train
anime256,181439,train
anime256,181448,train
anime256,181450,train
anime256,181451,train
anime256,181453,train
anime256,181459,train
anime256,181472,train
anime256,181473,train
anime256,181479,test
anime256,181480,train
anime256,181482,train
anime256,181483,validation
anime256,181486,train
anime256,181487,train
anime256,181491,train
anime256,181492,train
anime256,181493,test
anime256,181495,train
anime256,181497,train
anime256,181498,train
anime256,181500,train
anime256,181510,train
anime256,181522,test
anime256,181524,train
anime256,181526,train
anime256,181529,train
anime256,181531,train
anime256,181540,train
anime256,181541,train
anime256,181555,test
anime256,181556,train
anime256,181558,train
anime256,181594,train
anime256,181596,test
anime256,181598,train
anime256,181623,train
anime256,181626,train
anime256,181630,train
anime256,181642,train
anime256,181645,train
anime256,181655,validation
anime256,181658,test
anime256,181660,test
anime256,181669,train
anime256,181673,train
anime256,181687,train
anime256,181690,test
anime256,181701,train
anime256,181705,train
anime256,181706,test
anime256,181708,train
anime256,181712,test
anime256,181714,test
anime256,181715,test
anime256,181716,train
anime256,181724,train
anime256,181737,train
anime256,181738,train
anime256,181739,train
anime256,181747,train
anime256,181750,train
anime256,181768,train
anime256,181769,validation
anime256,181771,train
anime256,181789,train
anime256,181790,train
anime256,181801,train
anime256,181805,train
anime256,181809,validation
anime256,181821,train
anime256,181826,train
anime256,181827,test
anime256,181831,test
anime256,181832,train
anime256,181833,train
anime256,181835,train
anime256,181836,validation
anime256,181837,train
anime256,181839,train
anime256,181851,train
anime256,181872,test
anime256,181874,train
anime256,181878,train
anime256,181888,train
anime256,181889,train
anime256,181900,train
anime256,181908,train
anime256,181913,train
anime256,181916,train
anime256,181921,train
anime256,181924,validation
anime256,181930,train
anime256,181940,train
anime256,181942,train
anime256,181943,train
anime256,181944,test
anime256,181972,train
anime256,184412,train
anime256,184421,train
anime256,184447,train
anime256,184457,train
anime256,184467,train
anime256,184468,train
anime256,184469,train
anime256,184481,train
anime256,184483,validation
anime256,184486,train
anime256,184491,train
anime256,184494,train
anime256,184497,train
anime256,184506,train
anime256,184508,validation
anime256,184519,train
anime256,184532,validation
anime256,184542,validation
anime256,184548,train
anime256,184555,train
anime256,184569,test
anime256,184580,test
anime256,184582,validation
anime256,184589,train
anime256,184594,test
anime256,184641,train
anime256,184649,train
anime256,184652,test
anime256,184659,test
anime256,184664,train
anime256,184674,train
anime256,184675,train
anime256,184678,train
anime256,184683,train
anime256,184701,train
anime256,184715,train
anime256,184722,train
anime256,184730,train
anime256,184732,train
anime256,184734,train
anime256,184740,train
anime256,184746,train
anime256,184761,train
anime256,184762,train
anime256,184763,train
anime256,184770,train
anime256,184771,test
anime256,184774,train
anime256,184784,train
anime256,184796,validation
anime256,184801,train
anime256,184802,train
anime256,184805,train
anime256,184813,train
anime256,184828,train
anime256,184829,train
anime256,184832,train
anime256,184833,validation
anime256,184838,train
anime256,184843,train
anime256,184848,train
anime256,184850,test
anime256,184851,train
anime256,184852,validation
anime256,184853,train
anime256,184854,validation
anime256,184858,train
anime256,184871,train
anime256,184877,train
anime256,184879,train
anime256,184881,train
anime256,184882,train
anime256,184896,train
anime256,184898,train
anime256,184917,train
anime256,184921,train
anime256,184935,train
anime256,184938,validation
anime256,184944,train
anime256,184947,train
anime256,184951,train
anime256,184952,train
anime256,184956,train
anime256,184978,train
anime256,185006,train
anime256,185022,train
anime256,185026,train
anime256,185033,train
anime256,185047,train
anime256,185050,train
anime256,185062,test
anime256,185068,train
anime256,185096,train
anime256,185097,validation
anime256,185106,validation
anime256,185108,train
anime256,185110,validation
anime256,185111,train
anime256,185112,test
anime256,185113,train
anime256,185115,validation
anime256,185116,train
anime256,185119,train
anime256,185120,test
anime256,185122,train
anime256,185127,train
anime256,185128,train
anime256,185131,train
anime256,185146,test
anime256,185151,train
anime256,185155,train
anime256,185160,train
anime256,185161,train
anime256,185163,train
anime256,185168,train
anime256,185169,test
anime256,185171,validation
anime256,185175,train
anime256,185181,train
anime256,185182,validation
anime256,185202,train
anime256,185204,train
anime256,185205,train
anime256,185211,train
anime256,185241,train
anime256,185251,train
anime256,185263,train
anime256,185264,validation
anime256,185267,test
anime256,185270,test
anime256,185272,train
anime256,185276,train
anime256,185277,train
anime256,185290,train
anime256,185292,train
anime256,185293,train
anime256,185301,train
anime256,185312,train
anime256,185317,test
anime256,185341,train
anime256,185346,train
anime256,185348,train
anime256,185365,train
anime256,185366,train
anime256,185369,train
anime256,185370,train
anime256,185377,train
anime256,185383,test
anime256,185385,train
anime256,185386,train
anime256,185388,train
anime256,185390,train
anime256,185391,train
anime256,185393,train
anime256,185403,train
anime256,185409,train
anime256,185414,train
anime256,185420,train
anime256,185425,train
anime256,187911,train
anime256,187919,train
anime256,187926,train
anime256,187928,test
anime256,187939,validation
anime256,187941,train
anime256,187943,test
anime256,187949,train
anime256,187950,train
anime256,187951,validation
anime256,187972,train
anime256,187973,train
anime256,187981,test
anime256,188030,train
anime256,188036,train
anime256,188043,validation
anime256,188072,test
anime256,188084,train
anime256,188087,test
anime256,188139,train
anime256,188144,validation
anime256,188208,train
anime256,188210,validation
anime256,188213,train
anime256,188221,test
anime256,188223,test
anime256,188264,train
anime256,188269,train
anime256,188276,train
anime256,188280,train
anime256,188291,train
anime256,188293,train
anime256,188294,train
anime256,188303,train
anime256,188309,train
anime256,188310,test
anime256,188317,train
anime256,188322,train
anime256,188328,train
anime256,188359,train
anime256,188360,train
anime256,188362,train
anime256,188364,train
anime256,188365,train
anime256,188375,train
anime256,188377,test
anime256,188378,train
anime256,188380,train
anime256,188381,test
anime256,188382,train
anime256,188384,train
anime256,188386,train
anime256,188391,train
anime256,188392,train
anime256,188393,test
anime256,188394,train
anime256,188400,train
anime256,188438,train
anime256,188439,train
anime256,188449,train
anime256,188454,validation
anime256,188458,validation
anime256,188461,train
anime256,188481,train
anime256,188484,train
anime256,188493,train
anime256,188494,train
anime256,188505,train
anime256,188515,train
anime256,188522,train
anime256,188524,train
anime256,188529,train
anime256,188530,test
anime256,188536,train
anime256,188537,train
anime256,188542,train
anime256,188546,train
anime256,188548,train
anime256,188549,train
anime256,188550,train
anime256,188554,train
anime256,188555,train
anime256,188558,train
anime256,188568,train
anime256,188572,test
anime256,188574,test
anime256,188593,train
anime256,188604,train
anime256,188613,train
anime256,188614,train
anime256,188620,train
anime256,188621,train
anime256,188622,validation
anime256,188629,train
anime256,188636,train
anime256,188638,train
anime256,188640,validation
anime256,188642,train
anime256,188652,train
anime256,188654,train
anime256,188655,train
anime256,188661,train
anime256,188664,train
anime256,188668,validation
anime256,188670,train
anime256,188671,test
anime256,188692,train
anime256,188695,train
anime256,188705,train
anime256,188712,validation
anime256,188713,train
anime256,188714,test
anime256,188724,test
anime256,188738,train
anime256,188740,train
anime256,188750,train
anime256,188754,train
anime256,188760,train
anime256,188762,train
anime256,188767,train
anime256,188770,train
anime256,188788,train
anime256,188816,train
anime256,188817,train
anime256,188826,train
anime256,188831,test
anime256,188848,train
anime256,188869,test
anime256,190,train
anime256,191250,train
anime256,191251,test
anime256,191315,train
anime256,191318,test
anime256,191322,train
anime256,191325,train
anime256,191331,train
anime256,191333,train
anime256,191334,validation
anime256,191337,train
anime256,191338,train
anime256,191340,train
anime256,191344,train
anime256,191352,validation
anime256,191360,train
anime256,191361,train
anime256,191362,train
anime256,191365,validation
anime256,191366,test
anime256,191377,train
anime256,191381,train
anime256,191382,train
anime256,191395,train
anime256,191400,train
anime256,191402,train
anime256,191415,train
anime256,191421,train
anime256,191426,train
anime256,191436,train
anime256,191438,test
anime256,191442,train
anime256,191445,train
anime256,191448,train
anime256,191451,train
anime256,191454,train
anime256,191455,train
anime256,191467,train
anime256,191483,test
anime256,191494,train
anime256,191509,train
anime256,191531,train
anime256,191540,train
anime256,191547,train
anime256,191552,train
anime256,191554,train
anime256,191558,test
anime256,191562,test
anime256,191566,test
anime256,191569,train
anime256,191570,train
anime256,191575,train
anime256,191594,train
anime256,191600,train
anime256,191602,test
anime256,191606,train
anime256,191609,train
anime256,191610,train
anime256,191612,train
anime256,191615,test
anime256,191628,test
anime256,191642,validation
anime256,191644,train
anime256,191647,train
anime256,191650,train
anime256,191651,train
anime256,191652,test
anime256,191660,train
anime256,191663,validation
anime256,191664,train
anime256,191667,test
anime256,191670,train
anime256,191671,train
anime256,191675,train
anime256,191683,train
anime256,191685,train
anime256,191689,train
anime256,191690,validation
anime256,191695,validation
anime256,191697,train
anime256,191698,test
anime256,191701,train
anime256,191702,train
anime256,191718,train
anime256,191723,test
anime256,191724,train
anime256,191725,train
anime256,191727,train
anime256,191728,train
anime256,191729,train
anime256,191730,train
anime256,191731,test
anime256,191732,train
anime256,191740,validation
anime256,191742,train
anime256,191743,validation
anime256,191744,train
anime256,191760,train
anime256,191764,test
anime256,191766,validation
anime256,191769,train
anime256,191772,validation
anime256,191773,train
anime256,191784,train
anime256,191800,train
anime256,191802,train
anime256,191806,train
anime256,191808,train
anime256,191812,train
anime256,191816,train
anime256,191819,test
anime256,191825,train
anime256,191830,train
anime256,191842,train
anime256,191862,train
anime256,191864,train
anime256,191865,validation
anime256,191875,train
anime256,191893,train
anime256,191901,train
anime256,191906,test
anime256,191918,train
anime256,191919,train
anime256,191921,train
anime256,191927,train
anime256,191935,test
anime256,191936,train
anime256,191946,test
anime256,191949,test
anime256,191956,train
anime256,191967,test
anime256,191976,train
anime256,191977,test
anime256,191978,train
anime256,191979,train
anime256,191981,train
anime256,191986,train
anime256,191987,test
anime256,191990,train
anime256,191995,train
anime256,191997,validation
anime256,192003,train
anime256,192016,train
anime256,192018,train
anime256,192023,train
anime256,192024,validation
anime256,192025,train
anime256,192026,test
anime256,192028,train
anime256,192029,validation
anime256,192033,test
anime256,192034,train
anime256,192038,validation
anime256,192041,test
anime256,192049,train
anime256,192056,test
anime256,192058,validation
anime256,192061,train
anime256,192062,train
anime256,192064,train
anime256,192070,train
anime256,192079,test
anime256,192080,test
anime256,192081,train
anime256,192085,train
anime256,192101,validation
anime256,192103,train
anime256,192109,test
anime256,192111,train
anime256,192124,train
anime256,192138,train
anime256,192159,train
anime256,192172,train
anime256,192180,train
anime256,192181,train
anime256,192188,train
anime256,192194,train
anime256,192200,train
anime256,192205,train
anime256,192210,train
anime256,192231,train
anime256,192232,train
anime256,194690,train
anime256,194731,train
anime256,194736,test
anime256,194746,train
anime256,194752,train
anime256,194767,validation
anime256,194770,train
anime256,194775,train
anime256,194778,train
anime256,194780,train
anime256,194781,train
anime256,194782,test
anime256,194784,train
anime256,194785,test
anime256,194787,train
anime256,194788,train
anime256,194790,train
anime256,194791,train
anime256,194792,train
anime256,194797,test
anime256,194813,test
anime256,194835,test
anime256,194840,validation
anime256,194842,train
anime256,194845,train
anime256,194848,train
anime256,194865,validation
anime256,194903,train
anime256,194916,train
anime256,194938,validation
anime256,194943,validation
anime256,194948,train
anime256,194952,train
anime256,194953,train
anime256,194970,train
anime256,194975,validation
anime256,194980,train
anime256,194985,train
anime256,194987,train
anime256,194990,train
anime256,195011,train
anime256,195013,train
anime256,195024,train
anime256,195026,train
anime256,195028,train
anime256,195033,train
anime256,195039,train
anime256,195060,train
anime256,195068,validation
anime256,195071,train
anime256,195077,train
anime256,195086,train
anime256,195089,train
anime256,195098,train
anime256,195099,train
anime256,195104,train
anime256,195107,validation
anime256,195108,train
anime256,195111,train
anime256,195119,test
anime256,195146,validation
anime256,195154,train
anime256,195156,test
anime256,195161,train
anime256,195162,test
anime256,195169,train
anime256,195173,train
anime256,195184,train
anime256,195202,train
anime256,195206,train
anime256,195216,test
anime256,195228,train
anime256,195260,test
anime256,195270,train
anime256,195271,validation
anime256,195272,validation
anime256,195285,train
anime256,195286,validation
anime256,195299,train
anime256,195301,test
anime256,195310,train
anime256,195326,train
anime256,195327,train
anime256,195333,validation
anime256,195334,train
anime256,195347,train
anime256,195348,train
anime256,195352,train
anime256,195355,train
anime256,195357,train
anime256,195358,train
anime256,195362,test
anime256,195363,train
anime256,195368,train
anime256,195369,train
anime256,195376,train
anime256,195382,train
anime256,195386,train
anime256,195399,train
anime256,195401,test
anime256,195404,train
anime256,195417,train
anime256,195418,train
anime256,195423,test
anime256,195434,train
anime256,195436,validation
anime256,195439,train
anime256,195441,test
anime256,195447,train
anime256,195448,train
anime256,195455,train
anime256,195470,train
anime256,195471,train
anime256,195472,test
anime256,195473,train
anime256,195476,validation
anime256,195477,train
anime256,195478,test
anime256,195480,train
anime256,195481,train
anime256,195482,validation
anime256,195487,train
anime256,195489,train
anime256,195493,train
anime256,195501,test
anime256,195503,test
anime256,195504,train
anime256,195510,train
anime256,195514,validation
anime256,195516,test
anime256,195518,train
anime256,195590,train
anime256,195601,train
anime256,195620,test
anime256,195624,train
anime256,195627,train
anime256,195632,validation
anime256,195645,train
anime256,195653,train
anime256,195655,train
anime256,195666,validation
anime256,195672,train
anime256,195676,train
anime256,195681,train
anime256,195686,validation
anime256,195687,train
anime256,198079,train
anime256,198080,train
anime256,198086,train
anime256,198087,test
anime256,198101,train
anime256,198111,train
anime256,198119,test
anime256,198120,train
anime256,198146,train
anime256,198148,train
anime256,198149,test
anime256,198158,train
anime256,198182,train
anime256,198183,train
anime256,198186,train
anime256,198194,train
anime256,198208,test
anime256,198215,train
anime256,198241,test
anime256,198243,train
anime256,198246,train
anime256,198247,train
anime256,198249,train
anime256,198251,train
anime256,198252,train
anime256,198260,test
anime256,198266,train
anime256,198268,train
anime256,198272,train
anime256,198276,train
anime256,198282,test
anime256,198286,test
anime256,198300,train
anime256,198313,train
anime256,198316,train
anime256,198317,train
anime256,198319,train
anime256,198322,train
anime256,198332,train
anime256,198333,train
anime256,198335,train
anime256,198337,train
anime256,198339,train
anime256,198340,train
anime256,198347,train
anime256,198370,train
anime256,198372,train
anime256,198373,test
anime256,198377,train
anime256,198381,train
anime256,198395,test
anime256,198417,train
anime256,198426,train
anime256,198429,train
anime256,198454,train
anime256,198459,test
anime256,198462,train
anime256,198471,test
anime256,198487,train
anime256,198491,validation
anime256,198494,train
anime256,198510,test
anime256,198514,train
anime256,198529,train
anime256,198534,train
anime256,198537,train
anime256,198544,train
anime256,198546,train
anime256,198552,train
anime256,198558,train
anime256,198565,test
anime256,198567,test
anime256,198580,train
anime256,198592,test
anime256,198593,train
anime256,198596,train
anime256,198613,test
anime256,198620,train
anime256,198622,test
anime256,198623,test
anime256,198643,train
anime256,198648,validation
anime256,198651,train
anime256,198653,train
anime256,198657,train
anime256,198659,train
anime256,198671,test
anime256,198679,train
anime256,198681,train
anime256,198682,train
anime256,198683,train
anime256,198685,train
anime256,198686,train
anime256,198688,validation
anime256,198689,train
anime256,198694,train
anime256,198698,train
anime256,198707,train
anime256,198709,train
anime256,198724,test
anime256,198744,train
anime256,198753,test
anime256,198759,train
anime256,198763,train
anime256,198774,validation
anime256,198777,train
anime256,198778,train
anime256,198779,train
anime256,198786,train
anime256,198787,train
anime256,198788,train
anime256,198792,train
anime256,198794,validation
anime256,198797,train
anime256,198800,train
anime256,198802,train
anime256,198803,train
anime256,198806,train
anime256,198807,train
anime256,198812,validation
anime256,198813,train
anime256,198815,train
anime256,198824,train
anime256,198839,validation
anime256,198857,train
anime256,198860,train
anime256,198868,train
anime256,198871,train
anime256,198901,validation
anime256,198904,train
anime256,198905,validation
anime256,198910,train
anime256,198912,train
anime256,198915,train
anime256,198922,train
anime256,198924,train
anime256,198933,train
anime256,198952,test
anime256,198963,train
anime256,198976,train
anime256,198978,test
anime256,198983,train
anime256,198988,validation
anime256,198995,validation
anime256,198999,train
anime256,199018,train
anime256,199030,test
anime256,199040,train
anime256,199043,train
anime256,199046,train
anime256,199049,test
anime256,199052,test
anime256,199070,train
anime256,199075,train
anime256,201515,validation
anime256,201543,test
anime256,201544,train
anime256,201552,test
anime256,201564,train
anime256,201565,train
anime256,201566,validation
anime256,201570,validation
anime256,201572,test
anime256,201580,train
anime256,201591,train
anime256,201592,train
anime256,201607,validation
anime256,201614,train
anime256,201619,train
anime256,201626,train
anime256,201647,train
anime256,201654,train
anime256,201655,train
anime256,201658,train
anime256,201673,train
anime256,201675,train
anime256,201681,train
anime256,201682,train
anime256,201683,train
anime256,201689,train
anime256,201693,train
anime256,201696,train
anime256,201706,train
anime256,201710,train
anime256,201713,train
anime256,201733,train
anime256,201736,train
anime256,201749,train
anime256,201766,train
anime256,201767,train
anime256,201768,train
anime256,201771,train
anime256,201774,train
anime256,201781,train
anime256,201790,train
anime256,201793,train
anime256,201800,train
anime256,201804,train
anime256,201806,train
anime256,201812,train
anime256,201816,train
anime256,201818,train
anime256,201853,train
anime256,201854,test
anime256,201856,train
anime256,201857,train
anime256,201858,train
anime256,201859,train
anime256,201860,test
anime256,201866,train
anime256,201874,train
anime256,201875,test
anime256,201876,train
anime256,201880,train
anime256,201881,test
anime256,201886,test
anime256,201887,train
anime256,201890,train
anime256,201891,train
anime256,201894,train
anime256,201896,test
anime256,201909,train
anime256,201912,test
anime256,201915,test
anime256,201916,train
anime256,201918,train
anime256,201929,train
anime256,201933,train
anime256,201945,train
anime256,201956,train
anime256,201957,train
anime256,201959,test
anime256,201961,test
anime256,201962,train
anime256,201963,test
anime256,201965,train
anime256,201974,train
anime256,201977,validation
anime256,201984,train
anime256,201993,test
anime256,202002,train
anime256,202003,train
anime256,202007,train
anime256,202009,validation
anime256,202012,validation
anime256,202017,train
anime256,202028,train
anime256,202034,train
anime256,202044,train
anime256,202052,test
anime256,202054,train
anime256,202058,train
anime256,202059,train
anime256,202062,train
anime256,202067,test
anime256,202076,train
anime256,202089,train
anime256,202105,train
anime256,202108,train
anime256,202168,test
anime256,202173,train
anime256,202174,validation
anime256,202176,train
anime256,202177,train
anime256,202180,train
anime256,202194,train
anime256,202204,test
anime256,202209,train
anime256,202215,train
anime256,202216,train
anime256,202222,train
anime256,202235,train
anime256,202239,train
anime256,202240,train
anime256,202242,test
anime256,202244,train
anime256,202247,train
anime256,202251,train
anime256,202253,train
anime256,202256,validation
anime256,202257,train
anime256,202260,train
anime256,202269,train
anime256,202291,train
anime256,202295,train
anime256,202296,train
anime256,202300,train
anime256,202301,test
anime256,202302,train
anime256,202303,train
anime256,202307,train
anime256,202318,train
anime256,202325,train
anime256,202329,train
anime256,202330,train
anime256,202334,train
anime256,202335,test
anime256,202336,train
anime256,202340,train
anime256,202348,train
anime256,202360,train
anime256,202363,train
anime256,202366,train
anime256,202367,train
anime256,202374,train
anime256,202408,train
anime256,202430,train
anime256,202433,train
anime256,202438,train
anime256,202452,train
anime256,202470,train
anime256,202472,test
anime256,202473,train
anime256,202476,test
anime256,202485,train
anime256,202488,train
anime256,202492,train
anime256,204905,test
anime256,204908,train
anime256,204957,test
anime256,204959,test
anime256,204982,train
anime256,204988,train
anime256,204989,train
anime256,20499,train
anime256,204991,train
anime256,204994,train
anime256,204996,train
anime256,205001,train
anime256,205003,validation
anime256,205016,validation
anime256,205017,train
anime256,20502,train
anime256,205021,test
anime256,205028,train
anime256,205048,train
anime256,205079,train
anime256,205087,train
anime256,205103,train
anime256,205104,train
anime256,205105,train
anime256,205121,train
anime256,205133,train
anime256,205145,train
anime256,205146,test
anime256,205150,test
anime256,205157,validation
anime256,205158,test
anime256,205161,train
anime256,205171,validation
anime256,205172,train
anime256,205176,train
anime256,205208,train
anime256,205213,validation
anime256,205222,train
anime256,205224,train
anime256,205225,validation
anime256,205227,train
anime256,205228,validation
anime256,205232,train
anime256,205238,train
anime256,205252,train
anime256,205261,test
anime256,205263,train
anime256,205264,train
anime256,205265,train
anime256,205267,test
anime256,205268,train
anime256,205273,test
anime256,205276,test
anime256,205277,train
anime256,205285,train
anime256,205287,train
anime256,205291,train
anime256,205292,train
anime256,205295,train
anime256,205296,train
anime256,205300,train
anime256,205301,train
anime256,20532,train
anime256,205333,test
anime256,205335,train
anime256,205337,train
anime256,205339,validation
anime256,205359,train
anime256,205360,train
anime256,205370,train
anime256,205373,train
anime256,205378,train
anime256,205379,train
anime256,205382,train
anime256,205383,test
anime256,205384,train
anime256,205385,train
anime256,205395,train
anime256,205398,validation
anime256,205404,train
anime256,205407,validation
anime256,205410,train
anime256,205413,train
anime256,205415,train
anime256,205427,train
anime256,205440,train
anime256,205443,train
anime256,205447,train
anime256,205463,test
anime256,205464,train
anime256,205465,validation
anime256,205469,train
anime256,205478,test
anime256,205483,train
anime256,205486,train
anime256,205487,train
anime256,20549,train
anime256,205490,train
anime256,20550,train
anime256,205500,train
anime256,205502,train
anime256,205515,train
anime256,205517,train
anime256,205526,train
anime256,205528,test
anime256,20553,test
anime256,205532,train
anime256,205539,train
anime256,205542,test
anime256,20556,train
anime256,205563,train
anime256,205564,train
anime256,205565,train
anime256,205566,test
anime256,205569,train
anime256,20557,train
anime256,205570,train
anime256,205571,train
anime256,205573,train
anime256,205575,train
anime256,205576,train
anime256,20558,test
anime256,205580,train
anime256,205582,train
anime256,205585,train
anime256,205588,train
anime256,20559,train
anime256,205590,train
anime256,205594,train
anime256,205597,test
anime256,205598,train
anime256,205603,validation
anime256,205604,train
anime256,205605,train
anime256,205606,train
anime256,20561,train
anime256,205628,test
anime256,205633,train
anime256,205634,train
anime256,205637,train
anime256,205638,train
anime256,205645,train
anime256,205658,validation
anime256,205664,train
anime256,205665,train
anime256,205673,validation
anime256,205675,train
anime256,205684,train
anime256,205685,train
anime256,205687,validation
anime256,205688,train
anime256,205690,test
anime256,205692,test
anime256,205695,train
anime256,205697,train
anime256,205701,validation
anime256,205704,train
anime256,205705,train
anime256,205707,train
anime256,20571,train
anime256,205712,train
anime256,20572,train
anime256,205732,train
anime256,205734,train
anime256,205737,train
anime256,205738,train
anime256,205742,train
anime256,205750,train
anime256,205751,validation
anime256,205752,train
anime256,205753,train
anime256,205754,train
anime256,205755,test
anime256,205757,train
anime256,205764,train
anime256,20577,validation
anime256,205783,train
anime256,205790,test
anime256,205799,train
anime256,205817,train
anime256,205818,train
anime256,20582,train
anime256,205832,train
anime256,205834,train
anime256,205845,train
anime256,20585,train
anime256,205863,train
anime256,205872,train
anime256,205887,train
anime256,20589,train
anime256,205890,train
anime256,205894,train
anime256,205898,test
anime256,205903,train
anime256,205907,train
anime256,205909,test
anime256,205910,train
anime256,20593,train
anime256,20599,train
anime256,20600,train
anime256,20628,validation
anime256,20631,validation
anime256,20633,train
anime256,20637,train
anime256,20653,train
anime256,20654,test
anime256,20655,validation
anime256,20663,train
anime256,20668,train
anime256,20671,train
anime256,20672,train
anime256,20673,train
anime256,20675,train
anime256,20689,test
anime256,20692,train
anime256,20697,test
anime256,20706,validation
anime256,20707,train
anime256,20712,train
anime256,20714,validation
anime256,20716,train
anime256,20724,train
anime256,20725,train
anime256,20735,test
anime256,20747,train
anime256,20748,train
anime256,20754,train
anime256,20763,train
anime256,20775,train
anime256,20776,train
anime256,20779,train
anime256,20799,train
anime256,20801,train
anime256,20803,train
anime256,20811,validation
anime256,20830,train
anime256,20831,train
anime256,20832,train
anime256,20833,train
anime256,208330,test
anime256,208335,train
anime256,208344,train
anime256,20835,test
anime256,208361,train
anime256,208364,train
anime256,208372,validation
anime256,208378,test
anime256,20838,train
anime256,208383,train
anime256,20839,train
anime256,208396,train
anime256,208398,train
anime256,20840,train
anime256,208401,train
anime256,208409,train
anime256,20841,validation
anime256,208412,test
anime256,208413,train
anime256,208416,train
anime256,20842,train
anime256,208428,train
anime256,20844,train
anime256,208440,train
anime256,208449,train
anime256,208462,train
anime256,20847,train
anime256,208474,train
anime256,208475,validation
anime256,20848,train
anime256,208485,train
anime256,208487,test
anime256,208495,train
anime256,208524,train
anime256,208527,train
anime256,208539,train
anime256,208541,test
anime256,208546,train
anime256,208552,train
anime256,208563,train
anime256,20857,train
anime256,208576,train
anime256,208605,test
anime256,208613,train
anime256,20862,train
anime256,208622,test
anime256,208628,test
anime256,208630,train
anime256,208633,train
anime256,208639,train
anime256,208641,train
anime256,208648,validation
anime256,208655,test
anime256,208662,test
anime256,208667,train
anime256,208669,validation
anime256,208676,train
anime256,208677,validation
anime256,208682,train
anime256,208686,train
anime256,208697,train
anime256,208706,train
anime256,208708,train
anime256,208719,train
anime256,20872,test
anime256,208721,train
anime256,208734,train
anime256,208735,train
anime256,208754,test
anime256,208755,train
anime256,208761,train
anime256,208767,train
anime256,208769,train
anime256,208770,train
anime256,208776,train
anime256,208779,test
anime256,208785,train
anime256,208790,train
anime256,208795,train
anime256,208799,train
anime256,20880,train
anime256,208802,train
anime256,208804,train
anime256,208814,test
anime256,208820,validation
anime256,208822,test
anime256,208826,train
anime256,208839,train
anime256,20884,train
anime256,208841,train
anime256,208842,train
anime256,208844,train
anime256,208845,train
anime256,208849,test
anime256,20885,train
anime256,208850,train
anime256,208851,train
anime256,208870,train
anime256,208873,train
anime256,208879,test
anime256,208902,train
anime256,208904,train
anime256,208905,train
anime256,208911,train
anime256,208913,validation
anime256,208914,train
anime256,208919,validation
anime256,20892,train
anime256,208928,validation
anime256,208929,train
anime256,208931,train
anime256,208935,train
anime256,208936,train
anime256,208944,train
anime256,208951,train
anime256,208957,validation
anime256,208959,train
anime256,208968,train
anime256,20897,train
anime256,208971,train
anime256,208986,test
anime256,208989,train
anime256,208991,train
anime256,208992,train
anime256,208994,test
anime256,209,train
anime256,209002,validation
anime256,209003,train
anime256,209006,train
anime256,209008,train
anime256,209009,train
anime256,20901,train
anime256,209018,train
anime256,209019,train
anime256,209026,train
anime256,209037,test
anime256,209038,train
anime256,209039,train
anime256,20906,train
anime256,209063,train
anime256,209065,train
anime256,209070,test
anime256,209081,train
anime256,20909,test
anime256,209098,train
anime256,209099,train
anime256,20910,train
anime256,209108,test
anime256,209109,validation
anime256,209118,validation
anime256,209120,train
anime256,209125,train
anime256,209130,train
anime256,209132,train
anime256,209140,train
anime256,209143,train
anime256,209153,train
anime256,209155,train
anime256,209173,test
anime256,209178,train
anime256,209179,train
anime256,209180,train
anime256,209197,train
anime256,209200,train
anime256,209234,train
anime256,209236,validation
anime256,209246,train
anime256,209247,train
anime256,20925,train
anime256,209255,train
anime256,209257,train
anime256,209260,validation
anime256,209262,test
anime256,20927,train
anime256,20928,train
anime256,209280,train
anime256,209281,test
anime256,209286,train
anime256,209299,train
anime256,209300,test
anime256,209301,train
anime256,209305,train
anime256,209309,train
anime256,209312,train
anime256,20943,train
anime256,20946,train
anime256,20947,train
anime256,20951,train
anime256,20956,test
anime256,20957,train
anime256,20958,train
anime256,20964,train
anime256,20972,train
anime256,20973,train
anime256,20974,train
anime256,20989,train
anime256,20996,train
anime256,20997,train
anime256,20999,validation
anime256,21006,validation
anime256,21007,test
anime256,21010,train
anime256,21027,train
anime256,21028,train
anime256,21029,train
anime256,21030,train
anime256,21034,train
anime256,21037,test
anime256,21039,train
anime256,21046,train
anime256,21050,train
anime256,21052,train
anime256,21061,train
anime256,21069,train
anime256,21074,test
anime256,21082,train
anime256,21083,train
anime256,21090,train
anime256,21091,train
anime256,21092,train
anime256,21094,test
anime256,21095,train
anime256,21096,train
anime256,21097,train
anime256,21104,validation
anime256,21105,validation
anime256,21107,train
anime256,21114,test
anime256,21115,train
anime256,21119,validation
anime256,21121,train
anime256,21123,train
anime256,21125,train
anime256,21130,train
anime256,21132,train
anime256,21134,train
anime256,21139,train
anime256,21140,train
anime256,21142,train
anime256,21151,test
anime256,21157,train
anime256,21167,train
anime256,21169,train
anime256,21174,train
anime256,211741,validation
anime256,211754,train
anime256,211777,train
anime256,211780,train
anime256,211784,train
anime256,211785,train
anime256,211787,train
anime256,21180,validation
anime256,211800,train
anime256,211819,train
anime256,21182,train
anime256,211825,train
anime256,211833,train
anime256,211840,train
anime256,211841,train
anime256,211857,train
anime256,211858,train
anime256,211870,train
anime256,211877,train
anime256,211883,train
anime256,211899,train
anime256,211910,train
anime256,211911,train
anime256,211912,train
anime256,211922,train
anime256,211923,train
anime256,211952,train
anime256,21196,train
anime256,211965,train
anime256,211966,train
anime256,211967,train
anime256,21197,validation
anime256,211972,train
anime256,211977,validation
anime256,211979,test
anime256,21198,validation
anime256,211986,train
anime256,211989,train
anime256,211991,train
anime256,211997,train
anime256,211999,train
anime256,21200,train
anime256,212009,test
anime256,21201,train
anime256,212019,train
anime256,21202,train
anime256,212020,train
anime256,212021,test
anime256,212023,train
anime256,212026,train
anime256,212030,train
anime256,212046,train
anime256,212049,train
anime256,212068,train
anime256,212074,train
anime256,212078,test
anime256,212095,train
anime256,212102,train
anime256,212107,train
anime256,212109,test
anime256,212111,train
anime256,212112,train
anime256,212122,validation
anime256,212123,train
anime256,212124,train
anime256,212127,train
anime256,212129,train
anime256,212130,test
anime256,212131,train
anime256,212132,train
anime256,212135,train
anime256,212136,train
anime256,212137,train
anime256,212164,train
anime256,212165,train
anime256,21218,train
anime256,212181,test
anime256,212202,validation
anime256,212204,train
anime256,212205,test
anime256,212210,train
anime256,212215,train
anime256,212216,train
anime256,212224,test
anime256,21223,train
anime256,212231,train
anime256,212237,test
anime256,212240,train
anime256,212256,train
anime256,212271,train
anime256,212273,train
anime256,212276,test
anime256,212277,train
anime256,212286,train
anime256,212320,train
anime256,212327,train
anime256,212328,train
anime256,21233,train
anime256,212340,train
anime256,212344,train
anime256,212346,train
anime256,212348,train
anime256,212365,train
anime256,212368,train
anime256,21237,test
anime256,212379,train
anime256,21238,validation
anime256,212383,validation
anime256,212391,test
anime256,212396,test
anime256,21240,train
anime256,212400,train
anime256,21241,train
anime256,21242,train
anime256,212424,test
anime256,212435,train
anime256,212438,train
anime256,212444,train
anime256,212445,train
anime256,212456,train
anime256,21246,test
anime256,212472,train
anime256,212479,test
anime256,21248,train
anime256,212488,train
anime256,212494,validation
anime256,212496,train
anime256,212497,train
anime256,212499,test
anime256,21250,validation
anime256,212501,train
anime256,212506,train
anime256,212508,train
anime256,21251,validation
anime256,212515,train
anime256,212516,test
anime256,212517,train
anime256,21252,test
anime256,212521,test
anime256,212522,train
anime256,212524,test
anime256,21253,train
anime256,212534,train
anime256,212535,train
anime256,212538,train
anime256,212544,validation
anime256,212545,train
anime256,212557,train
anime256,212558,train
anime256,212559,train
anime256,21256,train
anime256,212562,test
anime256,212566,train
anime256,212576,train
anime256,21258,train
anime256,21259,train
anime256,212591,test
anime256,212594,train
anime256,212606,validation
anime256,21263,train
anime256,212631,train
anime256,21264,train
anime256,21266,train
anime256,21267,train
anime256,212672,train
anime256,212677,train
anime256,21268,test
anime256,212683,test
anime256,212688,train
anime256,212690,train
anime256,212692,train
anime256,212693,train
anime256,212695,train
anime256,212700,train
anime256,212702,train
anime256,212705,test
anime256,212708,train
anime256,212717,train
anime256,212724,test
anime256,212737,train
anime256,212739,train
anime256,212741,test
anime256,212743,train
anime256,212744,train
anime256,21278,train
anime256,21284,train
anime256,21296,train
anime256,21299,train
anime256,21302,train
anime256,21305,validation
anime256,21307,train
anime256,21309,train
anime256,21313,train
anime256,21315,test
anime256,21319,train
anime256,21325,train
anime256,21326,train
anime256,21327,train
anime256,21333,train
anime256,21342,train
anime256,21344,train
anime256,21348,train
anime256,21350,train
anime256,21351,train
anime256,21355,validation
anime256,21358,train
anime256,21359,train
anime256,21361,train
anime256,21363,train
anime256,21365,train
anime256,21366,validation
anime256,21369,train
anime256,21373,train
anime256,21374,train
anime256,21376,train
anime256,21377,train
anime256,21378,train
anime256,21379,train
anime256,21380,train
anime256,21383,train
anime256,21386,test
anime256,21387,test
anime256,21389,validation
anime256,21390,test
anime256,21395,validation
anime256,21401,test
anime256,21402,test
anime256,21406,validation
anime256,21411,test
anime256,215166,train
anime256,215169,train
anime256,215180,train
anime256,215188,train
anime256,215189,test
anime256,215195,train
anime256,215196,train
anime256,215202,train
anime256,215219,train
anime256,215235,test
anime256,215237,train
anime256,215240,train
anime256,215254,train
anime256,215274,train
anime256,215276,test
anime256,215279,test
anime256,215294,validation
anime256,215296,train
anime256,215308,test
anime256,215318,test
anime256,215322,test
anime256,215329,validation
anime256,215336,test
anime256,215348,train
anime256,215364,test
anime256,215417,train
anime256,215431,test
anime256,215474,test
anime256,215481,train
anime256,215484,train
anime256,215491,train
anime256,215494,train
anime256,215496,train
anime256,215498,train
anime256,215504,train
anime256,215525,validation
anime256,215527,train
anime256,215534,train
anime256,215539,train
anime256,215548,train
anime256,215558,validation
anime256,215560,train
anime256,215568,train
anime256,215584,train
anime256,215586,train
anime256,215590,train
anime256,215608,train
anime256,215620,train
anime256,215623,train
anime256,215632,train
anime256,215647,train
anime256,215657,train
anime256,215659,test
anime256,215660,train
anime256,215675,train
anime256,215695,train
anime256,215715,validation
anime256,215720,train
anime256,215724,train
anime256,215734,train
anime256,215741,train
anime256,215742,train
anime256,215769,train
anime256,215777,validation
anime256,215785,train
anime256,215792,train
anime256,215794,train
anime256,215804,validation
anime256,215807,test
anime256,215808,train
anime256,215809,train
anime256,215810,train
anime256,215812,test
anime256,215853,train
anime256,215860,train
anime256,215862,train
anime256,215874,train
anime256,215884,train
anime256,215900,train
anime256,215908,train
anime256,215909,test
anime256,215913,train
anime256,215918,test
anime256,215921,train
anime256,215922,validation
anime256,215923,train
anime256,215924,train
anime256,215931,train
anime256,215932,validation
anime256,215960,train
anime256,215961,test
anime256,215984,train
anime256,216008,train
anime256,216015,train
anime256,216018,train
anime256,216026,train
anime256,216029,train
anime256,216036,train
anime256,216038,train
anime256,216048,train
anime256,216049,train
anime256,216052,train
anime256,216061,train
anime256,216070,train
anime256,216075,train
anime256,216086,train
anime256,216103,train
anime256,216109,train
anime256,216111,train
anime256,216114,train
anime256,216122,test
anime256,216144,train
anime256,216148,train
anime256,216151,train
anime256,216164,train
anime256,216168,train
anime256,216174,train
anime256,218564,train
anime256,218578,train
anime256,218581,validation
anime256,218592,train
anime256,218593,train
anime256,218597,train
anime256,218619,validation
anime256,218623,validation
anime256,218642,train
anime256,218643,train
anime256,218652,test
anime256,218662,test
anime256,218666,validation
anime256,218680,train
anime256,218689,train
anime256,218693,validation
anime256,218709,train
anime256,218728,train
anime256,218732,train
anime256,218733,test
anime256,218743,test
anime256,218754,train
anime256,218755,train
anime256,218759,test
anime256,218766,test
anime256,218767,train
anime256,218784,train
anime256,218827,train
anime256,218873,train
anime256,218885,train
anime256,218893,train
anime256,218900,test
anime256,218901,train
anime256,218915,train
anime256,218933,train
anime256,218939,train
anime256,218941,test
anime256,218942,test
anime256,218963,train
anime256,218964,train
anime256,218965,train
anime256,218969,test
anime256,218971,train
anime256,218984,validation
anime256,218985,test
anime256,218993,validation
anime256,218997,test
anime256,219021,validation
anime256,219027,validation
anime256,219045,train
anime256,219061,train
anime256,219062,train
anime256,219063,test
anime256,219064,train
anime256,219068,train
anime256,219075,test
anime256,219078,train
anime256,219079,train
anime256,219094,train
anime256,219095,train
anime256,219096,train
anime256,219101,train
anime256,219124,train
anime256,219131,train
anime256,219139,test
anime256,219143,train
anime256,219152,train
anime256,219162,train
anime256,219185,train
anime256,219188,validation
anime256,219193,train
anime256,219194,train
anime256,219208,train
anime256,219214,validation
anime256,219218,test
anime256,219221,test
anime256,219228,train
anime256,219232,validation
anime256,219244,train
anime256,219248,train
anime256,219249,train
anime256,219261,train
anime256,219266,train
anime256,219267,train
anime256,219269,train
anime256,219277,validation
anime256,219278,test
anime256,219281,test
anime256,219285,train
anime256,219286,train
anime256,219287,train
anime256,219288,train
anime256,219289,train
anime256,219290,train
anime256,219291,test
anime256,219298,train
anime256,219300,test
anime256,219301,train
anime256,219308,train
anime256,219314,train
anime256,219315,train
anime256,219316,train
anime256,219322,train
anime256,219325,train
anime256,219327,validation
anime256,219351,train
anime256,219362,train
anime256,219364,train
anime256,219365,train
anime256,219366,train
anime256,219372,train
anime256,219380,train
anime256,219384,validation
anime256,219385,train
anime256,219389,train
anime256,219390,train
anime256,219392,train
anime256,219395,train
anime256,219396,validation
anime256,219398,train
anime256,219399,train
anime256,219405,train
anime256,219406,train
anime256,219411,test
anime256,219413,test
anime256,219419,test
anime256,219424,train
anime256,219425,train
anime256,219429,test
anime256,219432,validation
anime256,219433,train
anime256,219439,train
anime256,219444,train
anime256,219489,test
anime256,219492,validation
anime256,219497,train
anime256,219516,validation
anime256,219523,train
anime256,219524,train
anime256,219527,train
anime256,219531,train
anime256,219532,train
anime256,219533,validation
anime256,219537,train
anime256,219546,train
anime256,219550,validation
anime256,219561,train
anime256,219575,validation
anime256,219577,test
anime256,219578,train
anime256,219579,train
anime256,219581,validation
anime256,219582,train
anime256,219585,train
anime256,219591,train
anime256,219594,train
anime256,221980,train
anime256,221983,validation
anime256,222004,train
anime256,222005,train
anime256,222007,train
anime256,222011,train
anime256,222027,train
anime256,222034,train
anime256,222041,train
anime256,222042,train
anime256,222051,test
anime256,222052,validation
anime256,222053,train
anime256,222059,train
anime256,222060,train
anime256,222063,train
anime256,222065,validation
anime256,222069,train
anime256,222073,train
anime256,222074,train
anime256,222089,train
anime256,222093,train
anime256,222097,validation
anime256,222098,train
anime256,222100,train
anime256,222127,train
anime256,222132,train
anime256,222136,train
anime256,222139,test
anime256,222143,train
anime256,222152,validation
anime256,222163,train
anime256,222167,train
anime256,222168,train
anime256,222183,train
anime256,222220,train
anime256,222222,train
anime256,222235,test
anime256,222246,train
anime256,222268,validation
anime256,222277,train
anime256,222301,train
anime256,222311,train
anime256,222312,train
anime256,222318,train
anime256,222334,train
anime256,222335,train
anime256,222336,train
anime256,222338,train
anime256,222363,train
anime256,222364,train
anime256,222382,train
anime256,222384,train
anime256,222396,train
anime256,222397,validation
anime256,222409,train
anime256,222414,train
anime256,222420,train
anime256,222436,train
anime256,222442,train
anime256,222448,validation
anime256,222452,train
anime256,222455,test
anime256,222456,train
anime256,222462,train
anime256,222464,train
anime256,222471,train
anime256,222479,test
anime256,222484,validation
anime256,222489,train
anime256,222496,validation
anime256,222503,train
anime256,222505,test
anime256,222506,train
anime256,222509,train
anime256,222529,train
anime256,222535,test
anime256,222539,train
anime256,222543,test
anime256,222547,train
anime256,222548,train
anime256,222581,train
anime256,222586,train
anime256,222590,train
anime256,222591,validation
anime256,222592,validation
anime256,222599,train
anime256,222608,train
anime256,222614,test
anime256,222616,train
anime256,222622,train
anime256,222627,train
anime256,222631,train
anime256,222633,train
anime256,222634,train
anime256,222638,validation
anime256,222639,test
anime256,222650,train
anime256,222652,train
anime256,222659,train
anime256,222661,train
anime256,222662,train
anime256,222665,train
anime256,222673,train
anime256,222674,train
anime256,222676,train
anime256,222683,train
anime256,222691,train
anime256,222697,train
anime256,222698,test
anime256,222699,test
anime256,222704,test
anime256,222709,test
anime256,222713,train
anime256,222751,train
anime256,222755,train
anime256,222756,train
anime256,222760,test
anime256,222785,train
anime256,222790,train
anime256,222791,train
anime256,222802,train
anime256,222804,test
anime256,222806,train
anime256,222809,test
anime256,222812,test
anime256,222824,test
anime256,222827,train
anime256,222837,train
anime256,222838,train
anime256,222839,test
anime256,222862,train
anime256,222886,train
anime256,222894,train
anime256,222905,train
anime256,222906,train
anime256,222910,train
anime256,222949,train
anime256,222955,train
anime256,222964,train
anime256,222966,train
anime256,222967,validation
anime256,222970,train
anime256,222971,train
anime256,222972,test
anime256,222973,train
anime256,222988,train
anime256,225432,train
anime256,225438,train
anime256,225439,test
anime256,225440,train
anime256,225462,train
anime256,225463,train
anime256,225480,train
anime256,225489,test
anime256,225490,train
anime256,225501,test
anime256,225506,train
anime256,225508,train
anime256,225513,train
anime256,225523,train
anime256,225535,train
anime256,225543,train
anime256,225548,train
anime256,225549,train
anime256,225565,train
anime256,225579,train
anime256,225581,test
anime256,225594,train
anime256,225602,train
anime256,225614,train
anime256,225632,train
anime256,225636,train
anime256,225648,train
anime256,225671,train
anime256,225694,train
anime256,225704,train
anime256,225706,test
anime256,225707,train
anime256,225719,train
anime256,225723,validation
anime256,225731,train
anime256,225736,train
anime256,225737,train
anime256,225750,train
anime256,225751,train
anime256,225754,train
anime256,225763,train
anime256,225764,train
anime256,225779,train
anime256,225789,train
anime256,225790,train
anime256,225800,train
anime256,225828,train
anime256,225832,train
anime256,225849,train
anime256,225852,validation
anime256,225854,train
anime256,225858,train
anime256,225861,train
anime256,225871,train
anime256,225873,train
anime256,225884,train
anime256,225896,train
anime256,225901,train
anime256,225902,train
anime256,225907,train
anime256,225923,train
anime256,225924,train
anime256,225926,train
anime256,225936,train
anime256,225941,train
anime256,225947,train
anime256,225949,train
anime256,225953,train
anime256,225954,validation
anime256,225955,train
anime256,225956,train
anime256,225957,train
anime256,225960,test
anime256,225962,validation
anime256,225966,train
anime256,225968,train
anime256,225971,train
anime256,225972,train
anime256,225974,train
anime256,225977,train
anime256,226016,train
anime256,226017,test
anime256,226036,train
anime256,226040,train
anime256,226041,test
anime256,226052,train
anime256,226054,train
anime256,226059,train
anime256,226068,train
anime256,226090,train
anime256,226091,train
anime256,226093,validation
anime256,226096,train
anime256,226112,test
anime256,226115,train
anime256,226119,train
anime256,226121,train
anime256,226127,train
anime256,226128,test
anime256,226133,train
anime256,226139,train
anime256,226149,train
anime256,226153,test
anime256,226154,train
anime256,226156,train
anime256,226157,train
anime256,226159,train
anime256,226160,train
anime256,226164,train
anime256,226171,validation
anime256,226189,train
anime256,226197,train
anime256,226198,train
anime256,226211,test
anime256,226212,validation
anime256,226219,train
anime256,226228,train
anime256,226230,train
anime256,226234,train
anime256,226235,train
anime256,226236,validation
anime256,226237,train
anime256,226263,train
anime256,226264,train
anime256,226267,train
anime256,226272,validation
anime256,226279,test
anime256,226299,train
anime256,226302,train
anime256,226306,train
anime256,226307,train
anime256,226312,train
anime256,226319,train
anime256,226322,test
anime256,226324,train
anime256,226332,test
anime256,226338,train
anime256,226344,train
anime256,226354,test
anime256,226357,train
anime256,226379,train
anime256,226385,train
anime256,226386,validation
anime256,226394,train
anime256,226396,train
anime256,226397,train
anime256,228807,train
anime256,228808,test
anime256,228839,train
anime256,228840,train
anime256,228866,train
anime256,228868,train
anime256,228871,train
anime256,228878,train
anime256,228919,validation
anime256,228923,test
anime256,228924,train
anime256,228931,train
anime256,228951,train
anime256,228953,train
anime256,228957,train
anime256,228958,train
anime256,228959,train
anime256,228984,train
anime256,228999,train
anime256,229001,train
anime256,229015,train
anime256,229016,train
anime256,229017,train
anime256,229020,train
anime256,229021,train
anime256,229022,train
anime256,229025,test
anime256,229027,train
anime256,229031,train
anime256,229035,train
anime256,229065,train
anime256,229067,train
anime256,229089,validation
anime256,229097,train
anime256,229099,test
anime256,229101,train
anime256,229102,train
anime256,229110,train
anime256,229111,train
anime256,229118,train
anime256,229121,train
anime256,229129,train
anime256,229156,train
anime256,229158,validation
anime256,229176,train
anime256,229180,train
anime256,229181,train
anime256,229185,train
anime256,229219,train
anime256,229225,train
anime256,229228,test
anime256,229242,train
anime256,229264,train
anime256,229275,validation
anime256,229278,train
anime256,229280,validation
anime256,229289,train
anime256,229290,train
anime256,229293,train
anime256,229311,validation
anime256,229314,train
anime256,229316,train
anime256,229321,test
anime256,229325,test
anime256,229326,train
anime256,229332,test
anime256,229341,train
anime256,229344,train
anime256,229352,train
anime256,229358,train
anime256,229373,train
anime256,229380,validation
anime256,229393,test
anime256,229399,train
anime256,229402,train
anime256,229409,train
anime256,229410,train
anime256,229429,train
anime256,229431,train
anime256,229435,train
anime256,229436,validation
anime256,229442,train
anime256,229452,train
anime256,229454,train
anime256,229458,train
anime256,229461,train
anime256,229464,train
anime256,229469,train
anime256,229496,train
anime256,229499,test
anime256,229501,train
anime256,229504,train
anime256,229508,train
anime256,229510,validation
anime256,229526,train
anime256,229527,train
anime256,229529,train
anime256,229531,test
anime256,229537,validation
anime256,229542,train
anime256,229546,test
anime256,229548,train
anime256,229559,test
anime256,229593,train
anime256,229596,train
anime256,229597,validation
anime256,229603,train
anime256,229608,train
anime256,229612,train
anime256,229615,train
anime256,229627,train
anime256,229639,train
anime256,229640,train
anime256,229641,validation
anime256,229652,train
anime256,229664,train
anime256,229666,test
anime256,229668,train
anime256,229676,train
anime256,229678,train
anime256,229679,train
anime256,229684,test
anime256,229685,validation
anime256,229702,train
anime256,229703,test
anime256,229720,train
anime256,229721,train
anime256,229730,train
anime256,229736,train
anime256,229739,train
anime256,229740,validation
anime256,229742,train
anime256,229743,train
anime256,229772,test
anime256,229807,train
anime256,229808,train
anime256,229829,train
anime256,229836,train
anime256,229856,test
anime256,230,train
anime256,232238,train
anime256,232239,train
anime256,232256,train
anime256,232279,train
anime256,232281,test
anime256,232292,train
anime256,232298,train
anime256,232300,test
anime256,232302,train
anime256,232303,train
anime256,232307,train
anime256,232318,train
anime256,232328,train
anime256,232330,train
anime256,232345,train
anime256,232354,test
anime256,232365,train
anime256,232377,validation
anime256,232435,train
anime256,232443,train
anime256,232453,test
anime256,232454,train
anime256,232456,train
anime256,232457,validation
anime256,232458,train
anime256,232462,train
anime256,232479,train
anime256,232480,train
anime256,232482,test
anime256,232500,train
anime256,232502,train
anime256,232503,train
anime256,232504,test
anime256,232510,train
anime256,232518,test
anime256,232524,validation
anime256,232529,train
anime256,232536,test
anime256,232539,train
anime256,232554,test
anime256,232563,train
anime256,232583,test
anime256,232589,train
anime256,232592,train
anime256,232626,test
anime256,232630,train
anime256,232641,train
anime256,232647,train
anime256,232650,train
anime256,232657,train
anime256,232665,test
anime256,232670,train
anime256,232673,train
anime256,232678,train
anime256,232679,train
anime256,232683,train
anime256,232685,train
anime256,232686,test
anime256,232688,train
anime256,232690,train
anime256,232691,validation
anime256,232692,train
anime256,232693,train
anime256,232703,train
anime256,232706,validation
anime256,232709,train
anime256,232716,validation
anime256,232718,train
anime256,232725,validation
anime256,232736,train
anime256,232763,train
anime256,232788,train
anime256,232794,train
anime256,232799,train
anime256,232800,train
anime256,232804,train
anime256,232811,train
anime256,232813,train
anime256,232816,train
anime256,232823,validation
anime256,232828,train
anime256,232844,train
anime256,232846,train
anime256,232847,train
anime256,232852,train
anime256,232858,train
anime256,232860,train
anime256,232864,train
anime256,232865,train
anime256,232868,test
anime256,232877,train
anime256,232878,train
anime256,232879,train
anime256,232883,train
anime256,232889,test
anime256,232894,train
anime256,232896,train
anime256,232898,train
anime256,232900,validation
anime256,232902,train
anime256,232903,train
anime256,232910,train
anime256,232919,train
anime256,232925,train
anime256,232981,train
anime256,232983,train
anime256,232984,train
anime256,232989,validation
anime256,232991,validation
anime256,232994,validation
anime256,232998,validation
anime256,233000,test
anime256,233003,validation
anime256,233004,train
anime256,233025,train
anime256,233026,test
anime256,233027,test
anime256,233029,train
anime256,233042,train
anime256,233053,validation
anime256,233060,test
anime256,233063,train
anime256,233064,train
anime256,233067,train
anime256,233068,train
anime256,233078,train
anime256,233081,train
anime256,233083,train
anime256,233092,train
anime256,233098,train
anime256,233099,test
anime256,233111,validation
anime256,233124,train
anime256,233137,test
anime256,233138,train
anime256,233140,train
anime256,233141,train
anime256,233143,train
anime256,233144,train
anime256,233146,validation
anime256,233150,train
anime256,233156,train
anime256,233157,train
anime256,233159,train
anime256,233172,train
anime256,233186,train
anime256,233196,train
anime256,233197,test
anime256,233204,train
anime256,233207,train
anime256,233208,train
anime256,233217,train
anime256,233221,train
anime256,233224,train
anime256,233230,train
anime256,233245,train
anime256,233247,validation
anime256,233248,train
anime256,233262,validation
anime256,233274,train
anime256,235636,train
anime256,235647,train
anime256,235657,train
anime256,235659,train
anime256,235671,validation
anime256,235678,train
anime256,235680,train
anime256,235681,train
anime256,235718,train
anime256,235737,test
anime256,235741,train
anime256,235774,test
anime256,235775,test
anime256,235798,validation
anime256,235802,train
anime256,235803,validation
anime256,235828,train
anime256,235839,validation
anime256,235902,validation
anime256,235908,train
anime256,235912,train
anime256,235917,train
anime256,235919,train
anime256,235955,train
anime256,235956,train
anime256,235957,train
anime256,235959,test
anime256,235962,train
anime256,235971,validation
anime256,235972,train
anime256,235979,test
anime256,235986,train
anime256,235993,train
anime256,236007,train
anime256,236012,train
anime256,236056,test
anime256,236083,train
anime256,236085,train
anime256,236096,train
anime256,236106,train
anime256,236107,train
anime256,236110,validation
anime256,236118,train
anime256,236120,train
anime256,236123,train
anime256,236143,train
anime256,236144,train
anime256,236160,train
anime256,236163,train
anime256,236197,train
anime256,236200,train
anime256,236202,train
anime256,236209,train
anime256,236234,train
anime256,236241,validation
anime256,236245,train
anime256,236247,test
anime256,236264,train
anime256,236271,test
anime256,236278,train
anime256,236280,train
anime256,236288,train
anime256,236302,validation
anime256,236312,train
anime256,236323,train
anime256,236327,train
anime256,236334,train
anime256,236335,validation
anime256,236364,train
anime256,236371,test
anime256,236374,train
anime256,236375,train
anime256,236377,train
anime256,236383,train
anime256,236385,train
anime256,236389,train
anime256,236390,train
anime256,236405,train
anime256,236407,train
anime256,236409,train
anime256,236419,validation
anime256,236420,test
anime256,236421,test
anime256,236422,test
anime256,236426,train
anime256,236429,train
anime256,236430,train
anime256,236432,train
anime256,236436,validation
anime256,236437,test
anime256,236438,test
anime256,236442,train
anime256,236445,validation
anime256,236448,train
anime256,236449,train
anime256,236459,train
anime256,236471,test
anime256,236472,train
anime256,236474,test
anime256,236483,test
anime256,236502,train
anime256,236503,train
anime256,236507,train
anime256,236518,train
anime256,236538,train
anime256,236545,validation
anime256,236555,train
anime256,236557,test
anime256,236567,train
anime256,236569,train
anime256,236573,train
anime256,236574,train
anime256,236575,train
anime256,236589,train
anime256,236593,train
anime256,236598,train
anime256,236604,train
anime256,236610,train
anime256,236622,train
anime256,236626,train
anime256,236633,train
anime256,236634,train
anime256,236656,train
anime256,236657,train
anime256,236658,train
anime256,236659,validation
anime256,236663,train
anime256,237,train
anime256,239059,validation
anime256,239078,train
anime256,239079,train
anime256,239080,train
anime256,239082,train
anime256,239083,train
anime256,239090,train
anime256,239103,train
anime256,239111,train
anime256,239130,test
anime256,239135,train
anime256,239140,validation
anime256,239151,train
anime256,239152,train
anime256,239153,train
anime256,239169,train
anime256,239172,train
anime256,239185,test
anime256,239225,train
anime256,239236,test
anime256,239261,train
anime256,239269,train
anime256,239270,train
anime256,239282,validation
anime256,23930,validation
anime256,239305,validation
anime256,239307,train
anime256,239314,train
anime256,239315,train
anime256,239319,train
anime256,239324,train
anime256,239328,train
anime256,239332,train
anime256,239339,test
anime256,239345,train
anime256,23935,train
anime256,239354,train
anime256,239356,train
anime256,239358,validation
anime256,239364,validation
anime256,239366,train
anime256,239371,train
anime256,23938,train
anime256,239385,train
anime256,239388,train
anime256,239391,validation
anime256,239392,train
anime256,239393,validation
anime256,23940,validation
anime256,23942,train
anime256,239424,test
anime256,239427,train
anime256,239429,train
anime256,239432,test
anime256,239437,train
anime256,239438,train
anime256,239441,train
anime256,239446,train
anime256,239448,train
anime256,239449,train
anime256,239450,train
anime256,239470,test
anime256,239483,train
anime256,239485,test
anime256,239486,train
anime256,239491,validation
anime256,239502,test
anime256,239505,train
anime256,239506,train
anime256,239508,train
anime256,239512,test
anime256,239514,train
anime256,239523,train
anime256,239526,train
anime256,239534,train
anime256,239547,test
anime256,239548,train
anime256,239550,test
anime256,239569,train
anime256,239570,train
anime256,239571,train
anime256,239572,train
anime256,239579,train
anime256,239581,train
anime256,23959,train
anime256,239598,train
anime256,23960,validation
anime256,239603,test
anime256,239605,train
anime256,239613,train
anime256,239616,train
anime256,239642,validation
anime256,239661,train
anime256,239667,validation
anime256,239669,train
anime256,239670,train
anime256,239685,test
anime256,239690,train
anime256,239691,train
anime256,239693,train
anime256,239704,train
anime256,239707,train
anime256,239712,train
anime256,239727,train
anime256,239728,train
anime256,239731,train
anime256,239740,train
anime256,239749,train
anime256,239752,train
anime256,239755,train
anime256,239761,validation
anime256,239768,train
anime256,23979,train
anime256,23982,train
anime256,239821,train
anime256,239831,test
anime256,239849,train
anime256,239854,validation
anime256,239857,validation
anime256,239878,train
anime256,239880,train
anime256,239884,train
anime256,239885,train
anime256,239886,train
anime256,239893,train
anime256,239894,train
anime256,239899,train
anime256,23990,train
anime256,239900,train
anime256,239909,train
anime256,239922,train
anime256,239924,test
anime256,239943,train
anime256,239944,train
anime256,239949,test
anime256,239950,train
anime256,239952,train
anime256,239959,test
anime256,239960,train
anime256,239966,train
anime256,239976,train
anime256,239989,train
anime256,239994,train
anime256,240003,train
anime256,240004,train
anime256,24001,train
anime256,240014,train
anime256,240020,train
anime256,240021,train
anime256,240027,train
anime256,240028,train
anime256,240029,test
anime256,240032,train
anime256,240034,train
anime256,240038,train
anime256,240039,train
anime256,240043,train
anime256,24005,validation
anime256,240058,train
anime256,240064,train
anime256,240067,train
anime256,240068,train
anime256,24007,test
anime256,240071,train
anime256,240072,train
anime256,240074,train
anime256,240075,train
anime256,240076,train
anime256,240077,train
anime256,240079,train
anime256,24008,train
anime256,240081,train
anime256,240082,test
anime256,24009,train
anime256,24029,train
anime256,24032,test
anime256,24052,validation
anime256,24055,train
anime256,24063,train
anime256,24065,train
anime256,24095,train
anime256,24108,test
anime256,24116,train
anime256,24137,test
anime256,24140,train
anime256,24147,train
anime256,24148,test
anime256,24163,test
anime256,24180,train
anime256,24181,validation
anime256,24185,train
anime256,24186,test
anime256,24189,test
anime256,24190,train
anime256,24215,train
anime256,24222,test
anime256,24223,train
anime256,24229,train
anime256,24231,test
anime256,24239,train
anime256,24241,train
anime256,24243,train
anime256,24246,validation
anime256,242468,train
anime256,242499,validation
anime256,24250,train
anime256,242500,train
anime256,242502,train
anime256,242519,train
anime256,242523,train
anime256,242524,train
anime256,242525,test
anime256,242531,train
anime256,242538,train
anime256,242542,train
anime256,242546,train
anime256,242549,train
anime256,242551,validation
anime256,242554,test
anime256,242563,train
anime256,24257,train
anime256,242574,train
anime256,242580,train
anime256,242582,train
anime256,242595,train
anime256,242605,train
anime256,242628,test
anime256,242629,test
anime256,242632,validation
anime256,242637,train
anime256,242638,validation
anime256,24265,validation
anime256,242653,train
anime256,242662,validation
anime256,242681,test
anime256,242682,train
anime256,242697,train
anime256,24270,train
anime256,24271,train
anime256,242722,train
anime256,24273,train
anime256,242738,train
anime256,24274,train
anime256,242741,validation
anime256,242758,test
anime256,242765,train
anime256,242777,train
anime256,24279,train
anime256,242795,test
anime256,24280,train
anime256,242808,validation
anime256,24281,train
anime256,242812,validation
anime256,242823,train
anime256,242831,train
anime256,242832,train
anime256,242838,test
anime256,24284,test
anime256,242847,train
anime256,242849,train
anime256,242850,train
anime256,242852,test
anime256,242862,test
anime256,242869,train
anime256,24287,train
anime256,242878,test
anime256,242879,train
anime256,24289,train
anime256,242896,train
anime256,242897,train
anime256,242902,train
anime256,242907,train
anime256,242908,validation
anime256,242913,train
anime256,242914,train
anime256,242918,train
anime256,24292,train
anime256,242927,train
anime256,242928,train
anime256,242931,train
anime256,242932,train
anime256,242937,test
anime256,24294,train
anime256,242942,train
anime256,242945,train
anime256,24295,train
anime256,242950,train
anime256,242951,train
anime256,242954,train
anime256,242955,train
anime256,242959,test
anime256,24296,train
anime256,242964,train
anime256,242970,train
anime256,242979,train
anime256,242989,train
anime256,242994,train
anime256,24301,train
anime256,243019,train
anime256,243021,train
anime256,24303,train
anime256,243046,test
anime256,24305,train
anime256,243050,train
anime256,243051,train
anime256,243059,train
anime256,243061,train
anime256,243062,train
anime256,243063,train
anime256,243064,train
anime256,243065,train
anime256,243066,train
anime256,243068,train
anime256,243071,train
anime256,243073,train
anime256,243078,train
anime256,24309,train
anime256,243094,train
anime256,243096,train
anime256,243099,test
anime256,243100,train
anime256,243103,train
anime256,243107,test
anime256,243110,train
anime256,243120,train
anime256,243124,train
anime256,243164,train
anime256,243179,train
anime256,243180,train
anime256,243191,train
anime256,243194,train
anime256,243196,train
anime256,243202,train
anime256,243204,train
anime256,243206,train
anime256,243207,validation
anime256,243209,train
anime256,243210,test
anime256,243211,train
anime256,243217,train
anime256,243218,train
anime256,243219,test
anime256,24322,train
anime256,243220,train
anime256,243227,test
anime256,243228,train
anime256,24323,test
anime256,243230,test
anime256,243231,train
anime256,243238,test
anime256,24324,train
anime256,243242,train
anime256,243250,train
anime256,243253,train
anime256,24326,train
anime256,243264,train
anime256,243277,train
anime256,243278,train
anime256,24328,train
anime256,243280,train
anime256,243288,train
anime256,243292,train
anime256,243295,train
anime256,243300,train
anime256,243313,train
anime256,24332,validation
anime256,243328,train
anime256,243330,train
anime256,243332,train
anime256,243333,train
anime256,243334,validation
anime256,243336,train
anime256,243339,train
anime256,24334,train
anime256,243346,train
anime256,24335,train
anime256,243354,train
anime256,243402,validation
anime256,24341,train
anime256,243424,train
anime256,243425,train
anime256,24347,train
anime256,24356,train
anime256,24358,train
anime256,24360,train
anime256,24362,validation
anime256,24364,train
anime256,24368,train
anime256,24369,validation
anime256,24371,train
anime256,24372,test
anime256,24374,train
anime256,24376,train
anime256,24378,test
anime256,24379,validation
anime256,24380,train
anime256,24390,test
anime256,24392,train
anime256,24393,train
anime256,24399,train
anime256,24403,train
anime256,24409,validation
anime256,24410,train
anime256,24412,validation
anime256,24413,test
anime256,24414,test
anime256,24416,test
anime256,24421,train
anime256,24431,validation
anime256,24436,validation
anime256,24437,train
anime256,24439,train
anime256,24441,train
anime256,24443,test
anime256,24445,validation
anime256,24446,train
anime256,24448,validation
anime256,24450,train
anime256,24451,train
anime256,24460,train
anime256,24461,test
anime256,24462,train
anime256,24468,train
anime256,24470,train
anime256,24473,train
anime256,24474,train
anime256,24475,train
anime256,24477,train
anime256,24485,train
anime256,24486,train
anime256,24488,train
anime256,24489,train
anime256,24490,train
anime256,24491,train
anime256,24492,validation
anime256,24498,train
anime256,24500,train
anime256,24502,train
anime256,24506,test
anime256,24509,train
anime256,24510,train
anime256,24513,train
anime256,24514,train
anime256,24515,test
anime256,24525,train
anime256,24533,train
anime256,24538,validation
anime256,24539,train
anime256,24540,train
anime256,24543,train
anime256,24551,validation
anime256,24554,train
anime256,24559,train
anime256,24560,validation
anime256,24561,train
anime256,24565,test
anime256,24566,train
anime256,24569,train
anime256,24571,train
anime256,24573,train
anime256,24575,validation
anime256,24576,validation
anime256,24577,train
anime256,24580,validation
anime256,24583,test
anime256,24586,train
anime256,24588,train
anime256,24589,train
anime256,245899,train
anime256,245906,test
anime256,245914,validation
anime256,245917,train
anime256,245918,train
anime256,245928,train
anime256,245941,train
anime256,245948,train
anime256,245956,test
anime256,245961,train
anime256,245963,train
anime256,245964,train
anime256,245969,train
anime256,245971,validation
anime256,24598,train
anime256,245981,train
anime256,245983,train
anime256,24599,train
anime256,245990,train
anime256,245994,train
anime256,245995,train
anime256,246003,train
anime256,246005,train
anime256,246015,train
anime256,246038,train
anime256,24605,train
anime256,246055,train
anime256,246060,train
anime256,246062,train
anime256,246066,train
anime256,246078,train
anime256,246080,test
anime256,24609,train
anime256,246111,train
anime256,246116,train
anime256,246121,train
anime256,246122,train
anime256,246127,train
anime256,246135,test
anime256,246136,train
anime256,246151,test
anime256,246154,validation
anime256,24616,train
anime256,246163,train
anime256,246165,test
anime256,246180,train
anime256,246182,train
anime256,246184,train
anime256,246188,test
anime256,246191,train
anime256,246192,train
anime256,246195,train
anime256,246196,train
anime256,246203,train
anime256,246219,train
anime256,24622,validation
anime256,246220,train
anime256,246223,train
anime256,24624,train
anime256,246240,test
anime256,246241,test
anime256,246244,train
anime256,246245,train
anime256,246247,train
anime256,246253,train
anime256,246255,validation
anime256,246259,train
anime256,246265,train
anime256,24628,test
anime256,246287,train
anime256,246288,validation
anime256,246289,train
anime256,24629,train
anime256,246299,train
anime256,246304,train
anime256,246305,train
anime256,24631,train
anime256,246311,validation
anime256,246314,test
anime256,246317,train
anime256,246318,test
anime256,246319,train
anime256,246320,train
anime256,246323,train
anime256,246325,train
anime256,246326,validation
anime256,246328,validation
anime256,246329,train
anime256,246334,test
anime256,246345,train
anime256,24635,train
anime256,246351,test
anime256,246353,train
anime256,24636,train
anime256,246373,train
anime256,246374,validation
anime256,246375,train
anime256,246379,train
anime256,246385,train
anime256,246391,train
anime256,246406,train
anime256,246408,train
anime256,246410,train
anime256,24642,train
anime256,246426,test
anime256,246427,test
anime256,246429,train
anime256,24643,train
anime256,24644,train
anime256,246442,train
anime256,24646,train
anime256,246463,train
anime256,24647,train
anime256,246470,train
anime256,246475,train
anime256,246476,train
anime256,246489,test
anime256,246492,train
anime256,246498,train
anime256,246511,train
anime256,246513,train
anime256,246517,validation
anime256,24654,train
anime256,246541,train
anime256,246548,train
anime256,24655,train
anime256,246553,train
anime256,246556,train
anime256,246557,train
anime256,246558,train
anime256,246559,train
anime256,24656,test
anime256,246561,train
anime256,246562,train
anime256,246571,train
anime256,246573,train
anime256,246579,train
anime256,24658,train
anime256,246581,train
anime256,246585,test
anime256,24659,test
anime256,246628,train
anime256,246630,train
anime256,246642,train
anime256,246646,test
anime256,246651,validation
anime256,246652,train
anime256,246654,train
anime256,246656,train
anime256,246659,validation
anime256,24666,train
anime256,246671,train
anime256,246673,train
anime256,246676,train
anime256,246690,test
anime256,24670,test
anime256,246703,test
anime256,246707,test
anime256,24672,train
anime256,246720,train
anime256,246732,train
anime256,246736,train
anime256,246737,train
anime256,246738,train
anime256,24674,validation
anime256,246743,train
anime256,246744,train
anime256,246752,train
anime256,246758,train
anime256,246759,test
anime256,246769,train
anime256,24677,test
anime256,246778,validation
anime256,24678,train
anime256,246783,validation
anime256,246784,test
anime256,246785,train
anime256,246789,train
anime256,24679,train
anime256,246790,train
anime256,246815,train
anime256,24682,train
anime256,246820,validation
anime256,246824,train
anime256,246826,train
anime256,246834,train
anime256,246837,train
anime256,24684,train
anime256,246853,train
anime256,246858,train
anime256,24687,train
anime256,24691,test
anime256,24693,train
anime256,24694,validation
anime256,24706,train
anime256,24715,train
anime256,24718,validation
anime256,24724,train
anime256,24728,train
anime256,24731,train
anime256,24737,validation
anime256,24739,train
anime256,24743,train
anime256,24746,train
anime256,24747,validation
anime256,24749,train
anime256,24754,train
anime256,24755,train
anime256,24762,train
anime256,24767,train
anime256,24768,train
anime256,24772,train
anime256,24778,validation
anime256,24782,train
anime256,24783,train
anime256,24785,train
anime256,24790,train
anime256,24791,train
anime256,24799,train
anime256,248,validation
anime256,24802,train
anime256,24805,validation
anime256,24807,train
anime256,24811,train
anime256,249304,validation
anime256,249309,train
anime256,249312,test
anime256,249317,train
anime256,249320,train
anime256,249325,train
anime256,249327,test
anime256,249331,train
anime256,249332,train
anime256,249345,train
anime256,249348,train
anime256,249368,train
anime256,249373,train
anime256,249374,train
anime256,249377,train
anime256,249382,train
anime256,249383,train
anime256,249384,train
anime256,249385,train
anime256,249388,train
anime256,249390,train
anime256,249397,train
anime256,249414,train
anime256,249425,train
anime256,249439,train
anime256,249440,train
anime256,249445,train
anime256,249454,train
anime256,249457,train
anime256,249484,train
anime256,249485,train
anime256,249486,validation
anime256,249487,train
anime256,249492,train
anime256,249523,train
anime256,249530,test
anime256,249535,train
anime256,249536,test
anime256,249539,train
anime256,249545,train
anime256,249553,train
anime256,249554,train
anime256,249578,train
anime256,249579,train
anime256,249580,train
anime256,249581,train
anime256,249583,train
anime256,249594,train
anime256,249612,train
anime256,249617,train
anime256,249624,train
anime256,249630,train
anime256,249639,train
anime256,249654,train
anime256,249655,train
anime256,249657,test
anime256,249660,train
anime256,249677,test
anime256,249682,train
anime256,249693,train
anime256,249698,train
anime256,249700,train
anime256,249703,train
anime256,249716,train
anime256,249717,validation
anime256,249744,validation
anime256,249747,train
anime256,249751,train
anime256,249760,train
anime256,249765,train
anime256,249784,train
anime256,249788,train
anime256,249789,train
anime256,249794,test
anime256,249795,train
anime256,249807,train
anime256,249809,validation
anime256,249818,validation
anime256,249819,test
anime256,249825,train
anime256,249833,validation
anime256,249839,train
anime256,249842,train
anime256,249858,train
anime256,249863,train
anime256,249865,train
anime256,249872,train
anime256,249882,train
anime256,249889,train
anime256,249890,train
anime256,249891,train
anime256,249892,train
anime256,249896,train
anime256,249902,train
anime256,249910,train
anime256,249912,train
anime256,249917,train
anime256,249919,validation
anime256,249925,test
anime256,249929,train
anime256,249943,train
anime256,249944,validation
anime256,249946,test
anime256,249949,train
anime256,249950,validation
anime256,249955,train
anime256,249956,train
anime256,249958,train
anime256,249972,train
anime256,249985,train
anime256,250001,test
anime256,250002,train
anime256,250008,train
anime256,250015,train
anime256,250022,train
anime256,250034,train
anime256,250067,train
anime256,250072,train
anime256,250073,train
anime256,250077,train
anime256,250083,train
anime256,250088,test
anime256,250089,train
anime256,250093,train
anime256,250099,train
anime256,250103,train
anime256,250123,train
anime256,250130,train
anime256,250131,train
anime256,250132,validation
anime256,250145,train
anime256,250146,train
anime256,250162,train
anime256,250178,test
anime256,250184,train
anime256,250203,train
anime256,250216,test
anime256,250218,test
anime256,250222,train
anime256,250224,train
anime256,250226,train
anime256,250227,train
anime256,250233,train
anime256,250251,test
anime256,250253,train
anime256,250263,train
anime256,250267,test
anime256,252717,validation
anime256,252726,test
anime256,252735,train
anime256,252742,train
anime256,252757,train
anime256,252769,train
anime256,252775,train
anime256,252787,train
anime256,252792,train
anime256,252799,train
anime256,252804,train
anime256,252828,test
anime256,252839,validation
anime256,252840,test
anime256,252844,train
anime256,252858,test
anime256,252886,test
anime256,252908,train
anime256,252919,train
anime256,252921,train
anime256,252924,train
anime256,252926,train
anime256,252950,train
anime256,253003,train
anime256,253012,train
anime256,253019,train
anime256,253052,train
anime256,253053,train
anime256,253055,test
anime256,253115,validation
anime256,253127,train
anime256,253131,test
anime256,253132,test
anime256,253133,test
anime256,253137,train
anime256,253139,test
anime256,253140,train
anime256,253160,test
anime256,253167,test
anime256,253169,train
anime256,253174,train
anime256,253175,train
anime256,253191,validation
anime256,253192,train
anime256,253213,train
anime256,253219,validation
anime256,253223,train
anime256,253239,train
anime256,253248,test
anime256,253257,train
anime256,253269,train
anime256,253275,train
anime256,253276,train
anime256,253282,train
anime256,253318,test
anime256,253322,train
anime256,253323,train
anime256,253326,train
anime256,253328,test
anime256,253330,train
anime256,253343,train
anime256,253356,train
anime256,253371,train
anime256,253383,train
anime256,253386,test
anime256,253387,train
anime256,253396,train
anime256,253399,validation
anime256,253400,train
anime256,253401,train
anime256,253402,test
anime256,253404,train
anime256,253405,train
anime256,253407,train
anime256,253408,train
anime256,253411,test
anime256,253427,test
anime256,253428,train
anime256,253443,train
anime256,253467,train
anime256,253469,train
anime256,253476,train
anime256,253480,train
anime256,253487,train
anime256,253502,test
anime256,253512,train
anime256,253523,train
anime256,253548,validation
anime256,253560,train
anime256,253564,validation
anime256,253572,train
anime256,253573,validation
anime256,253576,test
anime256,253578,train
anime256,253580,train
anime256,253581,train
anime256,253591,train
anime256,253595,train
anime256,253596,train
anime256,253597,train
anime256,253609,train
anime256,253619,train
anime256,253625,validation
anime256,253642,test
anime256,253645,train
anime256,253649,train
anime256,253650,test
anime256,253655,train
anime256,253657,test
anime256,253698,validation
anime256,253704,train
anime256,253706,test
anime256,253710,train
anime256,253714,train
anime256,253715,validation
anime256,253724,train
anime256,253726,test
anime256,253729,train
anime256,253730,train
anime256,253744,test
anime256,253745,train
anime256,256165,train
anime256,256173,train
anime256,256177,validation
anime256,256184,train
anime256,256185,train
anime256,256186,train
anime256,256193,train
anime256,256216,test
anime256,256217,train
anime256,256231,train
anime256,256232,train
anime256,256237,train
anime256,256243,test
anime256,256244,train
anime256,256245,train
anime256,256248,train
anime256,256251,train
anime256,256256,train
anime256,256261,train
anime256,256276,train
anime256,256279,train
anime256,256308,validation
anime256,256324,train
anime256,256327,train
anime256,256336,train
anime256,256346,test
anime256,256352,test
anime256,256359,train
anime256,256360,train
anime256,256369,test
anime256,256380,train
anime256,256381,train
anime256,256382,train
anime256,256415,train
anime256,256430,train
anime256,256442,train
anime256,256444,train
anime256,256456,train
anime256,256465,train
anime256,256478,train
anime256,256479,validation
anime256,256481,train
anime256,256485,train
anime256,256489,validation
anime256,256495,train
anime256,256501,train
anime256,256506,train
anime256,256508,train
anime256,256512,train
anime256,256518,validation
anime256,256522,train
anime256,256527,train
anime256,256531,train
anime256,256534,train
anime256,256539,train
anime256,256541,train
anime256,256553,train
anime256,256563,validation
anime256,256568,train
anime256,256572,train
anime256,256574,test
anime256,256585,train
anime256,256586,train
anime256,256592,train
anime256,256595,train
anime256,256608,train
anime256,256610,train
anime256,256613,train
anime256,256615,train
anime256,256616,train
anime256,256662,test
anime256,256672,test
anime256,256673,test
anime256,256676,train
anime256,256679,test
anime256,256688,validation
anime256,256692,validation
anime256,256694,train
anime256,256701,test
anime256,256702,train
anime256,256717,test
anime256,256720,test
anime256,256732,test
anime256,256744,train
anime256,256748,train
anime256,256753,validation
anime256,256754,train
anime256,256755,train
anime256,256763,test
anime256,256785,train
anime256,256795,test
anime256,256809,train
anime256,256810,train
anime256,256813,train
anime256,256816,train
anime256,256817,train
anime256,256821,train
anime256,256823,train
anime256,256826,train
anime256,256827,train
anime256,256838,test
anime256,256842,train
anime256,256855,train
anime256,256856,train
anime256,256860,train
anime256,256862,train
anime256,256864,train
anime256,256881,test
anime256,256886,train
anime256,256889,train
anime256,256892,train
anime256,256899,train
anime256,256902,test
anime256,256909,train
anime256,256917,train
anime256,256919,train
anime256,256924,train
anime256,256927,train
anime256,256937,train
anime256,256938,test
anime256,256941,test
anime256,256943,train
anime256,256945,train
anime256,256947,train
anime256,256955,train
anime256,256956,train
anime256,256959,validation
anime256,256962,train
anime256,256964,train
anime256,256965,test
anime256,256968,train
anime256,256969,train
anime256,256971,train
anime256,256975,test
anime256,256978,train
anime256,256979,train
anime256,256980,train
anime256,256983,train
anime256,256989,validation
anime256,256993,validation
anime256,256997,test
anime256,256998,train
anime256,256999,train
anime256,257002,train
anime256,257014,train
anime256,257021,train
anime256,257023,train
anime256,257026,train
anime256,257038,train
anime256,257059,train
anime256,257067,train
anime256,257076,validation
anime256,257077,train
anime256,257080,validation
anime256,257088,train
anime256,257093,test
anime256,257104,train
anime256,257106,train
anime256,257112,test
anime256,257116,train
anime256,257117,train
anime256,257120,train
anime256,259544,train
anime256,259545,train
anime256,259547,train
anime256,259550,test
anime256,259552,test
anime256,259553,train
anime256,259562,train
anime256,259589,train
anime256,259599,train
anime256,259607,train
anime256,259608,train
anime256,259614,train
anime256,259634,train
anime256,259651,train
anime256,259655,train
anime256,259681,train
anime256,259684,train
anime256,259688,test
anime256,259747,train
anime256,259749,train
anime256,259761,train
anime256,259768,train
anime256,259769,train
anime256,259781,train
anime256,259783,train
anime256,259790,train
anime256,259796,train
anime256,259798,test
anime256,259816,train
anime256,259817,train
anime256,259824,train
anime256,259856,train
anime256,259883,train
anime256,259886,train
anime256,259904,train
anime256,259916,train
anime256,259935,train
anime256,259937,train
anime256,259939,validation
anime256,259940,train
anime256,259949,train
anime256,259964,test
anime256,259972,train
anime256,259998,train
anime256,259999,train
anime256,260005,train
anime256,260008,train
anime256,260019,validation
anime256,260022,train
anime256,260029,train
anime256,260038,validation
anime256,260040,train
anime256,260043,train
anime256,260044,train
anime256,260060,train
anime256,260078,train
anime256,260084,train
anime256,260085,train
anime256,260105,train
anime256,260122,validation
anime256,260123,train
anime256,260138,test
anime256,260139,train
anime256,260140,test
anime256,260142,train
anime256,260149,train
anime256,260154,train
anime256,260167,train
anime256,260186,validation
anime256,260187,train
anime256,260195,train
anime256,260215,train
anime256,260222,test
anime256,260244,validation
anime256,260246,train
anime256,260250,train
anime256,260258,validation
anime256,260264,train
anime256,260266,train
anime256,260268,train
anime256,260278,train
anime256,260283,train
anime256,260294,train
anime256,260300,train
anime256,260302,train
anime256,260303,train
anime256,260308,train
anime256,260311,train
anime256,260312,train
anime256,260316,test
anime256,260322,test
anime256,260323,train
anime256,260326,train
anime256,260327,train
anime256,260340,train
anime256,260359,test
anime256,260362,train
anime256,260364,test
anime256,260367,train
anime256,260371,train
anime256,260374,train
anime256,260377,validation
anime256,260384,train
anime256,260393,train
anime256,260407,train
anime256,260408,train
anime256,260422,train
anime256,260425,train
anime256,260427,train
anime256,260428,train
anime256,260440,train
anime256,260445,train
anime256,260452,train
anime256,260463,train
anime256,260464,train
anime256,260472,train
anime256,260476,train
anime256,260478,train
anime256,260487,train
anime256,260488,train
anime256,260490,train
anime256,260502,train
anime256,260503,train
anime256,260520,train
anime256,260525,train
anime256,260527,train
anime256,260530,train
anime256,260542,train
anime256,260549,test
anime256,260552,train
anime256,260556,test
anime256,260557,train
anime256,260558,train
anime256,262972,train
anime256,262977,train
anime256,262986,validation
anime256,263011,train
anime256,263034,validation
anime256,263037,train
anime256,263040,train
anime256,263043,validation
anime256,263046,train
anime256,263049,train
anime256,263051,train
anime256,263054,test
anime256,263061,train
anime256,263074,train
anime256,263077,train
anime256,263078,train
anime256,263082,test
anime256,263107,train
anime256,263115,train
anime256,263116,validation
anime256,263117,train
anime256,263133,test
anime256,263142,validation
anime256,263155,train
anime256,263157,train
anime256,263206,train
anime256,263210,test
anime256,263212,validation
anime256,263214,train
anime256,263245,train
anime256,263267,train
anime256,263269,train
anime256,263291,train
anime256,263292,train
anime256,263299,train
anime256,263327,train
anime256,263330,train
anime256,263338,validation
anime256,263352,train
anime256,263360,train
anime256,263361,train
anime256,263383,test
anime256,263385,train
anime256,263395,train
anime256,263399,test
anime256,263417,train
anime256,263418,train
anime256,263425,test
anime256,263438,train
anime256,263441,train
anime256,263442,train
anime256,263447,train
anime256,263448,test
anime256,263451,train
anime256,263452,train
anime256,263454,train
anime256,263474,train
anime256,263479,train
anime256,263485,validation
anime256,263486,train
anime256,263493,train
anime256,263505,train
anime256,263506,train
anime256,263507,train
anime256,263509,train
anime256,263513,train
anime256,263515,train
anime256,263518,train
anime256,263523,test
anime256,263535,test
anime256,263536,train
anime256,263548,train
anime256,263550,train
anime256,263557,train
anime256,263582,train
anime256,263583,train
anime256,263584,train
anime256,263586,test
anime256,263589,validation
anime256,263599,train
anime256,263601,train
anime256,263602,train
anime256,263606,train
anime256,263608,train
anime256,263609,train
anime256,263628,train
anime256,263634,train
anime256,263649,train
anime256,263651,train
anime256,263652,validation
anime256,263658,train
anime256,263659,test
anime256,263662,test
anime256,263666,train
anime256,263669,test
anime256,263684,train
anime256,263698,train
anime256,263704,train
anime256,263707,test
anime256,263716,train
anime256,263721,train
anime256,263726,train
anime256,263728,train
anime256,263730,train
anime256,263736,train
anime256,263737,train
anime256,263740,train
anime256,263745,train
anime256,263746,train
anime256,263780,test
anime256,263781,test
anime256,263785,train
anime256,263786,train
anime256,263787,validation
anime256,263791,train
anime256,263796,test
anime256,263805,train
anime256,263807,validation
anime256,263811,test
anime256,263820,train
anime256,263823,test
anime256,263830,train
anime256,263831,test
anime256,263862,train
anime256,263865,train
anime256,263890,train
anime256,263891,train
anime256,263894,train
anime256,263896,train
anime256,263900,test
anime256,263902,test
anime256,263908,train
anime256,263921,test
anime256,263928,train
anime256,263935,train
anime256,263938,test
anime256,263941,train
anime256,263948,train
anime256,263950,train
anime256,263955,train
anime256,263967,test
anime256,263973,train
anime256,263981,validation
anime256,263983,train
anime256,263984,test
anime256,263987,train
anime256,266373,train
anime256,266375,test
anime256,266380,validation
anime256,266391,train
anime256,266454,train
anime256,266466,validation
anime256,266474,test
anime256,266510,train
anime256,266537,train
anime256,266541,train
anime256,266543,train
anime256,266545,train
anime256,266547,train
anime256,266558,validation
anime256,266562,train
anime256,266603,train
anime256,266634,train
anime256,266676,test
anime256,266678,train
anime256,266679,train
anime256,266683,train
anime256,266690,train
anime256,266713,train
anime256,266727,train
anime256,266741,train
anime256,266756,train
anime256,266760,train
anime256,266761,train
anime256,266771,train
anime256,266797,train
anime256,266802,train
anime256,266813,test
anime256,266818,train
anime256,266820,train
anime256,266832,test
anime256,266846,train
anime256,266849,train
anime256,266855,validation
anime256,266862,test
anime256,266869,train
anime256,266891,train
anime256,266895,train
anime256,266899,train
anime256,266904,train
anime256,266914,train
anime256,266926,test
anime256,266927,train
anime256,266934,train
anime256,266936,train
anime256,266941,train
anime256,266961,train
anime256,266963,train
anime256,266971,train
anime256,266973,train
anime256,266978,test
anime256,266984,test
anime256,266997,train
anime256,267013,train
anime256,267014,train
anime256,267021,train
anime256,267028,train
anime256,267032,test
anime256,267039,test
anime256,267044,train
anime256,267045,train
anime256,267052,train
anime256,267053,train
anime256,267056,test
anime256,267063,train
anime256,267087,train
anime256,267089,train
anime256,267102,train
anime256,267103,validation
anime256,267140,train
anime256,267171,train
anime256,267172,train
anime256,267179,train
anime256,267187,train
anime256,267195,train
anime256,267202,train
anime256,267203,validation
anime256,267205,test
anime256,267226,train
anime256,267242,train
anime256,267243,validation
anime256,267244,train
anime256,267245,test
anime256,267246,train
anime256,267266,train
anime256,267267,test
anime256,267268,validation
anime256,267301,train
anime256,267305,train
anime256,267311,train
anime256,267313,train
anime256,267321,train
anime256,267322,train
anime256,267329,train
anime256,267336,validation
anime256,267339,train
anime256,267350,train
anime256,267354,train
anime256,267355,train
anime256,267361,train
anime256,267369,train
anime256,267377,train
anime256,267392,train
anime256,267396,test
anime256,267397,train
anime256,267407,train
anime256,267432,test
anime256,267463,train
anime256,267466,train
anime256,269787,train
anime256,269831,train
anime256,269857,train
anime256,269866,train
anime256,269869,train
anime256,269870,train
anime256,269871,train
anime256,269872,train
anime256,269876,train
anime256,269885,train
anime256,269887,train
anime256,269888,train
anime256,269903,train
anime256,269905,train
anime256,269913,test
anime256,269920,test
anime256,269959,validation
anime256,269987,train
anime256,270002,train
anime256,270007,train
anime256,270008,train
anime256,270011,test
anime256,270019,train
anime256,270031,train
anime256,270037,train
anime256,270052,train
anime256,270062,train
anime256,270067,train
anime256,270071,validation
anime256,270077,train
anime256,270088,train
anime256,270094,train
anime256,270122,train
anime256,270124,validation
anime256,270131,train
anime256,270134,validation
anime256,270148,train
anime256,270149,train
anime256,270158,train
anime256,270162,train
anime256,270163,train
anime256,270169,train
anime256,270187,test
anime256,270191,test
anime256,270193,train
anime256,270200,train
anime256,270212,test
anime256,270221,train
anime256,270245,train
anime256,270259,train
anime256,270267,test
anime256,270269,train
anime256,270277,train
anime256,270280,train
anime256,270285,train
anime256,270295,test
anime256,270303,train
anime256,270310,train
anime256,270319,train
anime256,270331,test
anime256,270341,test
anime256,270344,test
anime256,270348,validation
anime256,270359,train
anime256,270360,train
anime256,270376,train
anime256,270382,test
anime256,270393,train
anime256,270396,train
anime256,270402,train
anime256,270410,train
anime256,270411,train
anime256,270414,train
anime256,270415,train
anime256,270416,train
anime256,270423,train
anime256,270439,train
anime256,270443,train
anime256,270448,train
anime256,270449,validation
anime256,270451,train
anime256,270452,train
anime256,270474,train
anime256,270475,train
anime256,270488,train
anime256,270489,validation
anime256,270492,train
anime256,270493,train
anime256,270495,validation
anime256,270496,train
anime256,270499,train
anime256,270507,train
anime256,270509,train
anime256,270513,train
anime256,270514,train
anime256,270523,validation
anime256,270526,train
anime256,270531,train
anime256,270551,test
anime256,270552,train
anime256,270559,train
anime256,270565,train
anime256,270574,test
anime256,270577,train
anime256,270598,train
anime256,270600,train
anime256,270601,train
anime256,270604,validation
anime256,270609,train
anime256,270614,train
anime256,270635,test
anime256,270636,train
anime256,270642,test
anime256,270644,train
anime256,270654,test
anime256,270656,train
anime256,270658,train
anime256,270660,train
anime256,270675,test
anime256,270697,test
anime256,270701,train
anime256,270720,train
anime256,270746,test
anime256,270748,validation
anime256,270751,train
anime256,270756,train
anime256,270759,validation
anime256,270764,validation
anime256,270765,train
anime256,270775,train
anime256,270776,train
anime256,270799,validation
anime256,270802,train
anime256,270809,train
anime256,270810,train
anime256,270812,train
anime256,273219,train
anime256,273223,train
anime256,273236,validation
anime256,273237,train
anime256,273264,train
anime256,273267,train
anime256,27327,train
anime256,273271,train
anime256,273274,test
anime256,273278,train
anime256,273307,test
anime256,273310,train
anime256,273328,validation
anime256,273359,train
anime256,273375,train
anime256,273377,train
anime256,273400,train
anime256,273416,train
anime256,273420,train
anime256,273435,test
anime256,273442,train
anime256,273443,train
anime256,273446,test
anime256,273473,train
anime256,273482,train
anime256,273483,train
anime256,273484,train
anime256,273507,train
anime256,273510,train
anime256,273511,train
anime256,273529,train
anime256,273550,train
anime256,273554,validation
anime256,273572,test
anime256,273583,validation
anime256,273592,train
anime256,273602,train
anime256,273606,train
anime256,273608,train
anime256,273613,train
anime256,273616,train
anime256,273621,train
anime256,273626,train
anime256,273638,train
anime256,273662,train
anime256,273665,test
anime256,273667,train
anime256,273676,train
anime256,27368,train
anime256,273699,test
anime256,273700,train
anime256,273724,validation
anime256,273726,train
anime256,273753,train
anime256,273767,train
anime256,273770,train
anime256,273791,train
anime256,273797,test
anime256,273798,train
anime256,273800,train
anime256,273801,train
anime256,273810,train
anime256,273811,train
anime256,273818,train
anime256,273820,validation
anime256,273827,train
anime256,273828,train
anime256,273851,train
anime256,273856,train
anime256,273857,train
anime256,273866,train
anime256,273867,train
anime256,273868,train
anime256,273879,test
anime256,27389,test
anime256,273897,train
anime256,27390,train
anime256,273903,validation
anime256,273909,train
anime256,273913,test
anime256,273925,train
anime256,273927,train
anime256,27393,train
anime256,273931,train
anime256,273935,test
anime256,273947,test
anime256,273950,train
anime256,273951,train
anime256,273955,train
anime256,273962,train
anime256,27397,train
anime256,273970,train
anime256,273973,train
anime256,273982,train
anime256,273984,test
anime256,273986,train
anime256,273989,train
anime256,273990,validation
anime256,273994,train
anime256,273997,train
anime256,274002,train
anime256,274004,train
anime256,274008,train
anime256,274017,train
anime256,274026,train
anime256,274027,train
anime256,274031,train
anime256,274036,train
anime256,274038,test
anime256,274046,validation
anime256,274056,validation
anime256,274057,train
anime256,274058,train
anime256,274059,train
anime256,274060,train
anime256,274061,train
anime256,274062,test
anime256,274063,train
anime256,274064,test
anime256,274069,test
anime256,27407,train
anime256,274071,train
anime256,274074,train
anime256,274100,train
anime256,274105,train
anime256,274107,train
anime256,274110,train
anime256,274115,train
anime256,274117,train
anime256,274147,train
anime256,27417,train
anime256,274172,train
anime256,274184,train
anime256,27419,train
anime256,274193,validation
anime256,27420,validation
anime256,27424,validation
anime256,27425,train
anime256,27430,validation
anime256,27465,train
anime256,27480,test
anime256,27526,train
anime256,27528,train
anime256,27533,validation
anime256,27536,train
anime256,27546,train
anime256,27547,train
anime256,27548,test
anime256,27552,train
anime256,27564,train
anime256,27565,validation
anime256,27567,train
anime256,27570,train
anime256,27578,test
anime256,27580,train
anime256,27583,train
anime256,27590,train
anime256,27593,train
anime256,27596,test
anime256,27603,train
anime256,27611,test
anime256,27637,train
anime256,27648,train
anime256,276643,train
anime256,276646,test
anime256,27666,train
anime256,276675,validation
anime256,276680,train
anime256,276685,train
anime256,276698,test
anime256,276701,test
anime256,276707,test
anime256,276712,train
anime256,276714,train
anime256,276723,train
anime256,276728,train
anime256,276753,train
anime256,276757,train
anime256,276758,test
anime256,276764,train
anime256,276767,train
anime256,276770,train
anime256,276771,train
anime256,276772,train
anime256,276773,train
anime256,276776,validation
anime256,276782,validation
anime256,276788,validation
anime256,27679,train
anime256,276791,train
anime256,276795,train
anime256,276797,train
anime256,27680,test
anime256,276801,train
anime256,276803,train
anime256,276817,train
anime256,276821,train
anime256,276834,train
anime256,276844,train
anime256,276850,validation
anime256,276867,train
anime256,276875,validation
anime256,276895,train
anime256,27690,train
anime256,276902,test
anime256,276907,train
anime256,276909,test
anime256,27693,train
anime256,27694,train
anime256,276953,train
anime256,276957,train
anime256,276959,train
anime256,276961,train
anime256,276963,train
anime256,276968,train
anime256,27702,train
anime256,277037,train
anime256,277039,train
anime256,277041,train
anime256,277043,train
anime256,277047,train
anime256,277050,train
anime256,277056,train
anime256,277057,train
anime256,277062,train
anime256,277065,train
anime256,277066,test
anime256,277067,train
anime256,277079,train
anime256,277093,train
anime256,277103,train
anime256,277105,train
anime256,277114,train
anime256,277135,train
anime256,277143,train
anime256,277159,train
anime256,277179,train
anime256,27718,train
anime256,277184,train
anime256,27719,train
anime256,277190,train
anime256,277191,train
anime256,277195,train
anime256,27720,test
anime256,277203,train
anime256,27721,train
anime256,277214,train
anime256,277216,train
anime256,27722,train
anime256,277224,train
anime256,277229,train
anime256,277232,train
anime256,277235,train
anime256,27724,train
anime256,277241,train
anime256,277247,train
anime256,277248,test
anime256,277258,train
anime256,277274,train
anime256,277280,train
anime256,277284,train
anime256,277302,validation
anime256,277305,train
anime256,277320,test
anime256,277324,test
anime256,277325,validation
anime256,277331,train
anime256,277337,train
anime256,277353,train
anime256,277364,train
anime256,277366,test
anime256,277370,train
anime256,277378,train
anime256,277379,validation
anime256,277384,train
anime256,277404,train
anime256,277407,train
anime256,277408,train
anime256,277411,validation
anime256,277413,test
anime256,27742,train
anime256,277423,train
anime256,277424,test
anime256,277425,train
anime256,277439,test
anime256,277442,train
anime256,277443,test
anime256,277445,validation
anime256,277450,validation
anime256,277459,train
anime256,277464,train
anime256,277466,train
anime256,277469,test
anime256,277476,train
anime256,277477,validation
anime256,277480,test
anime256,277484,train
anime256,277492,train
anime256,277493,train
anime256,277497,train
anime256,277502,train
anime256,277508,train
anime256,277510,train
anime256,277516,train
anime256,27752,train
anime256,277527,train
anime256,277531,train
anime256,277536,train
anime256,277540,train
anime256,277541,train
anime256,277543,train
anime256,277548,train
anime256,277556,train
anime256,277565,validation
anime256,277567,train
anime256,277573,train
anime256,277574,train
anime256,277575,train
anime256,277578,train
anime256,27760,train
anime256,27762,train
anime256,27765,test
anime256,27766,test
anime256,27769,test
anime256,27775,train
anime256,27779,train
anime256,27781,test
anime256,27784,train
anime256,27789,test
anime256,27834,train
anime256,27835,train
anime256,27858,train
anime256,27861,train
anime256,27866,train
anime256,27867,validation
anime256,27869,train
anime256,27872,train
anime256,27873,test
anime256,27874,train
anime256,27877,train
anime256,27878,test
anime256,27884,test
anime256,27886,train
anime256,27900,validation
anime256,27906,train
anime256,27912,train
anime256,27917,train
anime256,27918,train
anime256,27922,train
anime256,27931,train
anime256,27933,test
anime256,27935,test
anime256,27940,train
anime256,27944,train
anime256,27945,test
anime256,27948,train
anime256,27950,train
anime256,27952,train
anime256,27954,test
anime256,27955,validation
anime256,27956,train
anime256,27958,validation
anime256,27959,train
anime256,27968,train
anime256,27982,test
anime256,27983,train
anime256,27984,train
anime256,27985,train
anime256,27989,test
anime256,27990,train
anime256,27992,train
anime256,27994,train
anime256,27996,train
anime256,28000,validation
anime256,28003,train
anime256,280035,train
anime256,280037,test
anime256,280050,train
anime256,280051,train
anime256,28006,test
anime256,280061,test
anime256,280064,train
anime256,280082,test
anime256,280083,train
anime256,280101,train
anime256,280105,train
anime256,280106,validation
anime256,280109,train
anime256,280114,train
anime256,280130,train
anime256,280138,train
anime256,28016,train
anime256,280175,validation
anime256,280176,train
anime256,280180,train
anime256,280181,test
anime256,280184,train
anime256,28019,train
anime256,280190,train
anime256,280191,train
anime256,280196,validation
anime256,280197,validation
anime256,280198,train
anime256,280201,train
anime256,280204,train
anime256,280205,test
anime256,280210,validation
anime256,280217,train
anime256,280219,train
anime256,280227,validation
anime256,280229,train
anime256,280240,train
anime256,280244,train
anime256,280248,train
anime256,280249,train
anime256,28025,train
anime256,280253,train
anime256,280258,train
anime256,280259,train
anime256,280260,train
anime256,280261,test
anime256,280262,train
anime256,280265,train
anime256,280266,train
anime256,280267,train
anime256,280268,test
anime256,280269,test
anime256,28027,train
anime256,280270,train
anime256,280272,validation
anime256,280273,train
anime256,280275,test
anime256,280277,train
anime256,280293,test
anime256,280296,train
anime256,280308,train
anime256,280319,train
anime256,280320,test
anime256,280321,train
anime256,280324,train
anime256,280335,train
anime256,280338,train
anime256,280339,test
anime256,28034,train
anime256,280353,train
anime256,280373,train
anime256,280386,test
anime256,280387,train
anime256,280388,train
anime256,280390,train
anime256,280391,train
anime256,280392,train
anime256,280396,test
anime256,280401,test
anime256,280402,train
anime256,280410,train
anime256,280428,train
anime256,280430,train
anime256,280437,train
anime256,280438,train
anime256,28044,train
anime256,280451,train
anime256,280452,validation
anime256,280453,train
anime256,280455,test
anime256,280464,train
anime256,280465,train
anime256,280466,train
anime256,280471,test
anime256,280479,train
anime256,280480,train
anime256,280483,train
anime256,280494,train
anime256,280508,train
anime256,280518,validation
anime256,280522,train
anime256,280538,train
anime256,280543,train
anime256,280545,test
anime256,280552,test
anime256,280559,train
anime256,28056,validation
anime256,280581,train
anime256,280582,validation
anime256,280583,train
anime256,280611,train
anime256,28063,train
anime256,280652,validation
anime256,280664,test
anime256,28068,test
anime256,28070,train
anime256,280713,train
anime256,280717,validation
anime256,280718,train
anime256,280719,test
anime256,280720,train
anime256,280721,train
anime256,280722,train
anime256,280726,train
anime256,280727,train
anime256,280729,test
anime256,280741,train
anime256,280744,train
anime256,280749,train
anime256,280760,train
anime256,280761,train
anime256,280762,train
anime256,280766,train
anime256,280770,train
anime256,280784,train
anime256,280787,validation
anime256,28079,validation
anime256,280796,test
anime256,280808,train
anime256,280809,train
anime256,280815,train
anime256,280816,test
anime256,280817,train
anime256,280830,train
anime256,280837,train
anime256,280840,train
anime256,280841,train
anime256,280842,train
anime256,280845,test
anime256,280852,train
anime256,280876,train
anime256,280880,train
anime256,280883,validation
anime256,280885,train
anime256,280890,train
anime256,280897,train
anime256,280904,train
anime256,280906,train
anime256,280910,train
anime256,280912,train
anime256,280931,train
anime256,280935,train
anime256,280946,train
anime256,280960,train
anime256,280961,train
anime256,280964,train
anime256,28097,train
anime256,280979,train
anime256,280985,train
anime256,280993,train
anime256,280994,test
anime256,28100,train
anime256,281000,train
anime256,281007,train
anime256,281027,train
anime256,281035,train
anime256,281046,validation
anime256,281047,train
anime256,281048,train
anime256,281051,train
anime256,28108,train
anime256,28112,train
anime256,28121,train
anime256,28123,validation
anime256,28127,train
anime256,28176,train
anime256,28178,train
anime256,28179,validation
anime256,28238,train
anime256,28245,train
anime256,28276,train
anime256,28288,test
anime256,28301,validation
anime256,283466,train
anime256,283475,test
anime256,283487,train
anime256,283500,train
anime256,283501,train
anime256,283503,validation
anime256,283519,validation
anime256,283531,train
anime256,283532,train
anime256,283535,train
anime256,283549,test
anime256,283551,train
anime256,283552,train
anime256,283556,train
anime256,283558,validation
anime256,283572,train
anime256,283602,train
anime256,283606,test
anime256,283622,test
anime256,283680,train
anime256,283687,validation
anime256,283699,train
anime256,283707,train
anime256,283710,train
anime256,283733,train
anime256,283735,train
anime256,283737,train
anime256,283742,train
anime256,283744,train
anime256,283760,test
anime256,283768,train
anime256,283769,train
anime256,283772,train
anime256,283776,validation
anime256,283778,test
anime256,283833,train
anime256,283845,validation
anime256,283851,train
anime256,283863,train
anime256,283880,train
anime256,283889,test
anime256,283898,train
anime256,283933,validation
anime256,283942,train
anime256,283947,validation
anime256,283953,train
anime256,283973,train
anime256,283978,validation
anime256,283983,train
anime256,283984,train
anime256,283994,train
anime256,283995,test
anime256,284015,train
anime256,284017,train
anime256,284024,train
anime256,284029,train
anime256,284045,train
anime256,284056,train
anime256,284057,train
anime256,284059,train
anime256,284068,train
anime256,284069,train
anime256,284076,train
anime256,284077,train
anime256,284079,train
anime256,284091,train
anime256,284096,validation
anime256,284099,train
anime256,284100,test
anime256,284102,validation
anime256,284112,test
anime256,284124,train
anime256,284128,train
anime256,284130,train
anime256,284133,train
anime256,284134,train
anime256,284135,train
anime256,284144,train
anime256,284153,train
anime256,284161,validation
anime256,284162,train
anime256,284163,validation
anime256,284168,train
anime256,284172,train
anime256,284176,train
anime256,284178,train
anime256,284195,train
anime256,284199,train
anime256,284208,train
anime256,284212,train
anime256,284213,train
anime256,284215,train
anime256,284230,train
anime256,284233,train
anime256,284243,train
anime256,284246,test
anime256,284253,train
anime256,284254,train
anime256,284255,train
anime256,284256,validation
anime256,284263,train
anime256,284268,train
anime256,284270,train
anime256,284274,train
anime256,284275,test
anime256,284283,train
anime256,284288,train
anime256,284298,train
anime256,284305,train
anime256,284317,test
anime256,284318,train
anime256,284345,train
anime256,284350,train
anime256,284358,train
anime256,284361,test
anime256,284363,test
anime256,284380,train
anime256,284381,train
anime256,284386,train
anime256,284392,validation
anime256,284408,train
anime256,284409,train
anime256,284411,train
anime256,284423,train
anime256,284425,test
anime256,284434,train
anime256,284437,train
anime256,284438,train
anime256,284444,train
anime256,284445,train
anime256,284448,test
anime256,286864,test
anime256,286874,train
anime256,286886,train
anime256,286899,train
anime256,286922,train
anime256,286923,train
anime256,286925,train
anime256,286927,train
anime256,286937,train
anime256,286941,train
anime256,286944,train
anime256,286945,train
anime256,286951,train
anime256,286968,train
anime256,286970,train
anime256,286976,train
anime256,286978,train
anime256,286991,train
anime256,287006,test
anime256,287016,test
anime256,287039,test
anime256,287046,train
anime256,287066,train
anime256,287069,train
anime256,287077,train
anime256,287079,train
anime256,287082,test
anime256,287084,test
anime256,287092,train
anime256,287110,train
anime256,287118,validation
anime256,287119,validation
anime256,287130,train
anime256,287146,test
anime256,287148,train
anime256,287154,train
anime256,287165,train
anime256,287173,train
anime256,287186,test
anime256,287188,train
anime256,287190,test
anime256,287192,train
anime256,287229,train
anime256,287241,train
anime256,287253,train
anime256,287262,train
anime256,287265,test
anime256,287268,train
anime256,287308,validation
anime256,287315,train
anime256,287323,train
anime256,287325,train
anime256,287329,train
anime256,287337,validation
anime256,287338,train
anime256,287340,test
anime256,287344,train
anime256,287350,train
anime256,287364,train
anime256,287365,train
anime256,287370,train
anime256,287381,test
anime256,287385,test
anime256,287388,train
anime256,287392,test
anime256,287398,train
anime256,287438,train
anime256,287449,train
anime256,287452,train
anime256,287457,train
anime256,287459,train
anime256,287466,train
anime256,287473,train
anime256,287478,validation
anime256,287481,train
anime256,287519,train
anime256,287520,train
anime256,287548,test
anime256,287549,train
anime256,287557,train
anime256,287561,test
anime256,287573,train
anime256,287575,train
anime256,287588,train
anime256,287590,train
anime256,287603,train
anime256,287622,train
anime256,287632,train
anime256,287636,test
anime256,287646,train
anime256,287651,train
anime256,287653,test
anime256,287662,train
anime256,287669,train
anime256,287674,train
anime256,287681,train
anime256,287690,train
anime256,287691,train
anime256,287698,train
anime256,287706,train
anime256,287710,train
anime256,287715,train
anime256,287722,train
anime256,287730,test
anime256,287732,test
anime256,287733,train
anime256,287734,train
anime256,287739,train
anime256,287741,train
anime256,287756,validation
anime256,287768,test
anime256,287769,train
anime256,287778,train
anime256,287784,train
anime256,287795,train
anime256,287802,train
anime256,287808,train
anime256,287809,test
anime256,287815,train
anime256,287822,train
anime256,287824,train
anime256,287831,train
anime256,287836,train
anime256,287842,train
anime256,287855,train
anime256,287865,validation
anime256,287868,validation
anime256,287879,train
anime256,287895,train
anime256,287899,train
anime256,287901,train
anime256,29,train
anime256,290328,train
anime256,290335,train
anime256,290356,train
anime256,290372,train
anime256,290376,train
anime256,290381,train
anime256,290385,test
anime256,290397,train
anime256,290413,validation
anime256,290415,train
anime256,290418,train
anime256,290422,validation
anime256,290423,train
anime256,290436,test
anime256,290442,test
anime256,290444,test
anime256,290447,validation
anime256,290473,train
anime256,290474,train
anime256,290487,train
anime256,290489,train
anime256,290503,train
anime256,290510,test
anime256,290521,train
anime256,290527,train
anime256,290529,train
anime256,290531,train
anime256,290537,validation
anime256,290544,train
anime256,290552,train
anime256,290590,test
anime256,290595,test
anime256,290597,train
anime256,290605,train
anime256,290613,train
anime256,290617,train
anime256,290619,test
anime256,290620,train
anime256,290622,validation
anime256,290629,train
anime256,290634,train
anime256,290640,train
anime256,290641,train
anime256,290648,train
anime256,290652,test
anime256,290662,validation
anime256,290676,train
anime256,290682,train
anime256,290683,train
anime256,290689,train
anime256,290691,train
anime256,290695,train
anime256,290696,train
anime256,290718,train
anime256,290726,train
anime256,290742,train
anime256,290748,train
anime256,290750,train
anime256,290753,test
anime256,290755,test
anime256,290756,test
anime256,290758,test
anime256,290806,train
anime256,290809,train
anime256,290811,validation
anime256,290812,train
anime256,290813,validation
anime256,290819,test
anime256,290834,test
anime256,290839,train
anime256,290843,train
anime256,290866,train
anime256,290867,train
anime256,290870,test
anime256,290889,validation
anime256,290897,validation
anime256,290899,train
anime256,290902,train
anime256,290908,train
anime256,290914,train
anime256,290917,train
anime256,290918,train
anime256,290928,test
anime256,290929,train
anime256,290935,train
anime256,290937,train
anime256,290939,test
anime256,290940,train
anime256,290941,train
anime256,290977,validation
anime256,291008,train
anime256,291009,test
anime256,291011,test
anime256,291029,train
anime256,291030,train
anime256,291035,validation
anime256,291038,train
anime256,291039,train
anime256,291052,train
anime256,291055,train
anime256,291059,train
anime256,291073,train
anime256,291078,train
anime256,291083,train
anime256,291087,test
anime256,291090,train
anime256,291109,train
anime256,291126,train
anime256,291128,train
anime256,291133,train
anime256,291143,validation
anime256,291145,train
anime256,291148,train
anime256,291158,validation
anime256,291166,train
anime256,291168,train
anime256,291173,train
anime256,291179,test
anime256,291197,train
anime256,291259,train
anime256,291260,train
anime256,291273,train
anime256,291280,train
anime256,291283,train
anime256,291298,train
anime256,291302,train
anime256,291303,validation
anime256,291308,test
anime256,291313,validation
anime256,291314,test
anime256,291332,test
anime256,291340,validation
anime256,293706,train
anime256,293708,train
anime256,293727,train
anime256,293732,train
anime256,293746,test
anime256,293755,train
anime256,293759,test
anime256,293766,validation
anime256,293782,train
anime256,293784,validation
anime256,293791,train
anime256,293792,train
anime256,293793,train
anime256,293796,train
anime256,293802,train
anime256,293805,train
anime256,293815,train
anime256,293817,validation
anime256,293824,train
anime256,293826,train
anime256,293827,train
anime256,293829,train
anime256,293835,train
anime256,293845,train
anime256,293888,train
anime256,293896,train
anime256,293898,train
anime256,293901,train
anime256,293906,train
anime256,293909,train
anime256,293920,train
anime256,293951,test
anime256,293967,train
anime256,293968,test
anime256,293980,train
anime256,294,test
anime256,294009,train
anime256,294015,test
anime256,294023,train
anime256,294024,test
anime256,294026,test
anime256,294029,train
anime256,294036,train
anime256,294038,validation
anime256,294044,validation
anime256,294047,train
anime256,294050,train
anime256,294054,test
anime256,294059,validation
anime256,294065,validation
anime256,294084,train
anime256,294085,train
anime256,294088,train
anime256,294096,train
anime256,294098,train
anime256,294107,train
anime256,294118,validation
anime256,294129,train
anime256,294148,train
anime256,294152,train
anime256,294164,train
anime256,294174,train
anime256,294176,train
anime256,294180,train
anime256,294181,train
anime256,294187,test
anime256,294199,test
anime256,294202,validation
anime256,294205,test
anime256,294217,test
anime256,294223,train
anime256,294226,train
anime256,294229,train
anime256,294238,train
anime256,294251,train
anime256,294261,test
anime256,294262,train
anime256,294265,train
anime256,294266,train
anime256,294268,validation
anime256,294269,test
anime256,294270,train
anime256,294281,train
anime256,294288,validation
anime256,294334,validation
anime256,294335,train
anime256,294340,train
anime256,294345,test
anime256,294346,train
anime256,294347,train
anime256,294352,train
anime256,294392,test
anime256,294397,train
anime256,294402,test
anime256,294403,test
anime256,294405,train
anime256,294418,train
anime256,294424,test
anime256,294425,train
anime256,294430,test
anime256,294434,validation
anime256,294435,validation
anime256,294436,train
anime256,294442,validation
anime256,294456,validation
anime256,294457,train
anime256,294458,train
anime256,294459,test
anime256,294470,train
anime256,294476,train
anime256,294478,train
anime256,294483,train
anime256,294484,test
anime256,294485,test
anime256,294525,train
anime256,294527,train
anime256,294529,validation
anime256,294533,train
anime256,294535,validation
anime256,294560,validation
anime256,294566,train
anime256,294574,train
anime256,294577,train
anime256,294579,train
anime256,294581,train
anime256,294590,train
anime256,294591,train
anime256,294594,train
anime256,294598,train
anime256,294620,train
anime256,294624,test
anime256,294643,train
anime256,294646,train
anime256,294653,train
anime256,294668,validation
anime256,294674,train
anime256,294691,train
anime256,294708,train
anime256,294723,test
anime256,294725,train
anime256,294732,test
anime256,294736,train
anime256,294740,train
anime256,294744,train
anime256,294753,test
anime256,297116,train
anime256,297117,train
anime256,297126,train
anime256,297154,train
anime256,297168,train
anime256,297176,test
anime256,297183,train
anime256,297188,train
anime256,297193,train
anime256,297198,test
anime256,297202,train
anime256,297204,train
anime256,297213,train
anime256,297215,train
anime256,297218,train
anime256,297226,train
anime256,297233,train
anime256,297235,train
anime256,297250,train
anime256,297279,train
anime256,297283,train
anime256,297311,validation
anime256,297313,test
anime256,297317,train
anime256,297318,train
anime256,297343,test
anime256,297345,train
anime256,297366,train
anime256,297368,train
anime256,297374,train
anime256,297378,test
anime256,297425,train
anime256,297429,train
anime256,297435,train
anime256,297441,train
anime256,297449,test
anime256,297452,train
anime256,297469,train
anime256,297473,train
anime256,297492,train
anime256,297500,validation
anime256,297504,train
anime256,297509,validation
anime256,297513,train
anime256,297514,train
anime256,297523,validation
anime256,297528,train
anime256,297542,train
anime256,297553,train
anime256,297558,test
anime256,297559,train
anime256,297566,validation
anime256,297578,train
anime256,297586,train
anime256,297587,train
anime256,297588,train
anime256,297608,train
anime256,297609,train
anime256,297610,validation
anime256,297618,train
anime256,297621,train
anime256,297625,train
anime256,297637,train
anime256,297645,train
anime256,297649,test
anime256,297650,train
anime256,297661,train
anime256,297684,validation
anime256,297689,train
anime256,297696,train
anime256,297715,train
anime256,297727,test
anime256,297744,test
anime256,297746,train
anime256,297750,test
anime256,297759,train
anime256,297762,train
anime256,297786,train
anime256,297796,train
anime256,297802,train
anime256,297804,train
anime256,297807,train
anime256,297822,validation
anime256,297842,train
anime256,297843,train
anime256,297844,train
anime256,297846,train
anime256,297856,train
anime256,297857,train
anime256,297863,test
anime256,297865,test
anime256,297866,test
anime256,297867,train
anime256,297877,train
anime256,297879,train
anime256,297880,train
anime256,297881,train
anime256,297885,train
anime256,297887,train
anime256,297891,validation
anime256,297893,test
anime256,297905,train
anime256,297911,test
anime256,297913,train
anime256,297918,train
anime256,297921,test
anime256,297927,train
anime256,297940,train
anime256,297946,train
anime256,297950,train
anime256,297953,train
anime256,297955,train
anime256,297956,train
anime256,297960,train
anime256,297961,test
anime256,297962,train
anime256,297977,train
anime256,297979,train
anime256,297989,test
anime256,297995,train
anime256,298,validation
anime256,298012,validation
anime256,298014,validation
anime256,298015,train
anime256,298037,train
anime256,298047,train
anime256,298053,train
anime256,298059,train
anime256,298067,test
anime256,298071,test
anime256,298091,train
anime256,298095,train
anime256,298101,train
anime256,298107,train
anime256,298116,test
anime256,298117,train
anime256,298122,train
anime256,298125,train
anime256,298127,train
anime256,298131,train
anime256,300605,train
anime256,300608,validation
anime256,300612,validation
anime256,300613,train
anime256,300619,test
anime256,300620,train
anime256,300631,test
anime256,300637,train
anime256,300668,train
anime256,300678,train
anime256,300681,train
anime256,300691,train
anime256,300703,validation
anime256,300741,validation
anime256,300749,test
anime256,300751,train
anime256,300757,validation
anime256,300758,train
anime256,300784,train
anime256,300792,train
anime256,300793,test
anime256,300798,train
anime256,300837,test
anime256,300842,test
anime256,300849,train
anime256,300850,test
anime256,300852,test
anime256,300861,validation
anime256,300879,test
anime256,300887,train
anime256,300888,train
anime256,300911,train
anime256,300927,train
anime256,300929,train
anime256,300934,train
anime256,300959,test
anime256,300988,test
anime256,300989,train
anime256,300993,train
anime256,300996,validation
anime256,301005,train
anime256,301023,test
anime256,301030,train
anime256,301031,train
anime256,301038,validation
anime256,301040,train
anime256,301052,train
anime256,301056,test
anime256,301089,validation
anime256,301093,train
anime256,301099,train
anime256,301109,train
anime256,301123,train
anime256,301136,test
anime256,301153,train
anime256,301160,train
anime256,301162,train
anime256,301171,train
anime256,301173,validation
anime256,301175,train
anime256,301177,test
anime256,301182,train
anime256,301183,train
anime256,301189,train
anime256,301198,validation
anime256,301211,test
anime256,301223,validation
anime256,301230,train
anime256,301232,train
anime256,301238,train
anime256,301246,train
anime256,301250,train
anime256,301252,train
anime256,301256,train
anime256,301257,train
anime256,301262,train
anime256,301297,train
anime256,301311,train
anime256,301315,train
anime256,301343,train
anime256,301356,train
anime256,301400,train
anime256,301401,train
anime256,301402,test
anime256,301412,validation
anime256,301417,train
anime256,301428,train
anime256,301430,test
anime256,301434,train
anime256,301460,train
anime256,301473,train
anime256,301490,train
anime256,301496,train
anime256,301504,train
anime256,301509,train
anime256,301515,train
anime256,301548,train
anime256,301550,train
anime256,301553,train
anime256,301555,train
anime256,301567,train
anime256,301571,validation
anime256,301573,train
anime256,301574,test
anime256,301590,train
anime256,301597,test
anime256,301602,train
anime256,301605,validation
anime256,301609,test
anime256,301610,train
anime256,303968,train
anime256,303971,train
anime256,303979,train
anime256,303980,train
anime256,303991,test
anime256,304017,train
anime256,304023,test
anime256,304024,train
anime256,304039,validation
anime256,304040,train
anime256,304053,train
anime256,304078,train
anime256,304099,train
anime256,304100,train
anime256,304110,train
anime256,304131,train
anime256,304134,validation
anime256,304142,train
anime256,304159,train
anime256,304189,train
anime256,304192,train
anime256,304212,train
anime256,304223,train
anime256,304255,train
anime256,304258,train
anime256,304261,train
anime256,304304,validation
anime256,304306,test
anime256,304307,test
anime256,304311,test
anime256,304317,train
anime256,304328,train
anime256,304329,train
anime256,304341,train
anime256,304376,train
anime256,304381,train
anime256,304382,train
anime256,304384,train
anime256,304388,train
anime256,304391,validation
anime256,304401,train
anime256,304420,train
anime256,304427,train
anime256,304428,validation
anime256,304429,train
anime256,304435,train
anime256,304436,train
anime256,304438,train
anime256,304441,train
anime256,304442,train
anime256,304453,validation
anime256,304461,train
anime256,304463,train
anime256,304466,train
anime256,304473,test
anime256,304476,train
anime256,304483,train
anime256,304495,train
anime256,304498,train
anime256,304504,validation
anime256,304508,train
anime256,304512,train
anime256,304513,train
anime256,304526,validation
anime256,304533,train
anime256,304534,validation
anime256,304536,train
anime256,304539,train
anime256,304541,test
anime256,304545,test
anime256,304546,validation
anime256,304566,train
anime256,304574,train
anime256,304585,train
anime256,304589,train
anime256,304593,train
anime256,304598,train
anime256,304605,train
anime256,304615,train
anime256,304619,test
anime256,304622,train
anime256,304632,validation
anime256,304635,train
anime256,304636,test
anime256,304637,train
anime256,304646,test
anime256,304647,test
anime256,304652,test
anime256,304653,test
anime256,304659,train
anime256,304661,validation
anime256,304675,train
anime256,304681,train
anime256,304697,train
anime256,304700,train
anime256,304707,test
anime256,304710,train
anime256,304714,train
anime256,304716,test
anime256,304720,train
anime256,304735,test
anime256,304756,train
anime256,304761,train
anime256,304765,train
anime256,304767,test
anime256,304793,train
anime256,304807,validation
anime256,304808,validation
anime256,304818,test
anime256,304827,train
anime256,304832,train
anime256,304836,train
anime256,304842,validation
anime256,304853,train
anime256,304855,test
anime256,304860,train
anime256,304872,train
anime256,304896,train
anime256,304900,train
anime256,304917,train
anime256,304924,train
anime256,304933,train
anime256,304940,test
anime256,304946,validation
anime256,304960,validation
anime256,304964,train
anime256,306,train
anime256,307394,train
anime256,307428,train
anime256,307432,train
anime256,307441,train
anime256,307452,validation
anime256,307457,validation
anime256,307479,train
anime256,307494,train
anime256,307514,train
anime256,307524,test
anime256,307533,train
anime256,307537,train
anime256,307543,train
anime256,307569,train
anime256,307570,validation
anime256,307576,train
anime256,30758,train
anime256,307583,train
anime256,307596,train
anime256,307601,train
anime256,307602,validation
anime256,307605,test
anime256,307610,test
anime256,307626,train
anime256,307629,train
anime256,307659,train
anime256,307671,train
anime256,307688,train
anime256,307708,test
anime256,307712,validation
anime256,307713,train
anime256,30772,train
anime256,307723,train
anime256,307724,train
anime256,307743,train
anime256,30775,train
anime256,307778,validation
anime256,307780,test
anime256,307784,train
anime256,307785,test
anime256,307787,test
anime256,307793,train
anime256,307794,test
anime256,307797,test
anime256,307808,train
anime256,307813,train
anime256,307821,train
anime256,307823,train
anime256,307840,train
anime256,307843,train
anime256,30785,train
anime256,307862,train
anime256,307863,validation
anime256,307864,validation
anime256,307865,train
anime256,307898,train
anime256,307907,train
anime256,307908,train
anime256,307911,train
anime256,307912,validation
anime256,307925,train
anime256,307926,test
anime256,307932,validation
anime256,307936,test
anime256,307937,train
anime256,307938,train
anime256,307945,train
anime256,307948,train
anime256,307959,train
anime256,30796,train
anime256,307963,train
anime256,307965,train
anime256,307966,validation
anime256,307968,test
anime256,307971,validation
anime256,307979,train
anime256,307986,train
anime256,30800,train
anime256,308004,test
anime256,308007,train
anime256,308017,test
anime256,308018,train
anime256,308030,validation
anime256,308032,train
anime256,308034,train
anime256,308039,train
anime256,308040,train
anime256,308055,train
anime256,308064,test
anime256,308071,train
anime256,308078,train
anime256,308081,train
anime256,308083,train
anime256,308085,validation
anime256,308092,train
anime256,308095,train
anime256,308111,train
anime256,308119,train
anime256,308143,test
anime256,308145,train
anime256,308156,train
anime256,308159,train
anime256,308162,test
anime256,308165,train
anime256,308182,test
anime256,308188,train
anime256,308196,validation
anime256,308197,train
anime256,308198,test
anime256,308211,train
anime256,308212,train
anime256,308219,train
anime256,308222,test
anime256,308227,train
anime256,308232,validation
anime256,30825,train
anime256,308250,train
anime256,308253,test
anime256,308265,test
anime256,308280,train
anime256,308282,train
anime256,308286,train
anime256,308289,train
anime256,308295,train
anime256,308302,validation
anime256,308312,train
anime256,308313,train
anime256,308325,train
anime256,308334,train
anime256,308335,test
anime256,308340,test
anime256,308342,train
anime256,308351,train
anime256,308357,test
anime256,308360,train
anime256,308372,train
anime256,30878,test
anime256,30879,train
anime256,30881,test
anime256,30885,train
anime256,30887,train
anime256,30899,test
anime256,30924,train
anime256,30943,test
anime256,30948,train
anime256,30952,test
anime256,30954,train
anime256,30960,train
anime256,30963,train
anime256,30982,train
anime256,30992,train
anime256,31026,test
anime256,31029,train
anime256,31037,train
anime256,31046,validation
anime256,31050,train
anime256,31075,train
anime256,31076,train
anime256,310766,train
anime256,310787,train
anime256,310798,train
anime256,31082,train
anime256,310820,train
anime256,310822,test
anime256,310826,train
anime256,310832,test
anime256,310848,test
anime256,310862,train
anime256,310865,train
anime256,310872,test
anime256,310884,train
anime256,31091,train
anime256,31092,train
anime256,31093,train
anime256,31094,validation
anime256,310957,train
anime256,310976,train
anime256,311009,train
anime256,31102,train
anime256,311020,validation
anime256,311023,train
anime256,311031,validation
anime256,311033,test
anime256,311057,validation
anime256,311063,train
anime256,311066,train
anime256,311067,train
anime256,311071,train
anime256,311072,train
anime256,311076,train
anime256,311081,test
anime256,311105,train
anime256,311112,train
anime256,311116,train
anime256,311117,train
anime256,311123,train
anime256,311124,train
anime256,311127,train
anime256,311148,train
anime256,311155,train
anime256,311156,train
anime256,311158,train
anime256,311177,train
anime256,311179,test
anime256,311195,train
anime256,311200,train
anime256,311214,train
anime256,311218,test
anime256,311230,train
anime256,311231,validation
anime256,311233,train
anime256,311237,train
anime256,311238,train
anime256,311249,train
anime256,311253,train
anime256,311255,train
anime256,311256,train
anime256,311263,validation
anime256,311285,train
anime256,311286,validation
anime256,311299,train
anime256,311312,test
anime256,311315,train
anime256,311316,train
anime256,31133,validation
anime256,311341,validation
anime256,311347,train
anime256,311349,train
anime256,311372,train
anime256,311391,validation
anime256,311393,train
anime256,311431,train
anime256,311433,train
anime256,311437,test
anime256,311439,train
anime256,311446,test
anime256,311453,train
anime256,311455,validation
anime256,311457,validation
anime256,311458,train
anime256,311461,test
anime256,311483,train
anime256,311486,test
anime256,311488,train
anime256,311497,train
anime256,311498,test
anime256,311501,train
anime256,311503,train
anime256,311509,train
anime256,31152,test
anime256,31153,train
anime256,311535,train
anime256,311537,train
anime256,311541,test
anime256,311555,train
anime256,311561,train
anime256,311562,test
anime256,311590,train
anime256,311604,validation
anime256,311608,train
anime256,311619,train
anime256,311622,test
anime256,311627,test
anime256,311649,train
anime256,311651,train
anime256,311654,train
anime256,311657,train
anime256,311665,train
anime256,311676,train
anime256,311694,train
anime256,311696,train
anime256,311698,train
anime256,311704,validation
anime256,311713,train
anime256,311714,train
anime256,31172,train
anime256,311728,train
anime256,311730,train
anime256,311737,train
anime256,311752,train
anime256,311756,train
anime256,311766,train
anime256,311777,validation
anime256,311785,train
anime256,311788,test
anime256,311796,train
anime256,311811,train
anime256,311812,train
anime256,311814,test
anime256,311823,train
anime256,311824,train
anime256,31214,train
anime256,31228,train
anime256,31229,test
anime256,31244,train
anime256,31299,train
anime256,31305,train
anime256,31306,train
anime256,31309,validation
anime256,31315,train
anime256,31317,test
anime256,31320,train
anime256,31322,train
anime256,31324,train
anime256,31328,validation
anime256,31331,train
anime256,31332,train
anime256,31337,test
anime256,31348,train
anime256,31361,test
anime256,31364,train
anime256,31372,train
anime256,31374,train
anime256,31381,validation
anime256,31386,train
anime256,31388,test
anime256,31393,train
anime256,31394,train
anime256,314,train
anime256,314207,train
anime256,314213,train
anime256,314220,train
anime256,314231,train
anime256,314240,train
anime256,314241,test
anime256,314250,train
anime256,314253,train
anime256,314260,train
anime256,314262,train
anime256,314276,train
anime256,314281,train
anime256,314283,train
anime256,314305,train
anime256,314317,train
anime256,314320,train
anime256,314321,train
anime256,314332,train
anime256,314343,validation
anime256,314350,train
anime256,314353,train
anime256,314374,train
anime256,314385,train
anime256,314411,train
anime256,314431,train
anime256,314439,train
anime256,314457,train
anime256,314466,train
anime256,314471,train
anime256,314479,train
anime256,314483,train
anime256,314491,train
anime256,314500,train
anime256,314512,validation
anime256,314513,train
anime256,314517,validation
anime256,314525,train
anime256,314529,validation
anime256,314547,test
anime256,314550,test
anime256,314560,train
anime256,314576,test
anime256,314584,train
anime256,314594,test
anime256,314607,train
anime256,314610,train
anime256,314616,train
anime256,314628,test
anime256,314630,validation
anime256,314632,train
anime256,314640,train
anime256,314644,test
anime256,314645,validation
anime256,314648,validation
anime256,314650,train
anime256,314651,train
anime256,314652,test
anime256,314656,train
anime256,314658,train
anime256,314671,validation
anime256,314672,train
anime256,314675,train
anime256,314677,train
anime256,314678,validation
anime256,314699,train
anime256,314709,train
anime256,314710,validation
anime256,314712,train
anime256,314713,train
anime256,314714,test
anime256,314715,train
anime256,314721,train
anime256,314734,train
anime256,314737,train
anime256,314747,train
anime256,314748,train
anime256,314750,train
anime256,314758,train
anime256,314759,validation
anime256,314800,train
anime256,314810,validation
anime256,314817,test
anime256,314820,train
anime256,314827,train
anime256,314828,test
anime256,314831,validation
anime256,314832,validation
anime256,314847,train
anime256,314849,validation
anime256,314850,train
anime256,314862,test
anime256,314865,train
anime256,314866,train
anime256,314870,train
anime256,314882,train
anime256,314887,train
anime256,314889,train
anime256,314898,train
anime256,314916,train
anime256,314917,validation
anime256,314918,train
anime256,314932,train
anime256,314935,validation
anime256,314939,train
anime256,314941,test
anime256,314953,validation
anime256,314959,train
anime256,314964,test
anime256,314965,train
anime256,314972,train
anime256,314976,train
anime256,314978,train
anime256,314979,train
anime256,314980,train
anime256,314988,train
anime256,314995,train
anime256,315011,train
anime256,315012,train
anime256,315021,train
anime256,315023,train
anime256,315025,train
anime256,315028,train
anime256,315033,train
anime256,315038,train
anime256,31504,train
anime256,315042,test
anime256,315044,train
anime256,315047,train
anime256,315049,train
anime256,31506,validation
anime256,31507,test
anime256,315076,train
anime256,31508,train
anime256,315093,test
anime256,315096,train
anime256,315102,train
anime256,315106,test
anime256,31513,train
anime256,315134,validation
anime256,31514,test
anime256,315144,validation
anime256,31515,test
anime256,315168,train
anime256,315169,train
anime256,315172,train
anime256,315174,train
anime256,315176,train
anime256,315185,test
anime256,31519,train
anime256,315205,train
anime256,31523,test
anime256,31532,train
anime256,31533,train
anime256,31534,train
anime256,31535,train
anime256,31536,train
anime256,31541,train
anime256,31620,test
anime256,31622,train
anime256,31625,train
anime256,31626,train
anime256,31627,train
anime256,31628,validation
anime256,31629,train
anime256,31630,train
anime256,31632,validation
anime256,31633,test
anime256,31645,train
anime256,31646,train
anime256,31654,train
anime256,31655,train
anime256,31656,test
anime256,31657,train
anime256,31660,train
anime256,31662,test
anime256,31663,train
anime256,31664,train
anime256,31720,validation
anime256,31721,validation
anime256,31727,validation
anime256,31730,validation
anime256,31731,train
anime256,31735,train
anime256,31741,train
anime256,31742,train
anime256,31743,train
anime256,31744,train
anime256,31745,train
anime256,31746,validation
anime256,31747,train
anime256,31748,test
anime256,31751,train
anime256,31755,train
anime256,317615,train
anime256,317663,train
anime256,317676,train
anime256,317677,train
anime256,317678,train
anime256,317691,train
anime256,317692,train
anime256,317693,train
anime256,317694,test
anime256,317702,train
anime256,317704,train
anime256,317705,validation
anime256,31771,train
anime256,317713,train
anime256,317718,train
anime256,317722,train
anime256,317723,train
anime256,317724,test
anime256,31773,train
anime256,317743,train
anime256,317749,train
anime256,31775,train
anime256,317754,train
anime256,31776,train
anime256,317775,train
anime256,317776,train
anime256,317777,train
anime256,31778,train
anime256,31779,train
anime256,31780,test
anime256,31781,train
anime256,317837,test
anime256,317849,train
anime256,317853,train
anime256,317872,test
anime256,317882,validation
anime256,317883,train
anime256,317922,train
anime256,317956,train
anime256,317965,train
anime256,317969,train
anime256,317970,train
anime256,317975,train
anime256,317979,test
anime256,318005,test
anime256,318021,train
anime256,318023,test
anime256,318026,train
anime256,318027,train
anime256,318064,train
anime256,318065,train
anime256,318079,train
anime256,318081,train
anime256,318086,train
anime256,318101,train
anime256,318106,train
anime256,318121,train
anime256,318126,train
anime256,318139,train
anime256,318141,train
anime256,318143,test
anime256,318144,train
anime256,318150,train
anime256,318151,train
anime256,318152,train
anime256,318192,validation
anime256,318199,train
anime256,318205,train
anime256,318214,train
anime256,318220,train
anime256,318235,test
anime256,318240,train
anime256,318242,train
anime256,318250,train
anime256,318252,train
anime256,318255,train
anime256,318258,train
anime256,318264,train
anime256,318267,validation
anime256,318268,validation
anime256,318282,test
anime256,318295,validation
anime256,318313,test
anime256,318326,train
anime256,318334,train
anime256,318349,validation
anime256,318356,train
anime256,318357,test
anime256,318360,train
anime256,318377,train
anime256,318379,train
anime256,318392,train
anime256,318395,test
anime256,318404,train
anime256,318426,validation
anime256,318427,test
anime256,318428,validation
anime256,318459,train
anime256,318475,train
anime256,318477,train
anime256,318478,train
anime256,318493,train
anime256,318507,test
anime256,318508,train
anime256,318513,train
anime256,318521,train
anime256,318525,train
anime256,318529,validation
anime256,318532,train
anime256,318540,train
anime256,318554,test
anime256,318576,train
anime256,318592,train
anime256,318596,train
anime256,318611,train
anime256,318617,train
anime256,318627,test
anime256,318632,train
anime256,318633,train
anime256,318636,train
anime256,318645,validation
anime256,318649,train
anime256,318654,train
anime256,318656,train
anime256,321082,test
anime256,321084,train
anime256,321085,train
anime256,321096,train
anime256,321105,train
anime256,321111,train
anime256,321115,validation
anime256,321116,train
anime256,321118,train
anime256,321121,test
anime256,321213,train
anime256,321225,train
anime256,321235,train
anime256,321251,train
anime256,321279,train
anime256,321280,validation
anime256,321287,train
anime256,321338,train
anime256,321350,train
anime256,321361,train
anime256,321368,train
anime256,321371,train
anime256,321373,validation
anime256,321378,train
anime256,321382,train
anime256,321405,validation
anime256,321406,validation
anime256,321420,validation
anime256,321421,train
anime256,321422,train
anime256,321423,train
anime256,321443,test
anime256,321455,train
anime256,321466,train
anime256,321467,test
anime256,321477,train
anime256,321488,train
anime256,321489,train
anime256,321508,train
anime256,321510,test
anime256,321516,test
anime256,321525,train
anime256,321534,train
anime256,321540,train
anime256,321541,train
anime256,321584,train
anime256,321586,train
anime256,321602,train
anime256,321605,train
anime256,321607,train
anime256,321608,train
anime256,321610,train
anime256,321614,train
anime256,321629,test
anime256,321636,test
anime256,321637,train
anime256,321644,train
anime256,321651,test
anime256,321663,validation
anime256,321670,train
anime256,321673,test
anime256,321710,train
anime256,321711,test
anime256,321713,train
anime256,321725,test
anime256,321739,test
anime256,321740,train
anime256,321742,test
anime256,321773,validation
anime256,321783,validation
anime256,321817,train
anime256,321819,train
anime256,321820,train
anime256,321831,train
anime256,321835,train
anime256,321855,validation
anime256,321856,train
anime256,321857,test
anime256,321864,train
anime256,321908,test
anime256,321909,train
anime256,321910,train
anime256,321932,train
anime256,321935,train
anime256,321937,train
anime256,321948,train
anime256,321950,train
anime256,321952,train
anime256,322027,train
anime256,322031,train
anime256,322050,train
anime256,322057,train
anime256,322063,train
anime256,322072,train
anime256,322086,train
anime256,322099,train
anime256,322100,train
anime256,322102,train
anime256,322106,train
anime256,322107,test
anime256,323,train
anime256,324,train
anime256,324464,test
anime256,324465,test
anime256,324522,train
anime256,324527,test
anime256,324529,test
anime256,324543,validation
anime256,324544,test
anime256,324545,train
anime256,324556,validation
anime256,324557,train
anime256,324564,test
anime256,324567,train
anime256,324571,train
anime256,324583,test
anime256,324672,train
anime256,324691,train
anime256,324714,train
anime256,324715,train
anime256,324723,train
anime256,324731,test
anime256,324781,train
anime256,324782,train
anime256,324805,train
anime256,324808,train
anime256,324809,validation
anime256,324815,train
anime256,324827,test
anime256,324832,validation
anime256,324842,train
anime256,324860,train
anime256,324885,validation
anime256,324901,train
anime256,324912,train
anime256,324928,test
anime256,324932,train
anime256,324957,train
anime256,324988,train
anime256,324998,test
anime256,325001,train
anime256,325004,train
anime256,325032,train
anime256,325045,train
anime256,325056,train
anime256,325063,test
anime256,325071,train
anime256,325100,train
anime256,325111,train
anime256,325125,train
anime256,325132,train
anime256,325159,train
anime256,325173,train
anime256,325180,train
anime256,325182,test
anime256,325184,train
anime256,325189,train
anime256,325193,train
anime256,325207,train
anime256,325217,train
anime256,325218,test
anime256,325221,train
anime256,325237,test
anime256,325238,validation
anime256,325240,train
anime256,325241,train
anime256,325329,train
anime256,325330,train
anime256,325332,train
anime256,325338,train
anime256,325362,validation
anime256,325363,train
anime256,325376,train
anime256,325395,train
anime256,325398,train
anime256,325400,train
anime256,325407,train
anime256,325425,train
anime256,325501,train
anime256,325503,train
anime256,325505,validation
anime256,325509,test
anime256,325511,train
anime256,325540,train
anime256,325545,train
anime256,325562,train
anime256,325563,train
anime256,326,train
anime256,327861,train
anime256,327923,train
anime256,327925,test
anime256,327929,test
anime256,327951,train
anime256,327955,train
anime256,327966,validation
anime256,327982,train
anime256,327997,validation
anime256,327998,train
anime256,328003,train
anime256,328040,validation
anime256,328044,test
anime256,328048,train
anime256,328058,validation
anime256,328065,test
anime256,328081,train
anime256,328106,train
anime256,328115,train
anime256,328117,train
anime256,328122,test
anime256,328130,test
anime256,328164,validation
anime256,328178,test
anime256,328187,train
anime256,328203,train
anime256,328212,validation
anime256,328216,train
anime256,328218,validation
anime256,328242,validation
anime256,328259,test
anime256,328261,train
anime256,328262,test
anime256,328271,test
anime256,328317,test
anime256,328323,train
anime256,328331,train
anime256,328332,train
anime256,328339,train
anime256,328346,test
anime256,328347,train
anime256,328374,train
anime256,328410,train
anime256,328417,train
anime256,328424,validation
anime256,328435,test
anime256,328445,train
anime256,328456,validation
anime256,328457,train
anime256,328469,train
anime256,328480,train
anime256,328487,test
anime256,328496,train
anime256,328497,validation
anime256,328505,train
anime256,328514,train
anime256,328516,train
anime256,328550,test
anime256,328552,validation
anime256,328553,train
anime256,328555,train
anime256,328558,train
anime256,328559,train
anime256,328560,test
anime256,328564,train
anime256,328571,validation
anime256,328575,train
anime256,328597,validation
anime256,328611,train
anime256,328620,train
anime256,328636,train
anime256,328642,train
anime256,328650,validation
anime256,328658,train
anime256,328684,train
anime256,328693,train
anime256,328707,train
anime256,328714,validation
anime256,328716,test
anime256,328723,train
anime256,328741,train
anime256,328743,test
anime256,328752,test
anime256,328754,train
anime256,328773,test
anime256,328783,test
anime256,328794,test
anime256,328801,train
anime256,328805,validation
anime256,328812,validation
anime256,328837,test
anime256,328847,test
anime256,328888,train
anime256,328889,train
anime256,328906,train
anime256,331282,train
anime256,331289,train
anime256,331294,test
anime256,331316,train
anime256,331328,train
anime256,331329,test
anime256,331377,train
anime256,331395,train
anime256,331396,train
anime256,331398,test
anime256,331401,train
anime256,331432,train
anime256,331434,train
anime256,331449,train
anime256,331472,validation
anime256,331476,train
anime256,331514,train
anime256,331544,train
anime256,331545,train
anime256,331563,train
anime256,331589,train
anime256,331597,validation
anime256,331613,train
anime256,331615,train
anime256,331627,test
anime256,331636,train
anime256,331637,train
anime256,331646,train
anime256,331685,train
anime256,331702,train
anime256,331727,train
anime256,331730,validation
anime256,331732,train
anime256,331757,train
anime256,331764,train
anime256,331771,train
anime256,331785,train
anime256,331788,validation
anime256,331790,train
anime256,331800,train
anime256,331810,train
anime256,331834,test
anime256,331853,train
anime256,331858,train
anime256,331863,train
anime256,331904,train
anime256,331925,train
anime256,331926,train
anime256,331927,train
anime256,331932,train
anime256,331935,train
anime256,331940,train
anime256,331949,train
anime256,331950,train
anime256,331972,train
anime256,331992,train
anime256,331997,train
anime256,332004,train
anime256,332005,validation
anime256,332007,train
anime256,332022,train
anime256,332050,train
anime256,332069,train
anime256,332081,train
anime256,332103,train
anime256,332107,train
anime256,332122,train
anime256,332124,train
anime256,332125,train
anime256,332128,test
anime256,332136,train
anime256,332145,train
anime256,332155,train
anime256,332156,train
anime256,332162,train
anime256,332169,train
anime256,332170,validation
anime256,332176,train
anime256,332177,validation
anime256,332181,validation
anime256,332189,test
anime256,332203,test
anime256,332209,validation
anime256,332228,train
anime256,332237,test
anime256,332243,test
anime256,332251,test
anime256,332252,train
anime256,332265,train
anime256,332321,train
anime256,332342,validation
anime256,332348,train
anime256,332351,test
anime256,332353,train
anime256,332360,train
anime256,334702,train
anime256,334704,test
anime256,334713,train
anime256,334744,train
anime256,334752,train
anime256,334755,train
anime256,334760,test
anime256,334811,train
anime256,334842,test
anime256,334860,train
anime256,334885,test
anime256,334890,train
anime256,334892,train
anime256,334917,train
anime256,334918,test
anime256,334930,train
anime256,334945,train
anime256,334947,test
anime256,335014,train
anime256,335022,test
anime256,335025,train
anime256,335027,train
anime256,335031,train
anime256,335033,validation
anime256,335038,train
anime256,335055,train
anime256,335056,validation
anime256,335058,train
anime256,335061,test
anime256,335064,test
anime256,335075,validation
anime256,335079,train
anime256,335097,validation
anime256,335101,train
anime256,335106,train
anime256,335109,train
anime256,335110,train
anime256,335117,validation
anime256,335238,train
anime256,335240,validation
anime256,335244,train
anime256,335247,train
anime256,335254,validation
anime256,335267,train
anime256,335268,train
anime256,335328,train
anime256,335345,validation
anime256,335352,train
anime256,335353,train
anime256,335361,train
anime256,335368,train
anime256,335389,train
anime256,335391,train
anime256,335398,train
anime256,335404,train
anime256,335405,train
anime256,335423,train
anime256,335436,train
anime256,335440,test
anime256,335443,validation
anime256,335455,train
anime256,335460,test
anime256,335461,validation
anime256,335462,train
anime256,335464,train
anime256,335491,train
anime256,335501,train
anime256,335502,test
anime256,335506,train
anime256,335522,train
anime256,335523,validation
anime256,335524,train
anime256,335525,train
anime256,335529,train
anime256,335560,train
anime256,335567,train
anime256,335574,train
anime256,335576,test
anime256,335578,train
anime256,335580,train
anime256,335581,train
anime256,335582,train
anime256,335583,train
anime256,335585,test
anime256,335587,validation
anime256,335590,train
anime256,335592,train
anime256,335594,train
anime256,335597,train
anime256,335598,train
anime256,335599,train
anime256,335609,train
anime256,335682,train
anime256,335683,train
anime256,335692,test
anime256,335693,train
anime256,335695,train
anime256,335709,test
anime256,335745,test
anime256,336,test
anime256,338,train
anime256,338096,train
anime256,338132,train
anime256,338133,train
anime256,338139,train
anime256,338190,train
anime256,338193,train
anime256,338194,train
anime256,338237,train
anime256,338251,test
anime256,338260,train
anime256,338278,test
anime256,338281,test
anime256,338326,train
anime256,338377,train
anime256,338444,train
anime256,338463,train
anime256,338464,train
anime256,338480,train
anime256,338490,validation
anime256,338494,train
anime256,338509,train
anime256,338513,validation
anime256,338559,train
anime256,338560,train
anime256,338585,train
anime256,338591,validation
anime256,338604,validation
anime256,338618,train
anime256,338624,train
anime256,338633,train
anime256,338644,train
anime256,338651,train
anime256,338652,train
anime256,338678,train
anime256,338689,train
anime256,338696,validation
anime256,338705,test
anime256,338714,train
anime256,338725,validation
anime256,338735,train
anime256,338742,test
anime256,338746,validation
anime256,338748,validation
anime256,338761,train
anime256,338771,validation
anime256,338772,train
anime256,338781,validation
anime256,338846,train
anime256,338872,train
anime256,338903,train
anime256,338918,train
anime256,338947,train
anime256,338949,train
anime256,338976,test
anime256,338986,train
anime256,339002,train
anime256,339009,train
anime256,339075,train
anime256,339091,train
anime256,339101,train
anime256,339104,train
anime256,339108,train
anime256,339120,test
anime256,339125,test
anime256,339126,train
anime256,339192,train
anime256,339193,validation
anime256,339200,train
anime256,339201,train
anime256,339233,train
anime256,339247,train
anime256,339251,train
anime256,339257,train
anime256,34163,train
anime256,34185,train
anime256,34195,train
anime256,34253,train
anime256,34264,train
anime256,34265,test
anime256,34266,train
anime256,34267,train
anime256,34268,train
anime256,34277,train
anime256,34279,train
anime256,34289,train
anime256,34294,validation
anime256,3430,train
anime256,3432,test
anime256,34331,train
anime256,34335,train
anime256,3434,train
anime256,34341,validation
anime256,34342,test
anime256,34343,train
anime256,34368,train
anime256,34370,validation
anime256,34387,train
anime256,34439,train
anime256,3445,test
anime256,34451,train
anime256,34495,train
anime256,34508,train
anime256,34513,train
anime256,34514,test
anime256,34515,train
anime256,34516,train
anime256,34518,train
anime256,34552,validation
anime256,34553,train
anime256,34583,train
anime256,34584,train
anime256,34586,train
anime256,34607,test
anime256,34626,train
anime256,34627,train
anime256,34643,test
anime256,34650,train
anime256,34652,train
anime256,34653,validation
anime256,34665,train
anime256,34666,train
anime256,3467,validation
anime256,3468,train
anime256,34681,train
anime256,34682,train
anime256,3469,train
anime256,34692,validation
anime256,347,train
anime256,34714,validation
anime256,34718,train
anime256,34721,train
anime256,34722,validation
anime256,34723,train
anime256,34725,train
anime256,34726,train
anime256,3473,train
anime256,34730,test
anime256,34731,train
anime256,34734,train
anime256,34736,train
anime256,3475,train
anime256,3477,train
anime256,3478,train
anime256,34782,train
anime256,34784,train
anime256,34785,train
anime256,34789,validation
anime256,34794,validation
anime256,34796,train
anime256,34797,train
anime256,34798,test
anime256,34810,test
anime256,34816,train
anime256,34817,train
anime256,34822,train
anime256,34833,train
anime256,34835,train
anime256,34846,train
anime256,34850,train
anime256,34852,train
anime256,34857,train
anime256,34865,train
anime256,34869,validation
anime256,34875,train
anime256,3488,train
anime256,34880,test
anime256,34886,train
anime256,34888,train
anime256,34889,train
anime256,3489,test
anime256,34890,train
anime256,34891,train
anime256,34894,train
anime256,3490,validation
anime256,34904,train
anime256,34909,test
anime256,34917,test
anime256,34922,test
anime256,34929,train
anime256,3493,train
anime256,34934,train
anime256,34937,train
anime256,34946,train
anime256,3495,train
anime256,34950,train
anime256,34951,test
anime256,34953,train
anime256,34955,train
anime256,34956,train
anime256,34961,train
anime256,34963,train
anime256,34964,validation
anime256,34967,train
anime256,34970,train
anime256,34982,train
anime256,34988,train
anime256,34989,train
anime256,34990,train
anime256,34991,train
anime256,34992,train
anime256,34994,train
anime256,34999,train
anime256,35003,train
anime256,35010,train
anime256,3502,validation
anime256,35045,train
anime256,35050,validation
anime256,35058,validation
anime256,35059,test
anime256,35063,train
anime256,35068,train
anime256,35069,test
anime256,35077,train
anime256,35090,train
anime256,35094,test
anime256,3511,train
anime256,35111,train
anime256,35113,train
anime256,35117,train
anime256,3512,test
anime256,35125,train
anime256,35126,test
anime256,35127,test
anime256,35130,train
anime256,35134,validation
anime256,35137,train
anime256,3514,train
anime256,35146,train
anime256,3520,validation
anime256,3525,test
anime256,3532,train
anime256,3537,train
anime256,3539,train
anime256,3541,train
anime256,3558,train
anime256,356,train
anime256,3561,train
anime256,3564,train
anime256,3575,train
anime256,3579,train
anime256,3581,train
anime256,3582,train
anime256,3583,train
anime256,3584,train
anime256,3585,train
anime256,3599,train
anime256,36,train
anime256,3601,test
anime256,3612,train
anime256,3614,train
anime256,3624,train
anime256,3640,train
anime256,3646,train
anime256,3653,train
anime256,3661,train
anime256,3662,train
anime256,3664,train
anime256,3679,train
anime256,3692,test
anime256,37,train
anime256,3703,train
anime256,3709,train
anime256,3717,train
anime256,3729,train
anime256,3731,train
anime256,3733,train
anime256,3735,train
anime256,3738,train
anime256,3739,train
anime256,3740,test
anime256,3753,test
anime256,3757,train
anime256,37583,train
anime256,37599,train
anime256,37619,train
anime256,3762,train
anime256,37621,train
anime256,37622,train
anime256,37627,test
anime256,3763,train
anime256,37633,train
anime256,37634,train
anime256,37635,test
anime256,37638,train
anime256,37641,train
anime256,37646,train
anime256,37653,test
anime256,37654,test
anime256,37664,train
anime256,37674,test
anime256,37675,validation
anime256,37678,train
anime256,37712,train
anime256,37724,train
anime256,37725,test
anime256,37731,train
anime256,37742,train
anime256,37758,train
anime256,3776,train
anime256,37765,train
anime256,3777,train
anime256,3778,train
anime256,37794,train
anime256,37796,validation
anime256,37811,train
anime256,37813,train
anime256,37814,train
anime256,37815,test
anime256,3782,train
anime256,37821,train
anime256,37824,train
anime256,37832,train
anime256,37836,train
anime256,37839,train
anime256,37841,train
anime256,37853,validation
anime256,37854,train
anime256,37880,train
anime256,37886,train
anime256,3789,train
anime256,37890,train
anime256,37896,train
anime256,379,train
anime256,37909,train
anime256,37913,test
anime256,37922,train
anime256,37924,train
anime256,37926,train
anime256,37929,train
anime256,3794,train
anime256,3796,test
anime256,37966,train
anime256,37967,test
anime256,37968,train
anime256,37975,test
anime256,3799,train
anime256,38000,train
anime256,38001,test
anime256,38005,train
anime256,38006,train
anime256,38007,train
anime256,38020,train
anime256,38022,train
anime256,38028,train
anime256,38036,train
anime256,38037,train
anime256,38038,train
anime256,3804,train
anime256,38044,train
anime256,38050,train
anime256,38057,test
anime256,3806,train
anime256,3807,train
anime256,38075,train
anime256,38077,train
anime256,38084,validation
anime256,3809,train
anime256,3810,train
anime256,38103,train
anime256,38107,test
anime256,38113,train
anime256,38121,train
anime256,38139,test
anime256,38147,validation
anime256,38153,test
anime256,3816,train
anime256,38160,train
anime256,38167,train
anime256,38170,train
anime256,38172,validation
anime256,38179,train
anime256,38181,train
anime256,38182,train
anime256,38184,train
anime256,3819,test
anime256,38190,train
anime256,38191,train
anime256,38192,test
anime256,38193,test
anime256,38195,test
anime256,38196,train
anime256,38197,train
anime256,38199,train
anime256,3820,train
anime256,38205,validation
anime256,38206,train
anime256,38210,train
anime256,38212,train
anime256,38213,train
anime256,38216,train
anime256,38225,train
anime256,3823,train
anime256,38239,train
anime256,38244,test
anime256,38251,train
anime256,38252,train
anime256,3826,train
anime256,38260,validation
anime256,38263,train
anime256,38264,test
anime256,38269,train
anime256,3827,train
anime256,38271,train
anime256,38272,train
anime256,38275,test
anime256,38279,train
anime256,38281,train
anime256,38287,train
anime256,38289,train
anime256,38291,train
anime256,3830,train
anime256,38302,validation
anime256,38304,train
anime256,38307,train
anime256,38309,train
anime256,38310,validation
anime256,38315,train
anime256,38318,train
anime256,38319,train
anime256,3834,train
anime256,38340,train
anime256,38347,train
anime256,38348,test
anime256,38349,validation
anime256,3835,train
anime256,38351,train
anime256,38352,train
anime256,38355,train
anime256,38358,train
anime256,3836,test
anime256,38365,train
anime256,38371,train
anime256,38376,train
anime256,38379,train
anime256,3839,train
anime256,3840,train
anime256,38405,validation
anime256,38406,train
anime256,38408,train
anime256,38411,train
anime256,38442,test
anime256,38443,train
anime256,38445,train
anime256,38446,train
anime256,3845,train
anime256,38452,train
anime256,38457,train
anime256,38463,train
anime256,3847,train
anime256,38471,train
anime256,38477,test
anime256,3848,train
anime256,38482,train
anime256,38483,train
anime256,38487,test
anime256,38488,validation
anime256,3849,train
anime256,38490,train
anime256,38491,train
anime256,38492,train
anime256,38493,train
anime256,3850,train
anime256,38509,train
anime256,3851,train
anime256,38510,train
anime256,38511,train
anime256,3852,train
anime256,38523,validation
anime256,38524,train
anime256,38526,train
anime256,38527,test
anime256,3853,train
anime256,38537,train
anime256,38541,train
anime256,38543,train
anime256,38544,train
anime256,38545,train
anime256,38546,train
anime256,3855,train
anime256,38555,test
anime256,38556,train
anime256,38557,train
anime256,38558,train
anime256,38561,test
anime256,38569,train
anime256,38570,train
anime256,38572,train
anime256,38583,validation
anime256,38584,train
anime256,38586,train
anime256,38588,train
anime256,38596,validation
anime256,3866,train
anime256,3869,train
anime256,3871,train
anime256,3873,train
anime256,3874,train
anime256,3877,test
anime256,3879,train
anime256,3880,train
anime256,3887,test
anime256,3893,validation
anime256,3899,train
anime256,3900,train
anime256,3902,train
anime256,3907,train
anime256,3913,validation
anime256,3916,train
anime256,3917,test
anime256,3920,train
anime256,3923,validation
anime256,3925,train
anime256,3931,train
anime256,3939,train
anime256,3940,train
anime256,3942,train
anime256,3945,train
anime256,3948,train
anime256,3953,train
anime256,3960,train
anime256,3961,train
anime256,3965,test
anime256,3969,train
anime256,3973,test
anime256,3986,test
anime256,3989,test
anime256,3992,train
anime256,3993,train
anime256,3996,train
anime256,3997,train
anime256,3998,train
anime256,3999,train
anime256,4000,train
anime256,4006,train
anime256,4010,test
anime256,4011,train
anime256,4012,train
anime256,4013,train
anime256,4014,train
anime256,4015,validation
anime256,4018,train
anime256,4021,train
anime256,4022,test
anime256,4023,train
anime256,4024,train
anime256,4025,train
anime256,4033,train
anime256,4036,train
anime256,4037,train
anime256,4039,test
anime256,4044,train
anime256,4045,train
anime256,4046,train
anime256,4050,validation
anime256,4051,test
anime256,4055,train
anime256,4057,train
anime256,4064,train
anime256,4065,train
anime256,4066,train
anime256,407,train
anime256,4070,train
anime256,4074,train
anime256,4076,train
anime256,4077,train
anime256,4080,train
anime256,4082,test
anime256,4089,train
anime256,4090,train
anime256,4091,train
anime256,4094,train
anime256,410,validation
anime256,4100,train
anime256,4101,test
anime256,41014,train
anime256,4102,train
anime256,41029,train
anime256,41030,train
anime256,41041,train
anime256,41042,test
anime256,41044,validation
anime256,4105,train
anime256,41051,train
anime256,41062,train
anime256,41064,train
anime256,41068,train
anime256,41085,test
anime256,41086,train
anime256,41087,test
anime256,4109,train
anime256,41094,train
anime256,41098,train
anime256,4110,train
anime256,41101,test
anime256,41105,train
anime256,41111,test
anime256,41116,train
anime256,41125,test
anime256,41127,train
anime256,4116,train
anime256,41162,train
anime256,41168,validation
anime256,41170,train
anime256,41175,train
anime256,41182,train
anime256,41184,test
anime256,41208,train
anime256,41210,train
anime256,41224,train
anime256,41225,test
anime256,41236,validation
anime256,41238,train
anime256,41240,train
anime256,41241,train
anime256,41242,train
anime256,41243,train
anime256,41244,validation
anime256,41245,train
anime256,41246,train
anime256,41247,train
anime256,41248,train
anime256,41249,test
anime256,4125,train
anime256,41254,test
anime256,41257,train
anime256,41258,train
anime256,41259,train
anime256,4127,train
anime256,41284,train
anime256,41288,train
anime256,41297,train
anime256,41299,train
anime256,41300,train
anime256,4131,test
anime256,41314,test
anime256,41315,validation
anime256,41319,test
anime256,41321,train
anime256,4133,train
anime256,4137,train
anime256,41375,train
anime256,41386,train
anime256,41388,train
anime256,41392,test
anime256,4140,validation
anime256,41401,train
anime256,41403,train
anime256,41409,train
anime256,41426,test
anime256,41427,test
anime256,41429,test
anime256,41436,validation
anime256,4146,train
anime256,41468,train
anime256,41485,test
anime256,41490,train
anime256,41492,train
anime256,41499,train
anime256,41507,train
anime256,41508,train
anime256,41510,train
anime256,41514,validation
anime256,41518,train
anime256,41519,validation
anime256,4152,train
anime256,41524,train
anime256,41528,train
anime256,41529,train
anime256,41530,train
anime256,41532,train
anime256,41536,train
anime256,41541,validation
anime256,41544,test
anime256,41550,train
anime256,41559,test
anime256,41565,validation
anime256,41568,test
anime256,41574,train
anime256,41575,validation
anime256,41576,train
anime256,41577,validation
anime256,41583,train
anime256,41587,train
anime256,41591,train
anime256,41592,validation
anime256,41598,train
anime256,41599,train
anime256,41606,test
anime256,41629,train
anime256,41630,train
anime256,41633,train
anime256,41636,validation
anime256,4165,test
anime256,41652,train
anime256,41657,train
anime256,41658,test
anime256,4166,train
anime256,41664,train
anime256,41675,train
anime256,41676,validation
anime256,41685,train
anime256,41689,train
anime256,41692,train
anime256,41693,test
anime256,41694,train
anime256,41707,train
anime256,41709,train
anime256,41711,train
anime256,41716,train
anime256,41730,train
anime256,41744,train
anime256,41745,train
anime256,41746,train
anime256,41759,validation
anime256,4176,train
anime256,41765,train
anime256,4177,train
anime256,41773,test
anime256,41779,train
anime256,4178,train
anime256,41786,train
anime256,41787,train
anime256,4180,train
anime256,41801,train
anime256,41803,train
anime256,4181,train
anime256,41811,train
anime256,4182,train
anime256,41823,validation
anime256,41828,train
anime256,41831,train
anime256,4184,train
anime256,41853,train
anime256,41854,train
anime256,41855,train
anime256,41857,test
anime256,4186,test
anime256,41861,test
anime256,41865,train
anime256,4187,train
anime256,41870,train
anime256,41872,train
anime256,4188,validation
anime256,41882,train
anime256,41891,validation
anime256,41894,train
anime256,4190,train
anime256,41905,train
anime256,4191,train
anime256,4195,train
anime256,4196,train
anime256,4198,train
anime256,4200,validation
anime256,4201,test
anime256,4202,test
anime256,4203,train
anime256,4205,test
anime256,4208,train
anime256,4210,train
anime256,4211,train
anime256,4213,train
anime256,4218,train
anime256,4220,validation
anime256,4221,train
anime256,4222,test
anime256,4230,train
anime256,4231,test
anime256,4232,validation
anime256,4233,train
anime256,4234,train
anime256,4238,train
anime256,4239,train
anime256,4240,test
anime256,4242,train
anime256,4246,train
anime256,4248,test
anime256,4250,train
anime256,4251,train
anime256,4260,train
anime256,4261,train
anime256,4265,train
anime256,4268,test
anime256,4269,train
anime256,4274,train
anime256,4276,test
anime256,4279,train
anime256,4281,validation
anime256,4293,validation
anime256,4294,train
anime256,4299,train
anime256,4317,train
anime256,4318,test
anime256,4320,train
anime256,4322,train
anime256,4324,train
anime256,4328,train
anime256,4330,train
anime256,4336,test
anime256,4339,train
anime256,434,train
anime256,4340,train
anime256,4343,test
anime256,4345,train
anime256,4346,train
anime256,4348,validation
anime256,4349,train
anime256,4354,train
anime256,4355,train
anime256,4361,train
anime256,4365,test
anime256,437,train
anime256,4373,train
anime256,4378,validation
anime256,4385,train
anime256,4386,train
anime256,44411,validation
anime256,44416,train
anime256,44422,train
anime256,44423,train
anime256,44427,train
anime256,44428,train
anime256,44439,test
anime256,44447,validation
anime256,44450,train
anime256,44451,train
anime256,44455,test
anime256,44462,train
anime256,44464,train
anime256,44465,train
anime256,44466,train
anime256,44470,train
anime256,44473,test
anime256,44477,train
anime256,44481,train
anime256,44482,train
anime256,44483,train
anime256,44485,test
anime256,44489,train
anime256,44491,train
anime256,44492,train
anime256,44493,train
anime256,44496,train
anime256,44497,train
anime256,44504,train
anime256,44507,test
anime256,44511,train
anime256,44515,test
anime256,44517,train
anime256,44518,train
anime256,44522,validation
anime256,44528,validation
anime256,44529,train
anime256,44536,train
anime256,44539,validation
anime256,44542,train
anime256,44543,train
anime256,44547,train
anime256,44548,train
anime256,44549,train
anime256,44556,train
anime256,44558,train
anime256,44559,test
anime256,44560,train
anime256,44566,train
anime256,44569,train
anime256,44572,train
anime256,44579,validation
anime256,44583,train
anime256,44593,train
anime256,44595,train
anime256,44597,train
anime256,44600,train
anime256,44619,train
anime256,44620,train
anime256,44633,train
anime256,44652,train
anime256,44655,train
anime256,44672,validation
anime256,44673,test
anime256,44675,train
anime256,44677,train
anime256,44683,train
anime256,44686,train
anime256,44692,validation
anime256,44693,test
anime256,44694,validation
anime256,44697,train
anime256,44698,validation
anime256,44699,train
anime256,44700,validation
anime256,44704,validation
anime256,44705,validation
anime256,44706,train
anime256,44707,test
anime256,44709,train
anime256,44712,train
anime256,44715,train
anime256,44717,test
anime256,44728,train
anime256,44729,train
anime256,44730,train
anime256,44732,train
anime256,44737,train
anime256,44743,train
anime256,44749,train
anime256,44750,train
anime256,44754,validation
anime256,44755,train
anime256,44774,train
anime256,44778,train
anime256,44785,test
anime256,44789,train
anime256,44790,train
anime256,44812,train
anime256,44813,train
anime256,44814,test
anime256,44815,train
anime256,44821,train
anime256,44822,train
anime256,44824,train
anime256,44833,train
anime256,44838,train
anime256,44840,train
anime256,44846,train
anime256,44873,train
anime256,44874,train
anime256,44879,train
anime256,44880,train
anime256,44881,train
anime256,44882,train
anime256,44885,train
anime256,44896,train
anime256,44903,train
anime256,44907,validation
anime256,44910,train
anime256,44912,test
anime256,44917,train
anime256,44923,train
anime256,44924,test
anime256,44938,test
anime256,44939,train
anime256,44947,train
anime256,44949,train
anime256,44955,train
anime256,44958,train
anime256,44960,validation
anime256,44968,train
anime256,44970,validation
anime256,44981,train
anime256,44985,train
anime256,44988,train
anime256,44994,train
anime256,44995,test
anime256,44999,test
anime256,45013,train
anime256,45019,train
anime256,45027,test
anime256,45028,train
anime256,45032,train
anime256,45048,test
anime256,45049,test
anime256,45061,test
anime256,45063,train
anime256,45074,validation
anime256,45076,train
anime256,45077,train
anime256,45082,train
anime256,45085,test
anime256,45088,train
anime256,45094,validation
anime256,45095,train
anime256,45096,train
anime256,45097,train
anime256,45103,test
anime256,45107,train
anime256,45108,train
anime256,45113,validation
anime256,45122,validation
anime256,45124,train
anime256,45126,train
anime256,45127,train
anime256,45135,test
anime256,45138,train
anime256,45140,train
anime256,45142,train
anime256,45152,train
anime256,45158,train
anime256,45167,validation
anime256,45171,train
anime256,45175,train
anime256,45178,train
anime256,45182,train
anime256,45183,train
anime256,45184,train
anime256,45185,train
anime256,45202,train
anime256,45204,train
anime256,45235,validation
anime256,45236,train
anime256,45237,train
anime256,45278,test
anime256,45282,train
anime256,45283,validation
anime256,45284,train
anime256,45291,validation
anime256,45307,train
anime256,45316,train
anime256,45318,validation
anime256,45324,train
anime256,45330,train
anime256,45337,validation
anime256,45345,train
anime256,45346,train
anime256,45365,test
anime256,45366,train
anime256,45367,train
anime256,45370,train
anime256,45371,test
anime256,45373,test
anime256,45378,train
anime256,45379,train
anime256,45381,train
anime256,457,train
anime256,458,train
anime256,464,validation
anime256,47812,train
anime256,47817,train
anime256,47839,train
anime256,47847,train
anime256,47866,train
anime256,47887,test
anime256,47908,train
anime256,47910,test
anime256,47917,train
anime256,47920,train
anime256,47923,train
anime256,47926,test
anime256,47927,train
anime256,47928,train
anime256,47929,test
anime256,47930,train
anime256,47931,train
anime256,47937,train
anime256,47938,train
anime256,47941,train
anime256,47962,train
anime256,47963,train
anime256,47973,validation
anime256,47982,train
anime256,47984,train
anime256,47987,train
anime256,48054,validation
anime256,48081,train
anime256,48082,train
anime256,48086,train
anime256,48093,train
anime256,48095,test
anime256,48105,test
anime256,48106,train
anime256,48110,train
anime256,48114,validation
anime256,48125,train
anime256,48130,train
anime256,48141,train
anime256,48154,train
anime256,48158,test
anime256,48159,train
anime256,48163,train
anime256,48165,validation
anime256,48167,test
anime256,48170,train
anime256,48175,train
anime256,48192,train
anime256,48201,train
anime256,48204,train
anime256,48205,train
anime256,48206,train
anime256,48210,train
anime256,48219,train
anime256,48225,train
anime256,48228,train
anime256,48234,test
anime256,48235,validation
anime256,48244,train
anime256,48246,test
anime256,48247,train
anime256,48250,train
anime256,48256,train
anime256,48257,train
anime256,48258,train
anime256,48264,train
anime256,48270,train
anime256,48276,train
anime256,48279,test
anime256,48285,train
anime256,48288,train
anime256,48289,test
anime256,48294,train
anime256,48295,train
anime256,48297,test
anime256,48298,train
anime256,48303,train
anime256,48305,train
anime256,48307,train
anime256,48311,train
anime256,48315,test
anime256,48321,validation
anime256,48326,test
anime256,48327,train
anime256,48333,train
anime256,48340,train
anime256,48350,train
anime256,48352,train
anime256,48353,train
anime256,48360,test
anime256,48361,train
anime256,48362,train
anime256,48368,train
anime256,48374,train
anime256,48375,train
anime256,48378,train
anime256,48383,train
anime256,484,test
anime256,48400,train
anime256,48405,train
anime256,48410,train
anime256,48415,train
anime256,48427,train
anime256,48434,train
anime256,48437,train
anime256,48438,test
anime256,48439,train
anime256,48444,train
anime256,48447,train
anime256,48450,test
anime256,48451,train
anime256,48459,train
anime256,48462,train
anime256,48464,test
anime256,48466,train
anime256,485,validation
anime256,48612,validation
anime256,48619,validation
anime256,48621,train
anime256,48625,train
anime256,48631,train
anime256,48635,train
anime256,48640,validation
anime256,48643,validation
anime256,48645,train
anime256,48646,train
anime256,48647,train
anime256,48651,train
anime256,48654,train
anime256,48657,train
anime256,48658,test
anime256,48664,train
anime256,48665,train
anime256,48667,test
anime256,48668,test
anime256,48669,train
anime256,48670,train
anime256,48673,train
anime256,48680,train
anime256,48681,train
anime256,48698,train
anime256,48700,validation
anime256,48704,validation
anime256,48705,train
anime256,48711,train
anime256,48713,validation
anime256,48714,train
anime256,48717,test
anime256,48728,train
anime256,48729,test
anime256,48733,test
anime256,48738,train
anime256,48742,train
anime256,48743,train
anime256,48754,train
anime256,48756,train
anime256,48757,test
anime256,48758,train
anime256,48760,train
anime256,48762,train
anime256,48764,train
anime256,48774,train
anime256,48776,test
anime256,48779,train
anime256,48790,train
anime256,48792,train
anime256,48793,train
anime256,48794,train
anime256,48804,train
anime256,48811,test
anime256,48814,test
anime256,48815,train
anime256,48826,validation
anime256,48831,train
anime256,48834,validation
anime256,48845,validation
anime256,48846,test
anime256,48854,train
anime256,48856,train
anime256,48857,train
anime256,48860,train
anime256,48872,train
anime256,48873,test
anime256,48880,train
anime256,48884,train
anime256,48885,test
anime256,48890,train
anime256,48894,train
anime256,48898,train
anime256,48904,train
anime256,494,validation
anime256,497,train
anime256,5,train
anime256,500,train
anime256,51232,train
anime256,51233,validation
anime256,51249,train
anime256,51256,train
anime256,51257,train
anime256,51262,train
anime256,51269,train
anime256,51274,test
anime256,51275,train
anime256,51292,validation
anime256,51293,train
anime256,51295,train
anime256,51296,train
anime256,51297,test
anime256,51300,test
anime256,51302,validation
anime256,51303,train
anime256,51313,train
anime256,51316,test
anime256,51317,train
anime256,51318,train
anime256,51326,validation
anime256,51331,test
anime256,51351,train
anime256,51361,train
anime256,51362,train
anime256,51365,validation
anime256,51367,train
anime256,51368,train
anime256,51371,test
anime256,51374,validation
anime256,51380,validation
anime256,51390,train
anime256,51393,validation
anime256,51397,test
anime256,51399,train
anime256,51408,train
anime256,51409,test
anime256,51415,train
anime256,51422,train
anime256,51426,train
anime256,51435,test
anime256,51439,validation
anime256,51448,train
anime256,51449,train
anime256,51456,train
anime256,51468,train
anime256,51469,train
anime256,51513,test
anime256,51515,train
anime256,51516,validation
anime256,51518,validation
anime256,51521,train
anime256,51522,train
anime256,51527,train
anime256,51529,train
anime256,51531,validation
anime256,51537,train
anime256,51540,train
anime256,51546,train
anime256,51573,train
anime256,51577,train
anime256,51588,train
anime256,51591,validation
anime256,51598,test
anime256,51601,train
anime256,51627,train
anime256,51636,train
anime256,51642,train
anime256,51653,train
anime256,51654,train
anime256,51657,train
anime256,51664,train
anime256,51665,train
anime256,51669,train
anime256,51671,train
anime256,51677,train
anime256,51697,train
anime256,51700,test
anime256,51709,train
anime256,51712,test
anime256,51715,train
anime256,51721,validation
anime256,51724,train
anime256,51727,train
anime256,51730,test
anime256,51731,train
anime256,51732,validation
anime256,51733,validation
anime256,51738,train
anime256,51757,train
anime256,51761,validation
anime256,51767,train
anime256,51784,test
anime256,51795,train
anime256,51797,test
anime256,51799,train
anime256,51800,train
anime256,51802,test
anime256,51805,train
anime256,51817,train
anime256,51819,test
anime256,51821,test
anime256,51824,train
anime256,51833,test
anime256,51839,validation
anime256,51840,train
anime256,51841,train
anime256,51844,test
anime256,51848,test
anime256,51849,train
anime256,51853,train
anime256,51858,train
anime256,51859,train
anime256,51860,test
anime256,51866,train
anime256,51871,train
anime256,51872,train
anime256,51873,train
anime256,51878,train
anime256,51885,test
anime256,51896,test
anime256,51903,train
anime256,51910,train
anime256,51913,train
anime256,51917,train
anime256,51922,train
anime256,51927,test
anime256,51966,train
anime256,51968,train
anime256,51971,test
anime256,51972,train
anime256,51973,train
anime256,51975,validation
anime256,51988,train
anime256,51992,train
anime256,51995,train
anime256,51999,train
anime256,52002,validation
anime256,52030,train
anime256,52033,train
anime256,52034,train
anime256,52037,test
anime256,52039,train
anime256,52040,train
anime256,52041,train
anime256,52048,test
anime256,52055,test
anime256,52056,validation
anime256,52062,train
anime256,52069,test
anime256,52070,train
anime256,52071,validation
anime256,52072,test
anime256,52080,test
anime256,52091,test
anime256,521,train
anime256,52109,train
anime256,52112,train
anime256,52116,train
anime256,52152,test
anime256,52159,train
anime256,52166,train
anime256,52169,train
anime256,52170,train
anime256,52222,validation
anime256,52223,train
anime256,524,train
anime256,527,train
anime256,54644,validation
anime256,54645,train
anime256,54700,train
anime256,54701,train
anime256,54702,train
anime256,54703,train
anime256,54710,train
anime256,54721,validation
anime256,54731,train
anime256,54739,train
anime256,54740,train
anime256,54745,train
anime256,54748,train
anime256,54749,train
anime256,54751,test
anime256,54753,train
anime256,54775,train
anime256,54777,train
anime256,54781,train
anime256,54782,test
anime256,54783,train
anime256,54786,train
anime256,54799,train
anime256,54844,train
anime256,54849,train
anime256,54855,train
anime256,54869,train
anime256,54890,train
anime256,54923,train
anime256,54924,train
anime256,54962,train
anime256,54963,train
anime256,54969,train
anime256,54970,train
anime256,54972,train
anime256,54976,train
anime256,54980,train
anime256,54981,test
anime256,54986,train
anime256,54990,train
anime256,54997,train
anime256,55001,train
anime256,55002,train
anime256,55003,test
anime256,55004,train
anime256,55005,validation
anime256,55006,validation
anime256,55007,train
anime256,55008,test
anime256,55016,validation
anime256,55018,train
anime256,55019,train
anime256,55027,train
anime256,55028,train
anime256,55039,train
anime256,55049,train
anime256,55054,train
anime256,55057,train
anime256,55058,train
anime256,55066,train
anime256,55068,train
anime256,55069,test
anime256,55074,test
anime256,55081,train
anime256,55085,test
anime256,55087,train
anime256,55093,train
anime256,55095,train
anime256,55105,train
anime256,55120,train
anime256,55125,train
anime256,55134,train
anime256,55162,train
anime256,55166,train
anime256,55171,train
anime256,55181,train
anime256,55186,train
anime256,55190,train
anime256,55192,train
anime256,55203,validation
anime256,55205,train
anime256,55211,train
anime256,55217,test
anime256,55221,train
anime256,55226,validation
anime256,55230,train
anime256,55231,train
anime256,55236,validation
anime256,55253,validation
anime256,55258,test
anime256,55259,test
anime256,55261,train
anime256,55268,test
anime256,55269,train
anime256,55271,validation
anime256,55277,test
anime256,55280,train
anime256,55281,train
anime256,55282,train
anime256,55283,train
anime256,55287,validation
anime256,55295,train
anime256,55308,train
anime256,55312,train
anime256,55313,train
anime256,55327,train
anime256,55330,train
anime256,55332,train
anime256,55337,train
anime256,55340,train
anime256,55341,train
anime256,55343,train
anime256,55349,test
anime256,55356,train
anime256,55364,validation
anime256,55366,train
anime256,55367,train
anime256,55372,train
anime256,55373,train
anime256,55374,train
anime256,55375,train
anime256,55379,train
anime256,55394,train
anime256,55395,train
anime256,55400,train
anime256,55401,train
anime256,55403,train
anime256,55404,train
anime256,55426,validation
anime256,55430,test
anime256,55431,test
anime256,55432,validation
anime256,55433,train
anime256,55439,train
anime256,55441,train
anime256,55443,train
anime256,55444,validation
anime256,55446,train
anime256,55449,train
anime256,55450,train
anime256,55451,test
anime256,55454,train
anime256,55460,train
anime256,55465,validation
anime256,55466,train
anime256,55467,train
anime256,55488,train
anime256,55514,train
anime256,55518,train
anime256,55520,train
anime256,55524,train
anime256,55526,train
anime256,55539,train
anime256,55546,validation
anime256,55552,test
anime256,55557,validation
anime256,55561,train
anime256,55564,train
anime256,55597,validation
anime256,55617,train
anime256,55620,train
anime256,55632,test
anime256,55639,train
anime256,55644,validation
anime256,55651,train
anime256,55657,train
anime256,558,train
anime256,559,train
anime256,571,train
anime256,575,train
anime256,58059,validation
anime256,58088,train
anime256,58089,validation
anime256,58092,test
anime256,58094,train
anime256,58095,validation
anime256,58127,validation
anime256,58134,test
anime256,58139,train
anime256,58140,validation
anime256,58151,test
anime256,58153,test
anime256,58154,train
anime256,58157,train
anime256,58163,train
anime256,58171,train
anime256,58179,train
anime256,58180,train
anime256,58225,train
anime256,58231,train
anime256,58234,test
anime256,58235,train
anime256,58271,validation
anime256,58274,train
anime256,58303,train
anime256,58304,test
anime256,58311,train
anime256,58343,train
anime256,58352,train
anime256,58379,test
anime256,58381,train
anime256,58384,train
anime256,58407,validation
anime256,58414,train
anime256,58418,validation
anime256,58419,validation
anime256,58421,test
anime256,58422,train
anime256,58426,test
anime256,58440,validation
anime256,58448,train
anime256,58453,train
anime256,58454,train
anime256,58460,train
anime256,58463,test
anime256,58465,train
anime256,58466,train
anime256,58472,train
anime256,58476,test
anime256,58478,train
anime256,58480,train
anime256,58485,train
anime256,58491,train
anime256,58492,train
anime256,58495,train
anime256,58498,train
anime256,58506,train
anime256,58507,train
anime256,58509,train
anime256,58523,train
anime256,58528,test
anime256,58532,test
anime256,58545,train
anime256,58550,train
anime256,58551,train
anime256,58553,train
anime256,58560,train
anime256,58563,train
anime256,58570,train
anime256,58572,train
anime256,58574,train
anime256,58575,train
anime256,58577,train
anime256,58578,train
anime256,58605,train
anime256,58608,train
anime256,58613,test
anime256,58614,train
anime256,58620,train
anime256,58626,train
anime256,58629,validation
anime256,58637,train
anime256,58643,test
anime256,58645,train
anime256,58649,test
anime256,58650,train
anime256,58652,test
anime256,58660,train
anime256,58675,train
anime256,58682,train
anime256,58685,test
anime256,58693,train
anime256,587,test
anime256,58705,test
anime256,58707,train
anime256,58735,train
anime256,58746,train
anime256,58747,train
anime256,58749,train
anime256,58750,test
anime256,58751,train
anime256,58752,train
anime256,58753,test
anime256,58755,train
anime256,58760,test
anime256,58762,train
anime256,58773,train
anime256,58774,train
anime256,58776,train
anime256,58779,train
anime256,58780,train
anime256,58785,train
anime256,58786,train
anime256,58787,train
anime256,58795,test
anime256,58796,train
anime256,58818,train
anime256,58821,validation
anime256,58835,test
anime256,58842,validation
anime256,58843,train
anime256,58848,test
anime256,58849,train
anime256,58851,train
anime256,58852,train
anime256,58853,train
anime256,58855,test
anime256,58857,validation
anime256,58864,validation
anime256,58870,train
anime256,58871,test
anime256,58873,train
anime256,58876,train
anime256,58882,validation
anime256,58889,train
anime256,58891,train
anime256,58900,test
anime256,58905,train
anime256,58906,test
anime256,58913,test
anime256,58915,train
anime256,58916,train
anime256,58928,test
anime256,58929,test
anime256,58931,train
anime256,58933,train
anime256,58945,train
anime256,58963,train
anime256,58974,validation
anime256,58975,train
anime256,58983,train
anime256,58984,train
anime256,58985,test
anime256,58991,train
anime256,58997,train
anime256,58998,test
anime256,59005,train
anime256,59015,train
anime256,59016,train
anime256,59021,train
anime256,59022,train
anime256,59029,test
anime256,59034,train
anime256,6,train
anime256,608,train
anime256,61472,train
anime256,61497,test
anime256,61503,train
anime256,61509,test
anime256,61531,train
anime256,61533,train
anime256,61534,train
anime256,61536,train
anime256,61541,train
anime256,61548,train
anime256,61555,train
anime256,61557,train
anime256,61565,test
anime256,61568,train
anime256,61586,train
anime256,61588,test
anime256,61605,train
anime256,61606,train
anime256,61616,train
anime256,61617,train
anime256,61619,train
anime256,61620,test
anime256,61630,validation
anime256,61637,train
anime256,61644,train
anime256,61645,train
anime256,61647,validation
anime256,61659,train
anime256,61676,train
anime256,61677,train
anime256,61678,train
anime256,61690,train
anime256,61705,train
anime256,61714,validation
anime256,61719,train
anime256,61720,train
anime256,61721,validation
anime256,61722,train
anime256,61735,train
anime256,61740,train
anime256,61743,test
anime256,61750,train
anime256,61753,validation
anime256,61760,train
anime256,61762,train
anime256,61764,train
anime256,61765,train
anime256,61772,train
anime256,61785,validation
anime256,61787,train
anime256,61788,validation
anime256,61792,train
anime256,61793,train
anime256,61794,train
anime256,61795,train
anime256,61802,train
anime256,61803,train
anime256,61810,train
anime256,61813,train
anime256,61816,train
anime256,61827,train
anime256,61829,train
anime256,61830,validation
anime256,61835,validation
anime256,61838,train
anime256,61844,train
anime256,61845,train
anime256,61853,validation
anime256,61856,train
anime256,61858,test
anime256,61880,test
anime256,61881,train
anime256,61899,train
anime256,61905,train
anime256,61910,train
anime256,61911,train
anime256,61929,train
anime256,61931,train
anime256,61936,validation
anime256,61939,train
anime256,61943,test
anime256,61946,train
anime256,61952,test
anime256,61967,train
anime256,61973,train
anime256,61975,train
anime256,61977,train
anime256,61997,train
anime256,62,train
anime256,62022,train
anime256,62036,train
anime256,62039,train
anime256,62044,train
anime256,62045,validation
anime256,62048,train
anime256,62060,train
anime256,62074,validation
anime256,62077,train
anime256,62091,validation
anime256,62100,validation
anime256,62105,test
anime256,62106,train
anime256,62107,train
anime256,62115,test
anime256,62125,train
anime256,62132,train
anime256,62134,train
anime256,62135,train
anime256,62136,train
anime256,62137,train
anime256,62141,train
anime256,62142,train
anime256,62149,test
anime256,62152,train
anime256,62154,train
anime256,62159,train
anime256,62165,train
anime256,62170,train
anime256,62185,train
anime256,62187,train
anime256,62188,train
anime256,62189,train
anime256,62193,train
anime256,62199,train
anime256,62208,train
anime256,62213,test
anime256,62224,train
anime256,62236,train
anime256,62240,train
anime256,62244,test
anime256,62246,train
anime256,62247,train
anime256,62254,train
anime256,62255,train
anime256,62260,train
anime256,62263,train
anime256,62268,train
anime256,62269,train
anime256,62272,train
anime256,62273,train
anime256,62274,train
anime256,62275,train
anime256,62277,train
anime256,62279,train
anime256,62284,train
anime256,62285,validation
anime256,62287,train
anime256,62291,train
anime256,62295,train
anime256,62296,validation
anime256,623,train
anime256,62301,validation
anime256,62307,test
anime256,62308,train
anime256,62309,train
anime256,62310,train
anime256,62312,train
anime256,62313,train
anime256,62322,train
anime256,62324,train
anime256,62325,train
anime256,62326,test
anime256,62339,validation
anime256,62353,train
anime256,62360,train
anime256,62376,train
anime256,62383,train
anime256,62384,train
anime256,62396,test
anime256,62397,train
anime256,62399,test
anime256,62404,train
anime256,62408,train
anime256,62409,train
anime256,62422,train
anime256,62423,train
anime256,62429,train
anime256,62448,test
anime256,62454,test
anime256,62460,train
anime256,646,validation
anime256,64924,train
anime256,64926,train
anime256,64932,test
anime256,64944,train
anime256,64948,train
anime256,64958,train
anime256,64959,train
anime256,64962,train
anime256,64963,train
anime256,65016,train
anime256,65027,test
anime256,65045,test
anime256,65048,train
anime256,65050,train
anime256,65060,train
anime256,65064,train
anime256,65071,train
anime256,65074,train
anime256,65086,train
anime256,65088,train
anime256,65096,train
anime256,65105,test
anime256,65108,validation
anime256,65109,train
anime256,65111,train
anime256,65117,train
anime256,65130,test
anime256,65133,train
anime256,65134,validation
anime256,65137,train
anime256,65139,train
anime256,65146,validation
anime256,65158,train
anime256,65161,train
anime256,65165,train
anime256,65175,train
anime256,65181,train
anime256,65182,validation
anime256,65184,train
anime256,65189,train
anime256,65202,train
anime256,65210,train
anime256,65231,validation
anime256,65233,test
anime256,65235,train
anime256,65238,validation
anime256,65244,train
anime256,65248,train
anime256,65252,train
anime256,65264,train
anime256,65266,validation
anime256,65271,test
anime256,65274,test
anime256,65276,test
anime256,65278,train
anime256,65282,train
anime256,65293,test
anime256,65297,train
anime256,65306,test
anime256,65313,test
anime256,65324,train
anime256,65327,test
anime256,65330,test
anime256,65335,train
anime256,65337,train
anime256,65341,test
anime256,65343,train
anime256,65345,train
anime256,65347,train
anime256,65350,train
anime256,65351,test
anime256,65358,test
anime256,65361,test
anime256,65369,train
anime256,65371,train
anime256,65372,train
anime256,65373,train
anime256,65374,train
anime256,65376,train
anime256,65379,train
anime256,65385,train
anime256,65390,train
anime256,65394,train
anime256,65395,train
anime256,65398,train
anime256,65402,train
anime256,65404,train
anime256,65405,train
anime256,65409,train
anime256,65413,train
anime256,65418,train
anime256,65427,train
anime256,65429,test
anime256,65435,train
anime256,65439,validation
anime256,65444,test
anime256,65445,test
anime256,65447,train
anime256,65448,train
anime256,65455,train
anime256,65459,test
anime256,65472,train
anime256,65485,test
anime256,65486,train
anime256,65487,train
anime256,65488,test
anime256,65489,train
anime256,65491,train
anime256,65496,validation
anime256,65497,train
anime256,65498,test
anime256,65507,test
anime256,65508,train
anime256,65509,train
anime256,65511,train
anime256,65513,test
anime256,65519,train
anime256,65523,train
anime256,65524,train
anime256,65529,train
anime256,65530,test
anime256,65540,train
anime256,65541,train
anime256,65549,train
anime256,65557,validation
anime256,65559,train
anime256,65560,train
anime256,65566,train
anime256,65567,train
anime256,65568,train
anime256,65573,train
anime256,65577,test
anime256,65579,train
anime256,65582,train
anime256,65583,train
anime256,65584,test
anime256,65585,validation
anime256,65589,test
anime256,65596,train
anime256,65599,train
anime256,65603,train
anime256,65609,train
anime256,65611,train
anime256,65617,train
anime256,65618,train
anime256,65625,train
anime256,65629,train
anime256,65631,train
anime256,65634,train
anime256,65635,train
anime256,65639,train
anime256,65640,train
anime256,65641,train
anime256,65642,train
anime256,65645,test
anime256,65648,train
anime256,65649,train
anime256,65652,train
anime256,65653,test
anime256,65660,train
anime256,65665,train
anime256,65671,train
anime256,65679,train
anime256,65687,train
anime256,65690,test
anime256,65691,test
anime256,65693,train
anime256,65698,validation
anime256,65703,train
anime256,65706,train
anime256,65707,train
anime256,65715,train
anime256,65720,train
anime256,65725,train
anime256,65734,train
anime256,65737,train
anime256,65743,train
anime256,65747,train
anime256,65762,test
anime256,65768,train
anime256,65770,train
anime256,65771,test
anime256,65772,train
anime256,65773,test
anime256,65777,test
anime256,65785,test
anime256,65788,train
anime256,65789,train
anime256,65790,train
anime256,65798,train
anime256,65801,train
anime256,65806,test
anime256,65810,test
anime256,65811,train
anime256,65814,train
anime256,668,train
anime256,675,train
anime256,677,train
anime256,68308,train
anime256,68322,train
anime256,68333,train
anime256,68335,test
anime256,68357,test
anime256,68367,test
anime256,68380,train
anime256,68383,validation
anime256,68385,train
anime256,68389,train
anime256,68390,train
anime256,68391,test
anime256,68395,test
anime256,68397,validation
anime256,68399,train
anime256,684,test
anime256,68402,train
anime256,68403,train
anime256,68404,train
anime256,68405,validation
anime256,68408,train
anime256,68412,test
anime256,68414,test
anime256,68426,test
anime256,68429,train
anime256,68443,train
anime256,68450,test
anime256,68459,test
anime256,6846,train
anime256,68480,train
anime256,68489,test
anime256,68494,train
anime256,68499,train
anime256,68500,train
anime256,68509,train
anime256,68526,train
anime256,68528,train
anime256,68544,train
anime256,68559,train
anime256,68567,test
anime256,6859,train
anime256,68597,test
anime256,68598,train
anime256,68610,train
anime256,68620,train
anime256,68629,train
anime256,6863,validation
anime256,68630,train
anime256,68638,train
anime256,68639,validation
anime256,68648,validation
anime256,68652,train
anime256,68654,test
anime256,68655,train
anime256,68659,train
anime256,68662,test
anime256,68666,train
anime256,6868,validation
anime256,68689,train
anime256,68692,train
anime256,68697,train
anime256,68703,train
anime256,68705,train
anime256,68709,train
anime256,68710,test
anime256,68712,test
anime256,68713,test
anime256,68721,train
anime256,68722,train
anime256,68725,train
anime256,68729,train
anime256,68730,test
anime256,68735,train
anime256,68736,train
anime256,68740,train
anime256,68743,train
anime256,68758,train
anime256,68759,train
anime256,68761,train
anime256,68763,train
anime256,68766,test
anime256,68770,validation
anime256,68772,train
anime256,68773,train
anime256,68778,validation
anime256,68785,train
anime256,68790,train
anime256,68797,train
anime256,68816,train
anime256,68819,train
anime256,68820,train
anime256,68829,test
anime256,68831,test
anime256,68832,test
anime256,6884,validation
anime256,68854,train
anime256,68862,train
anime256,68875,train
anime256,6888,train
anime256,68896,train
anime256,68901,train
anime256,68902,train
anime256,68910,train
anime256,68918,train
anime256,68919,train
anime256,6892,train
anime256,68922,train
anime256,68930,train
anime256,68933,train
anime256,68936,test
anime256,68938,train
anime256,68942,validation
anime256,68949,train
anime256,68955,train
anime256,6896,train
anime256,68976,train
anime256,68977,train
anime256,68979,train
anime256,68981,train
anime256,68982,test
anime256,68986,train
anime256,6899,train
anime256,68994,train
anime256,68996,train
anime256,68997,train
anime256,690,train
anime256,6900,test
anime256,6901,train
anime256,69010,train
anime256,69011,train
anime256,69012,train
anime256,69013,train
anime256,69016,train
anime256,69019,train
anime256,69020,train
anime256,69022,train
anime256,69023,validation
anime256,69030,train
anime256,69041,train
anime256,69045,test
anime256,69054,test
anime256,69055,test
anime256,69056,train
anime256,69061,train
anime256,69070,train
anime256,69071,train
anime256,69073,test
anime256,69080,train
anime256,69082,train
anime256,6910,train
anime256,69104,test
anime256,69105,test
anime256,6911,train
anime256,69112,train
anime256,69113,train
anime256,69114,test
anime256,69122,test
anime256,69123,train
anime256,69124,validation
anime256,69125,test
anime256,69126,train
anime256,69127,train
anime256,69128,train
anime256,69131,train
anime256,69134,validation
anime256,69141,train
anime256,69142,train
anime256,69143,train
anime256,69148,test
anime256,69149,train
anime256,6915,train
anime256,69153,train
anime256,69154,train
anime256,6916,train
anime256,69161,train
anime256,69162,train
anime256,69163,train
anime256,69164,test
anime256,69165,test
anime256,6917,train
anime256,69171,validation
anime256,69172,train
anime256,6918,validation
anime256,69184,train
anime256,69185,validation
anime256,69187,test
anime256,69206,train
anime256,69207,train
anime256,69210,train
anime256,69211,train
anime256,69216,validation
anime256,69220,validation
anime256,69224,train
anime256,69227,test
anime256,69231,test
anime256,69237,test
anime256,69238,train
anime256,69244,train
anime256,69245,train
anime256,69249,train
anime256,6925,validation
anime256,69250,train
anime256,69252,train
anime256,69255,train
anime256,69259,train
anime256,69274,train
anime256,6930,train
anime256,6940,train
anime256,6944,validation
anime256,6945,train
anime256,6948,test
anime256,6953,train
anime256,6954,train
anime256,6962,train
anime256,6979,train
anime256,6989,train
anime256,6992,train
anime256,7,test
anime256,7003,train
anime256,7005,train
anime256,7012,train
anime256,7014,train
anime256,7018,train
anime256,7022,train
anime256,7033,test
anime256,7034,test
anime256,7036,test
anime256,7037,train
anime256,7045,validation
anime256,706,train
anime256,7067,test
anime256,7078,train
anime256,7079,train
anime256,7083,train
anime256,7084,train
anime256,7086,train
anime256,7093,validation
anime256,7109,test
anime256,711,train
anime256,7113,train
anime256,7118,train
anime256,7120,test
anime256,7124,train
anime256,7125,train
anime256,7128,train
anime256,7138,train
anime256,7139,train
anime256,7146,train
anime256,7148,train
anime256,7150,train
anime256,7158,train
anime256,7163,train
anime256,7164,train
anime256,7165,train
anime256,7167,train
anime256,71721,train
anime256,71742,validation
anime256,71743,train
anime256,7175,train
anime256,71788,test
anime256,71799,train
anime256,718,train
anime256,7180,train
anime256,71804,train
anime256,71805,train
anime256,71806,train
anime256,7181,train
anime256,71810,train
anime256,71814,train
anime256,71817,train
anime256,7182,train
anime256,71830,test
anime256,71832,train
anime256,71833,train
anime256,7184,test
anime256,71842,train
anime256,71866,train
anime256,7187,test
anime256,71885,train
anime256,71891,train
anime256,71895,train
anime256,71907,train
anime256,71910,train
anime256,71920,train
anime256,71925,test
anime256,71929,train
anime256,71934,test
anime256,71939,test
anime256,71945,train
anime256,71952,train
anime256,71954,test
anime256,71956,train
anime256,71957,train
anime256,71982,train
anime256,71985,train
anime256,71986,train
anime256,71991,train
anime256,71997,train
anime256,72006,train
anime256,72007,test
anime256,72020,train
anime256,72023,train
anime256,72026,train
anime256,72028,train
anime256,72038,train
anime256,72039,train
anime256,72048,test
anime256,72050,test
anime256,72059,train
anime256,72060,test
anime256,72062,train
anime256,7207,train
anime256,72072,test
anime256,72073,train
anime256,72075,validation
anime256,72076,test
anime256,72080,validation
anime256,72081,train
anime256,72082,train
anime256,72088,validation
anime256,72089,train
anime256,7210,train
anime256,72101,validation
anime256,72103,train
anime256,72106,train
anime256,72111,train
anime256,72118,train
anime256,72119,train
anime256,7212,train
anime256,7214,train
anime256,72149,train
anime256,72150,test
anime256,72152,train
anime256,72165,train
anime256,72169,validation
anime256,72171,train
anime256,72188,train
anime256,72189,train
anime256,72190,train
anime256,72195,train
anime256,72199,train
anime256,7220,train
anime256,72204,train
anime256,72211,test
anime256,72219,validation
anime256,72223,train
anime256,72228,test
anime256,72232,train
anime256,72233,train
anime256,72236,train
anime256,72237,train
anime256,7224,test
anime256,72240,test
anime256,72244,train
anime256,72252,train
anime256,72259,test
anime256,72271,validation
anime256,72282,train
anime256,72283,train
anime256,72286,train
anime256,72291,train
anime256,72293,train
anime256,72297,test
anime256,72298,train
anime256,72299,validation
anime256,72303,train
anime256,72304,train
anime256,72339,train
anime256,72342,train
anime256,72357,test
anime256,72359,train
anime256,72360,train
anime256,72361,train
anime256,72362,train
anime256,72364,validation
anime256,72366,train
anime256,72367,train
anime256,72371,train
anime256,72379,train
anime256,7238,train
anime256,72380,train
anime256,7239,test
anime256,72391,train
anime256,72392,train
anime256,72397,train
anime256,72398,train
anime256,724,train
anime256,7240,train
anime256,72405,train
anime256,7241,train
anime256,72420,train
anime256,72423,test
anime256,72424,validation
anime256,72426,train
anime256,72431,train
anime256,72433,train
anime256,72434,train
anime256,72439,test
anime256,7244,train
anime256,72444,train
anime256,7245,validation
anime256,72450,train
anime256,72453,train
anime256,72456,train
anime256,72458,train
anime256,72459,train
anime256,7246,train
anime256,72460,train
anime256,72464,train
anime256,72465,train
anime256,72483,train
anime256,72488,train
anime256,7250,train
anime256,7252,train
anime256,72530,train
anime256,72537,train
anime256,72540,train
anime256,72541,train
anime256,72546,train
anime256,72554,train
anime256,72559,train
anime256,72572,train
anime256,72574,train
anime256,7258,train
anime256,72589,train
anime256,72593,train
anime256,72594,train
anime256,72596,train
anime256,72597,train
anime256,72599,test
anime256,7260,validation
anime256,72602,train
anime256,72608,train
anime256,72609,train
anime256,7261,train
anime256,72611,train
anime256,72612,test
anime256,72616,validation
anime256,72618,test
anime256,72620,train
anime256,72633,train
anime256,72634,train
anime256,72649,train
anime256,72657,train
anime256,72658,train
anime256,7268,train
anime256,727,train
anime256,7277,train
anime256,7287,train
anime256,7289,train
anime256,7290,train
anime256,7297,test
anime256,7305,train
anime256,7306,train
anime256,731,test
anime256,7310,train
anime256,7319,train
anime256,7320,train
anime256,7321,train
anime256,7322,train
anime256,7324,train
anime256,733,train
anime256,7330,validation
anime256,7337,train
anime256,7343,train
anime256,7347,train
anime256,735,train
anime256,7356,train
anime256,7359,train
anime256,7362,train
anime256,7363,train
anime256,7365,train
anime256,7366,train
anime256,737,test
anime256,7370,train
anime256,7374,train
anime256,7377,train
anime256,7381,train
anime256,7384,train
anime256,7388,train
anime256,7391,train
anime256,7393,train
anime256,7396,train
anime256,7399,train
anime256,7400,train
anime256,7402,train
anime256,7403,train
anime256,7404,train
anime256,7406,train
anime256,7409,train
anime256,7419,train
anime256,7420,validation
anime256,7422,train
anime256,7426,train
anime256,7429,test
anime256,7433,test
anime256,7436,train
anime256,7437,train
anime256,7438,train
anime256,7440,validation
anime256,7444,test
anime256,7445,test
anime256,7446,train
anime256,7447,train
anime256,7448,train
anime256,7449,train
anime256,7452,train
anime256,7454,train
anime256,7455,train
anime256,746,test
anime256,7464,train
anime256,7466,test
anime256,7467,train
anime256,7469,train
anime256,7470,test
anime256,7474,train
anime256,7477,validation
anime256,7478,train
anime256,7479,train
anime256,748,train
anime256,7482,validation
anime256,7483,train
anime256,7484,train
anime256,7486,validation
anime256,7487,train
anime256,7489,train
anime256,7494,test
anime256,7497,train
anime256,7499,validation
anime256,7501,test
anime256,7502,train
anime256,7505,test
anime256,7506,train
anime256,7509,test
anime256,7512,validation
anime256,7513,train
anime256,75132,train
anime256,75170,train
anime256,75187,train
anime256,75188,train
anime256,75193,test
anime256,75211,train
anime256,75212,train
anime256,75215,validation
anime256,75218,train
anime256,7522,train
anime256,75221,validation
anime256,75222,train
anime256,75228,train
anime256,7523,train
anime256,75232,train
anime256,75233,test
anime256,75234,train
anime256,75235,train
anime256,75238,train
anime256,7524,train
anime256,75248,train
anime256,75262,train
anime256,75265,train
anime256,75271,train
anime256,75273,train
anime256,75282,train
anime256,7529,train
anime256,7534,train
anime256,7535,train
anime256,75357,validation
anime256,75396,train
anime256,75397,train
anime256,754,train
anime256,75402,train
anime256,7541,train
anime256,75413,train
anime256,75415,train
anime256,75417,validation
anime256,7543,train
anime256,75463,train
anime256,75474,validation
anime256,75475,train
anime256,75481,validation
anime256,75484,train
anime256,75485,train
anime256,75488,train
anime256,7549,train
anime256,75490,train
anime256,75504,test
anime256,75518,validation
anime256,75519,train
anime256,75520,train
anime256,75524,train
anime256,75525,train
anime256,75527,train
anime256,75530,train
anime256,75534,test
anime256,75539,test
anime256,75541,test
anime256,75542,validation
anime256,75546,test
anime256,75551,train
anime256,75555,validation
anime256,7556,train
anime256,75565,train
anime256,75566,test
anime256,75567,train
anime256,75573,validation
anime256,75581,validation
anime256,75583,train
anime256,75587,train
anime256,7559,train
anime256,75591,validation
anime256,75593,train
anime256,75594,train
anime256,75597,train
anime256,75598,train
anime256,75599,train
anime256,75601,validation
anime256,75602,train
anime256,75604,test
anime256,75615,train
anime256,7562,train
anime256,75621,test
anime256,75622,train
anime256,7565,train
anime256,75651,validation
anime256,75653,validation
anime256,75656,train
anime256,7566,train
anime256,75660,train
anime256,75662,train
anime256,75667,train
anime256,7567,train
anime256,75670,train
anime256,75672,train
anime256,75674,train
anime256,75675,train
anime256,75678,train
anime256,75685,train
anime256,75694,test
anime256,7570,test
anime256,75700,train
anime256,75701,train
anime256,75708,validation
anime256,75712,validation
anime256,75714,train
anime256,75728,validation
anime256,75729,train
anime256,75730,train
anime256,75738,validation
anime256,75741,validation
anime256,75748,train
anime256,75761,train
anime256,75772,train
anime256,75774,train
anime256,75776,test
anime256,75778,train
anime256,75780,test
anime256,7579,train
anime256,75793,train
anime256,75794,train
anime256,75796,train
anime256,75797,train
anime256,75798,test
anime256,75800,train
anime256,75808,train
anime256,75809,validation
anime256,75810,train
anime256,75811,train
anime256,75813,test
anime256,75815,train
anime256,75819,train
anime256,75820,train
anime256,75826,validation
anime256,75827,train
anime256,75834,train
anime256,75835,train
anime256,75840,train
anime256,75841,validation
anime256,75843,train
anime256,75850,train
anime256,75852,train
anime256,75854,train
anime256,75856,train
anime256,75857,train
anime256,7587,train
anime256,75870,validation
anime256,75872,test
anime256,75878,train
anime256,75879,train
anime256,75882,train
anime256,75891,train
anime256,75894,train
anime256,75895,train
anime256,75900,train
anime256,75901,train
anime256,75909,train
anime256,75917,train
anime256,75918,train
anime256,75919,train
anime256,75920,train
anime256,75921,train
anime256,75922,train
anime256,75926,train
anime256,75937,train
anime256,7594,train
anime256,75941,test
anime256,75942,train
anime256,75943,train
anime256,75944,train
anime256,75945,train
anime256,7595,validation
anime256,75960,train
anime256,75965,test
anime256,75967,train
anime256,75985,train
anime256,75986,train
anime256,75988,train
anime256,75989,train
anime256,7599,train
anime256,75990,test
anime256,75994,validation
anime256,75997,train
anime256,75998,train
anime256,76004,train
anime256,76005,train
anime256,76006,train
anime256,76007,train
anime256,76010,train
anime256,7602,train
anime256,76025,train
anime256,7604,train
anime256,76054,train
anime256,76055,train
anime256,76056,train
anime256,76067,test
anime256,7607,train
anime256,76079,train
anime256,7608,train
anime256,7611,test
anime256,7613,test
anime256,7619,train
anime256,762,train
anime256,7623,train
anime256,7625,test
anime256,7626,test
anime256,7630,train
anime256,7631,train
anime256,7635,train
anime256,7638,validation
anime256,7643,train
anime256,7644,train
anime256,7645,train
anime256,7647,train
anime256,765,test
anime256,7651,train
anime256,7653,train
anime256,7656,validation
anime256,7657,train
anime256,7663,train
anime256,7670,train
anime256,7675,validation
anime256,7677,train
anime256,7681,train
anime256,7682,train
anime256,7689,train
anime256,769,train
anime256,7690,train
anime256,7693,test
anime256,7698,validation
anime256,7699,validation
anime256,77,train
anime256,7702,test
anime256,7709,train
anime256,7710,train
anime256,7711,test
anime256,7713,train
anime256,7718,train
anime256,7719,train
anime256,7721,train
anime256,7722,train
anime256,7726,train
anime256,7728,test
anime256,7730,train
anime256,780,train
anime256,782,train
anime256,785,validation
anime256,78549,train
anime256,78552,train
anime256,78580,train
anime256,78599,validation
anime256,786,train
anime256,78604,train
anime256,78605,train
anime256,78606,train
anime256,78612,train
anime256,78618,train
anime256,78624,train
anime256,78630,train
anime256,78633,test
anime256,78650,train
anime256,78651,test
anime256,78657,train
anime256,78658,train
anime256,78663,train
anime256,78664,train
anime256,78685,validation
anime256,78695,train
anime256,78697,train
anime256,78698,train
anime256,78703,train
anime256,78704,train
anime256,78725,train
anime256,78730,train
anime256,78733,train
anime256,78737,train
anime256,78761,train
anime256,78774,test
anime256,78780,train
anime256,78782,test
anime256,78783,train
anime256,78791,train
anime256,78797,train
anime256,78807,test
anime256,78816,train
anime256,78823,train
anime256,78824,train
anime256,78825,validation
anime256,78827,train
anime256,78828,train
anime256,78851,validation
anime256,78867,test
anime256,78869,train
anime256,78874,train
anime256,78878,train
anime256,78896,train
anime256,78897,train
anime256,789,train
anime256,78901,train
anime256,78909,test
anime256,78912,train
anime256,78915,train
anime256,78916,train
anime256,78917,train
anime256,78926,train
anime256,78932,train
anime256,78935,test
anime256,78938,train
anime256,78952,train
anime256,78974,train
anime256,78977,train
anime256,78978,train
anime256,78979,train
anime256,78981,train
anime256,78982,train
anime256,78983,test
anime256,78988,train
anime256,78999,train
anime256,79002,train
anime256,79004,train
anime256,79005,train
anime256,79007,train
anime256,79009,train
anime256,79011,validation
anime256,79050,validation
anime256,79057,test
anime256,79058,test
anime256,79063,train
anime256,79064,train
anime256,79071,test
anime256,79075,train
anime256,79088,train
anime256,79094,validation
anime256,79096,train
anime256,79097,validation
anime256,79099,test
anime256,79100,train
anime256,79104,train
anime256,79106,validation
anime256,79110,train
anime256,79116,train
anime256,79117,train
anime256,79118,train
anime256,79120,train
anime256,79121,train
anime256,79128,train
anime256,79135,train
anime256,79141,train
anime256,79143,train
anime256,79144,train
anime256,79146,test
anime256,79156,train
anime256,79157,test
anime256,79165,train
anime256,79169,train
anime256,79177,train
anime256,79193,train
anime256,79195,train
anime256,79200,validation
anime256,79207,train
anime256,79222,validation
anime256,79229,train
anime256,79230,train
anime256,79240,train
anime256,79242,test
anime256,79256,train
anime256,79263,train
anime256,79265,train
anime256,79273,train
anime256,79284,train
anime256,79285,train
anime256,79306,train
anime256,79307,test
anime256,79313,train
anime256,79315,train
anime256,79316,train
anime256,79318,train
anime256,79320,test
anime256,79322,train
anime256,79323,validation
anime256,79330,train
anime256,79332,test
anime256,79333,validation
anime256,79354,train
anime256,79356,train
anime256,79359,train
anime256,79364,train
anime256,79367,train
anime256,79370,train
anime256,79376,validation
anime256,79379,validation
anime256,79387,train
anime256,79392,validation
anime256,79395,train
anime256,79413,train
anime256,79423,train
anime256,79424,train
anime256,79425,validation
anime256,79429,train
anime256,79438,train
anime256,79452,train
anime256,79457,train
anime256,79464,train
anime256,79469,train
anime256,79471,train
anime256,79472,train
anime256,79473,train
anime256,79474,validation
anime256,79475,train
anime256,79478,train
anime256,79482,train
anime256,79500,train
anime256,79502,train
anime256,796,train
anime256,804,train
anime256,817,train
anime256,818,train
anime256,81963,train
anime256,81964,train
anime256,81966,train
anime256,81968,train
anime256,81978,train
anime256,81990,train
anime256,82002,test
anime256,82010,test
anime256,82012,train
anime256,82013,train
anime256,82018,train
anime256,82023,train
anime256,82028,train
anime256,82032,train
anime256,82036,train
anime256,82044,test
anime256,82046,train
anime256,82047,train
anime256,82048,validation
anime256,82052,train
anime256,82053,train
anime256,82065,validation
anime256,82075,train
anime256,82086,train
anime256,82087,train
anime256,82088,train
anime256,82092,validation
anime256,82094,train
anime256,82099,test
anime256,821,train
anime256,82120,train
anime256,82123,train
anime256,82125,test
anime256,82126,validation
anime256,82137,train
anime256,82140,train
anime256,82163,validation
anime256,82172,train
anime256,822,train
anime256,82208,train
anime256,82224,validation
anime256,82230,validation
anime256,82243,train
anime256,82258,train
anime256,82262,validation
anime256,82267,train
anime256,82279,train
anime256,82289,train
anime256,82290,validation
anime256,82313,train
anime256,82321,train
anime256,82322,test
anime256,82326,train
anime256,82332,test
anime256,82338,train
anime256,82339,train
anime256,82353,train
anime256,82367,train
anime256,82368,train
anime256,82370,test
anime256,82375,test
anime256,82377,train
anime256,82379,train
anime256,82382,test
anime256,82388,train
anime256,82392,train
anime256,82405,train
anime256,82410,validation
anime256,82411,train
anime256,82414,test
anime256,82415,train
anime256,82417,test
anime256,82421,train
anime256,82426,validation
anime256,82431,validation
anime256,82436,validation
anime256,82439,train
anime256,82441,train
anime256,82442,train
anime256,82443,train
anime256,82445,train
anime256,82446,train
anime256,82448,test
anime256,82453,train
anime256,82455,validation
anime256,82456,train
anime256,82458,train
anime256,82460,test
anime256,82461,train
anime256,82464,train
anime256,82467,train
anime256,82476,train
anime256,82480,train
anime256,82482,validation
anime256,82488,train
anime256,82495,validation
anime256,82496,train
anime256,82499,train
anime256,82504,validation
anime256,82518,test
anime256,82521,train
anime256,82523,train
anime256,82524,train
anime256,82528,validation
anime256,82533,train
anime256,82534,train
anime256,82546,train
anime256,82551,train
anime256,82552,validation
anime256,82555,train
anime256,82562,test
anime256,82568,train
anime256,82589,test
anime256,82592,train
anime256,82593,train
anime256,82599,validation
anime256,82602,train
anime256,82603,train
anime256,82604,train
anime256,82606,train
anime256,82609,validation
anime256,82614,train
anime256,82616,train
anime256,82617,train
anime256,82621,train
anime256,82627,train
anime256,82628,train
anime256,82632,train
anime256,82635,train
anime256,82636,train
anime256,82637,validation
anime256,82638,test
anime256,82639,train
anime256,82640,test
anime256,82647,test
anime256,82664,validation
anime256,82666,test
anime256,82669,train
anime256,82670,train
anime256,82672,train
anime256,82677,train
anime256,82684,train
anime256,82687,train
anime256,82706,train
anime256,82707,train
anime256,82711,train
anime256,82713,test
anime256,82714,train
anime256,82726,train
anime256,82727,train
anime256,82728,train
anime256,82732,train
anime256,82739,train
anime256,82740,test
anime256,82742,validation
anime256,82743,train
anime256,82744,train
anime256,82775,train
anime256,82777,train
anime256,82785,train
anime256,82790,train
anime256,82791,test
anime256,82792,train
anime256,82796,train
anime256,82797,test
anime256,82800,train
anime256,82806,train
anime256,82807,train
anime256,82809,train
anime256,82813,train
anime256,82817,train
anime256,82831,test
anime256,82836,train
anime256,82842,train
anime256,82853,train
anime256,82857,train
anime256,82873,test
anime256,82874,validation
anime256,82884,train
anime256,82893,train
anime256,82906,train
anime256,82907,train
anime256,82910,train
anime256,82911,train
anime256,82913,train
anime256,82914,train
anime256,82916,train
anime256,82919,validation
anime256,82926,train
anime256,82928,train
anime256,82936,test
anime256,832,train
anime256,839,train
anime256,842,train
anime256,851,train
anime256,852,train
anime256,853,validation
anime256,85387,test
anime256,85388,train
anime256,85414,train
anime256,85422,train
anime256,85436,validation
anime256,85439,train
anime256,85445,train
anime256,85446,train
anime256,85459,train
anime256,85482,test
anime256,85491,train
anime256,85492,train
anime256,85495,train
anime256,855,train
anime256,85520,train
anime256,85524,train
anime256,85525,test
anime256,85534,test
anime256,85539,train
anime256,85546,train
anime256,85547,train
anime256,85548,train
anime256,85550,train
anime256,85557,train
anime256,85560,train
anime256,85567,validation
anime256,85581,test
anime256,85599,test
anime256,85613,train
anime256,85632,train
anime256,85686,train
anime256,85689,train
anime256,85692,test
anime256,85696,train
anime256,85701,train
anime256,85703,train
anime256,85709,test
anime256,85719,train
anime256,85720,train
anime256,85721,test
anime256,85734,train
anime256,85739,train
anime256,85740,train
anime256,85747,train
anime256,85748,train
anime256,85758,train
anime256,85767,train
anime256,85770,train
anime256,85788,train
anime256,85790,train
anime256,85808,train
anime256,85809,train
anime256,85832,train
anime256,85835,train
anime256,85840,train
anime256,85841,validation
anime256,85887,train
anime256,85888,train
anime256,85890,train
anime256,85899,train
anime256,85904,train
anime256,85931,train
anime256,85936,validation
anime256,85939,train
anime256,85940,train
anime256,85941,test
anime256,85945,train
anime256,85946,train
anime256,85948,train
anime256,85954,train
anime256,85956,train
anime256,85960,train
anime256,85972,train
anime256,85976,train
anime256,85979,train
anime256,85986,train
anime256,85989,test
anime256,85992,test
anime256,85994,train
anime256,85995,train
anime256,85997,train
anime256,86014,train
anime256,86015,train
anime256,86016,train
anime256,86022,test
anime256,86028,train
anime256,86032,train
anime256,86034,train
anime256,86069,train
anime256,86073,train
anime256,86074,train
anime256,86090,train
anime256,86093,train
anime256,86097,train
anime256,86169,train
anime256,86182,train
anime256,86184,test
anime256,862,train
anime256,86206,test
anime256,86208,train
anime256,86217,train
anime256,86219,train
anime256,86232,test
anime256,86238,test
anime256,86283,validation
anime256,863,train
anime256,86300,train
anime256,86315,validation
anime256,86321,train
anime256,86347,train
anime256,86349,train
anime256,86381,train
anime256,86384,train
anime256,86386,train
anime256,86388,train
anime256,86399,train
anime256,86419,train
anime256,86420,test
anime256,86422,train
anime256,86424,train
anime256,86437,train
anime256,867,train
anime256,87,train
anime256,871,train
anime256,872,validation
anime256,874,train
anime256,875,train
anime256,877,test
anime256,88,test
anime256,882,validation
anime256,885,train
anime256,88837,train
anime256,88844,train
anime256,88846,test
anime256,88848,test
anime256,88850,train
anime256,88851,train
anime256,88860,train
anime256,88870,validation
anime256,88876,train
anime256,88885,test
anime256,88886,test
anime256,88889,train
anime256,88891,train
anime256,88904,validation
anime256,88910,test
anime256,88912,train
anime256,88917,train
anime256,88918,train
anime256,88942,train
anime256,88945,train
anime256,89012,test
anime256,89013,train
anime256,89061,train
anime256,89063,train
anime256,89101,train
anime256,89104,validation
anime256,89110,train
anime256,89116,train
anime256,89133,train
anime256,89139,train
anime256,89140,train
anime256,89141,train
anime256,89143,train
anime256,89145,test
anime256,89146,train
anime256,89157,train
anime256,89158,train
anime256,89160,train
anime256,89161,train
anime256,89168,train
anime256,89175,train
anime256,89192,train
anime256,89193,train
anime256,89196,test
anime256,89198,train
anime256,89222,train
anime256,89236,validation
anime256,89241,test
anime256,89243,train
anime256,89244,train
anime256,89246,train
anime256,89247,validation
anime256,89256,train
anime256,89257,train
anime256,89263,train
anime256,89271,train
anime256,89293,test
anime256,89302,test
anime256,89304,train
anime256,89306,validation
anime256,89318,train
anime256,89319,train
anime256,89321,train
anime256,89335,train
anime256,89338,train
anime256,89341,train
anime256,89349,train
anime256,89350,validation
anime256,89356,train
anime256,89365,train
anime256,89383,validation
anime256,89401,train
anime256,89404,train
anime256,89412,validation
anime256,89415,train
anime256,89423,train
anime256,89424,train
anime256,89425,train
anime256,89438,train
anime256,89440,train
anime256,89447,train
anime256,89448,train
anime256,89456,train
anime256,89458,test
anime256,89478,test
anime256,89479,train
anime256,89481,train
anime256,89482,validation
anime256,89488,train
anime256,89491,train
anime256,89492,train
anime256,89495,validation
anime256,89501,test
anime256,89502,train
anime256,89507,train
anime256,89510,test
anime256,89528,train
anime256,89536,train
anime256,89563,train
anime256,89565,train
anime256,89570,train
anime256,89574,train
anime256,89584,validation
anime256,89588,validation
anime256,89589,train
anime256,89593,test
anime256,89615,train
anime256,89616,train
anime256,89620,train
anime256,89624,train
anime256,89656,train
anime256,89663,train
anime256,89678,train
anime256,89693,train
anime256,89702,test
anime256,89703,train
anime256,89737,test
anime256,89760,test
anime256,89764,train
anime256,89766,train
anime256,89767,test
anime256,89768,test
anime256,89771,train
anime256,89773,test
anime256,89774,train
anime256,89775,train
anime256,89778,train
anime256,89779,train
anime256,89781,train
anime256,89787,validation
anime256,89788,train
anime256,89789,validation
anime256,89791,train
anime256,89793,train
anime256,89794,test
anime256,89795,train
anime256,89798,train
anime256,89807,test
anime256,89812,train
anime256,89815,train
anime256,89817,validation
anime256,89818,train
anime256,89820,test
anime256,916,validation
anime256,919,validation
anime256,92209,train
anime256,92215,test
anime256,92228,train
anime256,92269,train
anime256,92275,validation
anime256,92276,test
anime256,92291,validation
anime256,92296,train
anime256,92298,train
anime256,92311,test
anime256,92318,test
anime256,92342,train
anime256,92346,train
anime256,92378,train
anime256,92380,validation
anime256,92384,train
anime256,92395,train
anime256,92409,train
anime256,92416,train
anime256,92418,validation
anime256,92426,train
anime256,92437,train
anime256,92438,train
anime256,92439,train
anime256,92443,train
anime256,92466,train
anime256,92471,train
anime256,92500,test
anime256,92533,train
anime256,92534,train
anime256,92538,train
anime256,92541,train
anime256,92546,train
anime256,92550,train
anime256,92572,train
anime256,92574,test
anime256,92594,train
anime256,92604,train
anime256,92606,test
anime256,92607,train
anime256,92609,train
anime256,92610,train
anime256,92630,validation
anime256,92637,train
anime256,92639,train
anime256,92673,test
anime256,92677,test
anime256,92680,train
anime256,92710,train
anime256,92722,train
anime256,92723,train
anime256,92724,train
anime256,92730,train
anime256,92736,train
anime256,92738,train
anime256,92750,train
anime256,92770,train
anime256,92776,train
anime256,92777,train
anime256,92783,train
anime256,92784,train
anime256,92791,train
anime256,92792,train
anime256,92793,validation
anime256,92794,train
anime256,92795,train
anime256,92796,validation
anime256,92799,train
anime256,92807,train
anime256,92808,test
anime256,92811,train
anime256,92812,train
anime256,92819,train
anime256,92827,train
anime256,92832,test
anime256,92833,train
anime256,92840,train
anime256,92846,test
anime256,92849,test
anime256,92852,train
anime256,92864,train
anime256,92874,train
anime256,92879,validation
anime256,92912,validation
anime256,92915,train
anime256,92916,train
anime256,92917,test
anime256,92919,train
anime256,92920,train
anime256,92921,train
anime256,92922,train
anime256,92923,test
anime256,92924,train
anime256,92925,train
anime256,92932,train
anime256,92946,train
anime256,92948,train
anime256,92951,train
anime256,92954,validation
anime256,92959,train
anime256,92962,train
anime256,92970,train
anime256,92971,train
anime256,92975,train
anime256,92979,train
anime256,92988,train
anime256,92991,train
anime256,92995,train
anime256,92996,train
anime256,92998,train
anime256,93006,train
anime256,93008,test
anime256,93018,train
anime256,93019,train
anime256,93029,test
anime256,93031,train
anime256,93041,train
anime256,93045,validation
anime256,93051,train
anime256,93058,train
anime256,93062,train
anime256,93073,train
anime256,93075,train
anime256,93085,train
anime256,93086,train
anime256,93088,train
anime256,93089,train
anime256,93090,train
anime256,93097,test
anime256,93104,train
anime256,93131,test
anime256,93133,train
anime256,93147,train
anime256,93149,train
anime256,93150,test
anime256,93151,train
anime256,93153,train
anime256,93160,validation
anime256,93162,train
anime256,93163,train
anime256,93164,train
anime256,93173,train
anime256,93180,train
anime256,93185,train
anime256,93187,test
anime256,93199,train
anime256,942,validation
anime256,946,train
anime256,947,train
anime256,948,train
anime256,951,train
anime256,953,train
anime256,95624,train
anime256,95630,train
anime256,95632,train
anime256,95644,train
anime256,95651,train
anime256,95655,test
anime256,95658,train
anime256,95678,validation
anime256,95705,validation
anime256,95709,train
anime256,95711,train
anime256,95730,train
anime256,95731,train
anime256,95737,train
anime256,95753,train
anime256,95756,train
anime256,95758,train
anime256,95760,test
anime256,95768,train
anime256,95773,train
anime256,95775,train
anime256,95791,test
anime256,95803,train
anime256,95813,train
anime256,95823,validation
anime256,95835,train
anime256,95836,train
anime256,95837,test
anime256,95846,train
anime256,95851,test
anime256,95858,train
anime256,95867,validation
anime256,95872,train
anime256,95877,train
anime256,95891,train
anime256,95896,train
anime256,95902,train
anime256,95903,train
anime256,95905,train
anime256,95927,train
anime256,95928,train
anime256,95946,train
anime256,95947,train
anime256,95950,test
anime256,95951,train
anime256,95952,test
anime256,95955,train
anime256,95957,test
anime256,95973,train
anime256,95976,train
anime256,960,train
anime256,96001,train
anime256,96015,train
anime256,96017,train
anime256,96049,test
anime256,96055,train
anime256,96057,train
anime256,96061,train
anime256,96062,train
anime256,96063,train
anime256,96070,train
anime256,96080,train
anime256,96085,validation
anime256,96098,test
anime256,96120,test
anime256,96121,validation
anime256,96125,train
anime256,96126,train
anime256,96128,train
anime256,96129,train
anime256,96134,validation
anime256,96139,train
anime256,96144,train
anime256,96151,train
anime256,96156,train
anime256,96162,validation
anime256,96163,validation
anime256,96181,train
anime256,96183,train
anime256,96187,train
anime256,96201,test
anime256,96203,train
anime256,96204,train
anime256,96205,train
anime256,96209,validation
anime256,96219,train
anime256,96221,train
anime256,96222,train
anime256,96233,test
anime256,96235,validation
anime256,96243,train
anime256,96255,train
anime256,96262,train
anime256,96270,train
anime256,96287,train
anime256,96296,train
anime256,96298,test
anime256,96303,train
anime256,96304,train
anime256,96308,train
anime256,96310,train
anime256,96311,validation
anime256,96312,test
anime256,96313,train
anime256,96314,train
anime256,96315,train
anime256,96319,train
anime256,96320,train
anime256,96322,train
anime256,96323,train
anime256,96339,train
anime256,96341,train
anime256,96342,train
anime256,96343,test
anime256,96349,train
anime256,96358,train
anime256,96368,train
anime256,96371,train
anime256,96372,train
anime256,96376,train
anime256,96378,train
anime256,96383,validation
anime256,96385,test
anime256,96388,train
anime256,96389,train
anime256,96390,train
anime256,96391,train
anime256,96394,train
anime256,96395,train
anime256,96399,train
anime256,96400,train
anime256,96404,train
anime256,96408,train
anime256,96419,test
anime256,96424,test
anime256,96436,validation
anime256,96441,train
anime256,96444,train
anime256,96448,train
anime256,96461,train
anime256,96483,test
anime256,96484,train
anime256,96489,train
anime256,96502,train
anime256,96511,train
anime256,96535,train
anime256,96541,train
anime256,96551,train
anime256,96552,train
anime256,96564,validation
anime256,96565,train
anime256,96566,validation
anime256,96571,train
anime256,96587,train
anime256,96603,train
anime256,969,train
anime256,976,train
anime256,979,validation
anime256,986,train
anime256,987,train
anime256,99038,train
anime256,99043,train
anime256,99045,train
anime256,99081,train
anime256,99084,test
anime256,99085,train
anime256,99090,train
anime256,99091,train
anime256,99092,train
anime256,99104,train
anime256,99105,train
anime256,99110,train
anime256,99116,train
anime256,99121,train
anime256,99122,train
anime256,99124,train
anime256,99128,train
anime256,99129,train
anime256,99132,validation
anime256,99134,train
anime256,99139,train
anime256,99154,train
anime256,99159,test
anime256,99160,train
anime256,99167,train
anime256,99168,train
anime256,99171,test
anime256,99180,train
anime256,99187,train
anime256,992,train
anime256,99203,train
anime256,99220,test
anime256,99221,train
anime256,99223,train
anime256,99225,test
anime256,99230,train
anime256,99234,test
anime256,99235,validation
anime256,99237,train
anime256,99249,train
anime256,99256,train
anime256,99258,train
anime256,99284,validation
anime256,99292,train
anime256,99302,train
anime256,99309,train
anime256,99310,train
anime256,99311,train
anime256,99312,train
anime256,99326,test
anime256,99332,train
anime256,99333,train
anime256,99336,validation
anime256,99352,train
anime256,99353,train
anime256,99360,train
anime256,99375,train
anime256,99379,test
anime256,99402,train
anime256,99407,train
anime256,99414,train
anime256,99417,train
anime256,99418,train
anime256,99424,test
anime256,99432,test
anime256,99445,train
anime256,99471,validation
anime256,99476,train
anime256,99478,test
anime256,99484,train
anime256,99487,train
anime256,99491,test
anime256,99502,train
anime256,99507,train
anime256,99514,validation
anime256,99520,train
anime256,99522,train
anime256,99523,test
anime256,99524,validation
anime256,99537,train
anime256,99538,train
anime256,99539,train
anime256,99540,train
anime256,99544,test
anime256,99549,test
anime256,99550,train
anime256,99554,train
anime256,99564,test
anime256,99565,train
anime256,99583,test
anime256,996,train
anime256,99607,train
anime256,99609,test
anime256,99628,train
anime256,99629,validation
anime256,99631,validation
anime256,99634,train
anime256,99636,train
anime256,99638,train
anime256,99639,test
anime256,99645,train
anime256,99656,test
anime256,99657,train
anime256,99660,train
anime256,99661,validation
anime256,99664,train
anime256,99673,train
anime256,99676,validation
anime256,99685,test
anime256,99690,train
anime256,99691,train
anime256,99699,train
anime256,997,train
anime256,99710,train
anime256,99711,train
anime256,99712,train
anime256,99718,validation
anime256,99721,train
anime256,99723,train
anime256,99725,test
anime256,99728,train
anime256,99739,validation
anime256,99742,train
anime256,99746,train
anime256,99748,train
anime256,99752,train
anime256,99753,train
anime256,99755,train
anime256,99757,train
anime256,99758,train
anime256,99759,test
anime256,99771,train
anime256,99782,train
anime256,99784,train
anime256,99786,test
anime256,99817,train
anime256,99820,test
anime256,99828,train
anime256,99833,train
anime256,99835,validation
anime256,99836,train
anime256,99839,validation
anime256,99840,validation
anime256,99842,train
anime256,99844,train
anime256,99846,train
anime256,99847,train
anime256,99866,validation
anime256,99869,train
anime256,99870,train
anime256,99871,train
anime256,99874,train
anime256,99875,train
anime256,99877,train
anime256,99878,train
anime256,99899,train
anime256,999,train
anime256,99915,test
anime256,99920,train
anime256,99922,train
anime256,99924,train
anime256,99926,train
anime256,99927,train
anime256,99928,train
anime256,99929,validation
anime256,99932,train
anime256,99933,train
anime256,99941,train
anime256,99942,train
anime256,99944,train
anime256,99949,train
anime256,99950,train
anime256,99959,train
anime256,99961,train
anime256,99962,train
anime256,99963,train
anime256,99964,train
anime256,99965,test
anime256,99967,train
anime256,99974,train
anime256,wallhaven-011qg0,validation
anime256,wallhaven-0129q1,train
anime256,wallhaven-0132k1,train
anime256,wallhaven-015wg3,train
anime256,wallhaven-016q73,train
anime256,wallhaven-01dm63,train
anime256,wallhaven-01ezgv,train
anime256,wallhaven-01g2e3,validation
anime256,wallhaven-01j8jw,train
anime256,wallhaven-01k7jv,train
anime256,wallhaven-01ok3n,validation
anime256,wallhaven-01q6q3,train
anime256,wallhaven-01v781,train
anime256,wallhaven-01vpmv,train
anime256,wallhaven-01w793,train
anime256,wallhaven-01zey1,train
anime256,wallhaven-0j1xjp,train
anime256,wallhaven-0j2ldm,test
anime256,wallhaven-0j2q25,train
anime256,wallhaven-0j3oqn,train
anime256,wallhaven-0j5kxm,train
anime256,wallhaven-0j6o9w,train
anime256,wallhaven-0j7ekm,train
anime256,wallhaven-0jewly,train
anime256,wallhaven-0jjjew,validation
anime256,wallhaven-0jkjqw,test
anime256,wallhaven-0jlg2q,train
anime256,wallhaven-0jlw5y,train
anime256,wallhaven-0jo2wn,train
anime256,wallhaven-0jod3w,train
anime256,wallhaven-0jvjoy,train
anime256,wallhaven-0jxejq,train
anime256,wallhaven-0jzorp,train
anime256,wallhaven-0p5vwm,train
anime256,wallhaven-0p6kyj,train
anime256,wallhaven-0p7wlp,validation
anime256,wallhaven-0pdkj9,train
anime256,wallhaven-0pk8om,validation
anime256,wallhaven-0pky99,train
anime256,wallhaven-0poj63,train
anime256,wallhaven-0pp7x9,train
anime256,wallhaven-0pr69n,validation
anime256,wallhaven-0pr829,train
anime256,wallhaven-0prj83,train
anime256,wallhaven-0pxjm3,train
anime256,wallhaven-0py2ej,train
anime256,wallhaven-0pzpge,train
anime256,wallhaven-0pzv7e,train
anime256,wallhaven-0q1vmr,train
anime256,wallhaven-0q2j50,train
anime256,wallhaven-0q3197,train
anime256,wallhaven-0q519d,train
anime256,wallhaven-0q5e1r,train
anime256,wallhaven-0q5v7r,test
anime256,wallhaven-0q6o2r,train
anime256,wallhaven-0q7v9q,test
anime256,wallhaven-0q8q50,train
anime256,wallhaven-0qgl65,train
anime256,wallhaven-0qgl9l,train
anime256,wallhaven-0qk8pd,train
anime256,wallhaven-0qkrzr,train
anime256,wallhaven-0qkxdl,test
anime256,wallhaven-0qmo9l,test
anime256,wallhaven-0qo1jr,train
anime256,wallhaven-0qo3kl,train
anime256,wallhaven-0qp825,train
anime256,wallhaven-0qplw5,train
anime256,wallhaven-0qqv37,train
anime256,wallhaven-0qrxxq,test
anime256,wallhaven-0qwwo7,train
anime256,wallhaven-0qx88r,test
anime256,wallhaven-0qyvel,test
anime256,wallhaven-0qzj50,train
anime256,wallhaven-0w5ro6,train
anime256,wallhaven-0w5wl7,validation
anime256,wallhaven-0wdeop,train
anime256,wallhaven-0we5k6,test
anime256,wallhaven-0wj69p,train
anime256,wallhaven-0wjvd6,train
anime256,wallhaven-0wlkyx,train
anime256,wallhaven-0wlrd7,train
anime256,wallhaven-0wlvz6,train
anime256,wallhaven-0wlw17,train
anime256,wallhaven-0wmkm7,train
anime256,wallhaven-0wqm17,train
anime256,wallhaven-0wr5yq,test
anime256,wallhaven-0wr8q4,train
anime256,wallhaven-0wrl3x,train
anime256,wallhaven-0wrqv7,train
anime256,wallhaven-0wrzrq,test
anime256,wallhaven-0wveg7,train
anime256,wallhaven-0wyx37,train
anime256,wallhaven-131gdw,train
anime256,wallhaven-131mev,train
anime256,wallhaven-132jr1,train
anime256,wallhaven-132k8v,train
anime256,wallhaven-132lz3,train
anime256,wallhaven-132rqv,train
anime256,wallhaven-133x1g,test
anime256,wallhaven-136l9w,train
anime256,wallhaven-1388dv,validation
anime256,wallhaven-1397e3,validation
anime256,wallhaven-1399rv,test
anime256,wallhaven-139j81,train
anime256,wallhaven-13e1o1,validation
anime256,wallhaven-13g86v,train
anime256,wallhaven-13gkg3,test
anime256,wallhaven-13l18v,train
anime256,wallhaven-13m36v,train
anime256,wallhaven-13md7v,train
anime256,wallhaven-13ml8w,train
anime256,wallhaven-13o683,train
anime256,wallhaven-13o9lw,train
anime256,wallhaven-13okvw,test
anime256,wallhaven-13plgg,train
anime256,wallhaven-13pqz3,train
anime256,wallhaven-13q21g,test
anime256,wallhaven-13qgkg,test
anime256,wallhaven-13r6x1,train
anime256,wallhaven-13ve51,train
anime256,wallhaven-13vy29,train
anime256,wallhaven-13wdp9,train
anime256,wallhaven-13x921,train
anime256,wallhaven-13xjq9,train
anime256,wallhaven-13yypw,train
anime256,wallhaven-13z793,train
anime256,wallhaven-13zwy1,train
anime256,wallhaven-1j1om9,train
anime256,wallhaven-1j2wjg,test
anime256,wallhaven-1j3pdv,train
anime256,wallhaven-1j755g,train
anime256,wallhaven-1j7r69,train
anime256,wallhaven-1j856w,train
anime256,wallhaven-1j966g,train
anime256,wallhaven-1j9vl3,train
anime256,wallhaven-1jdgkg,train
anime256,wallhaven-1je5gv,train
anime256,wallhaven-1jmeg9,train
anime256,wallhaven-1joejg,train
anime256,wallhaven-1joq21,train
anime256,wallhaven-1jpg93,test
anime256,wallhaven-1jvl5g,train
anime256,wallhaven-1jw9p1,train
anime256,wallhaven-1jx7lg,train
anime256,wallhaven-1jy2g3,train
anime256,wallhaven-1jyjow,train
anime256,wallhaven-1k2qpv,train
anime256,wallhaven-1k3xj1,train
anime256,wallhaven-1ke1wg,test
anime256,wallhaven-1ke399,train
anime256,wallhaven-1keqeg,train
anime256,wallhaven-1keqq3,train
anime256,wallhaven-1kgyq1,train
anime256,wallhaven-1kj1pg,train
anime256,wallhaven-1klez3,train
anime256,wallhaven-1km52w,train
anime256,wallhaven-1km5xw,train
anime256,wallhaven-1km7p1,train
anime256,wallhaven-1kmgm1,train
anime256,wallhaven-1kmkg1,train
anime256,wallhaven-1kml9g,train
anime256,wallhaven-1kmqg1,train
anime256,wallhaven-1kmr7w,validation
anime256,wallhaven-1kmr8w,train
anime256,wallhaven-1kmrvg,test
anime256,wallhaven-1kpy39,train
anime256,wallhaven-1kro71,test
anime256,wallhaven-1kwdr3,train
anime256,wallhaven-1kwoqv,test
anime256,wallhaven-1kwr8w,test
anime256,wallhaven-1kxv79,test
anime256,wallhaven-1ky15w,train
anime256,wallhaven-1ky6pg,train
anime256,wallhaven-1kydj9,train
anime256,wallhaven-1kyekw,train
anime256,wallhaven-1kyjlw,train
anime256,wallhaven-1kyjmw,train
anime256,wallhaven-1kyklg,test
anime256,wallhaven-1kyl6g,train
anime256,wallhaven-1kyqvw,train
anime256,wallhaven-1kyw1v,train
anime256,wallhaven-281ezg,train
anime256,wallhaven-281xjx,train
anime256,wallhaven-2857zx,train
anime256,wallhaven-285g89,validation
anime256,wallhaven-285gox,train
anime256,wallhaven-285m1x,train
anime256,wallhaven-285q5g,train
anime256,wallhaven-286z3y,test
anime256,wallhaven-28dpgg,train
anime256,wallhaven-28dwvg,test
anime256,wallhaven-28e8zm,train
anime256,wallhaven-28ekpx,train
anime256,wallhaven-28jlk6,train
anime256,wallhaven-28jp2x,train
anime256,wallhaven-28jr9x,train
anime256,wallhaven-28kpj9,train
anime256,wallhaven-28l37m,train
anime256,wallhaven-28l53g,train
anime256,wallhaven-28l819,train
anime256,wallhaven-28ldkg,test
anime256,wallhaven-28lee9,train
anime256,wallhaven-28lez6,train
anime256,wallhaven-28lj9y,train
anime256,wallhaven-28lkg9,train
anime256,wallhaven-28lmr9,validation
anime256,wallhaven-28lmxy,train
anime256,wallhaven-28lo39,train
anime256,wallhaven-28lw8m,test
anime256,wallhaven-28ly96,train
anime256,wallhaven-28wjx9,train
anime256,wallhaven-28wm5g,validation
anime256,wallhaven-28x29y,train
anime256,wallhaven-28x5em,train
anime256,wallhaven-28x6mx,train
anime256,wallhaven-28x6zg,train
anime256,wallhaven-28x8jx,train
anime256,wallhaven-28xp6m,train
anime256,wallhaven-28xp86,validation
anime256,wallhaven-28xqvy,validation
anime256,wallhaven-28xzey,test
anime256,wallhaven-28xzwx,train
anime256,wallhaven-28y1gx,train
anime256,wallhaven-2e1we9,train
anime256,wallhaven-2e2k99,train
anime256,wallhaven-2e36m9,train
anime256,wallhaven-2e39km,train
anime256,wallhaven-2e3xmy,test
anime256,wallhaven-2e9ldx,train
anime256,wallhaven-2e9ogx,train
anime256,wallhaven-2ed2ly,train
anime256,wallhaven-2egjxm,train
anime256,wallhaven-2ejqyx,train
anime256,wallhaven-2ekm7m,train
anime256,wallhaven-2eok26,train
anime256,wallhaven-2eqe5g,train
anime256,wallhaven-2ev366,train
anime256,wallhaven-2ewk5m,train
anime256,wallhaven-2ewy8y,train
anime256,wallhaven-2exvjy,train
anime256,wallhaven-2exw3y,train
anime256,wallhaven-2eypx6,train
anime256,wallhaven-2k1wg9,validation
anime256,wallhaven-2k3ekg,test
anime256,wallhaven-2k3y29,validation
anime256,wallhaven-2k63km,train
anime256,wallhaven-2k6pg9,train
anime256,wallhaven-2k6y39,train
anime256,wallhaven-2k8m8y,train
anime256,wallhaven-2k9zpx,train
anime256,wallhaven-2k9zrx,train
anime256,wallhaven-2ke8kx,train
anime256,wallhaven-2kew3x,train
anime256,wallhaven-2kgk2y,validation
anime256,wallhaven-2kjv79,train
anime256,wallhaven-2ko3dg,train
anime256,wallhaven-2kpg9g,validation
anime256,wallhaven-2kw2v6,train
anime256,wallhaven-2kx98y,train
anime256,wallhaven-2kzppg,train
anime256,wallhaven-3917q3,test
anime256,wallhaven-391dxy,test
anime256,wallhaven-391zgd,test
anime256,wallhaven-392eqv,train
anime256,wallhaven-392y5d,train
anime256,wallhaven-393ml3,train
anime256,wallhaven-395jp3,train
anime256,wallhaven-395jwv,train
anime256,wallhaven-395vrv,train
anime256,wallhaven-3983l3,test
anime256,wallhaven-3985jv,test
anime256,wallhaven-39e533,train
anime256,wallhaven-39eo6v,validation
anime256,wallhaven-39epe9,validation
anime256,wallhaven-39j6ey,train
anime256,wallhaven-39jpqd,train
anime256,wallhaven-39r729,train
anime256,wallhaven-39v2q3,validation
anime256,wallhaven-39wjp9,train
anime256,wallhaven-39ww73,validation
anime256,wallhaven-39xr7v,train
anime256,wallhaven-39yzk3,train
anime256,wallhaven-3k5w23,validation
anime256,wallhaven-3k771y,train
anime256,wallhaven-3k7yzd,train
anime256,wallhaven-3k9z69,train
anime256,wallhaven-3kg6vy,train
anime256,wallhaven-3kgrxd,train
anime256,wallhaven-3kkzov,train
anime256,wallhaven-3km3x3,train
anime256,wallhaven-3kmjz9,train
anime256,wallhaven-3kok1y,train
anime256,wallhaven-3kopr6,train
anime256,wallhaven-3krr86,train
anime256,wallhaven-3kv9zy,test
anime256,wallhaven-3kvo13,train
anime256,wallhaven-3kxjl3,train
anime256,wallhaven-3z28rd,validation
anime256,wallhaven-3z687d,train
anime256,wallhaven-3z7366,train
anime256,wallhaven-3z81lv,validation
anime256,wallhaven-3z8dzy,train
anime256,wallhaven-3z8e86,train
anime256,wallhaven-3z8e9d,validation
anime256,wallhaven-3z8emy,train
anime256,wallhaven-3z8g59,train
anime256,wallhaven-3z8m5d,train
anime256,wallhaven-3z8m6d,test
anime256,wallhaven-3z8q7y,train
anime256,wallhaven-3z8rpv,train
anime256,wallhaven-3z8x2d,train
anime256,wallhaven-3z8zgv,test
anime256,wallhaven-3z9z3d,validation
anime256,wallhaven-3ze5dd,train
anime256,wallhaven-3ze6od,train
anime256,wallhaven-3ze6z9,train
anime256,wallhaven-3zedgd,test
anime256,wallhaven-3zepd6,train
anime256,wallhaven-3zew1v,train
anime256,wallhaven-3zeyj6,train
anime256,wallhaven-3zeyov,train
anime256,wallhaven-3zezx9,train
anime256,wallhaven-3zg5y6,test
anime256,wallhaven-3zgjqv,train
anime256,wallhaven-3zj1wd,train
anime256,wallhaven-3zj6r6,train
anime256,wallhaven-3zj7l9,test
anime256,wallhaven-3zj7w3,train
anime256,wallhaven-3zj93y,train
anime256,wallhaven-3zj996,train
anime256,wallhaven-3zjgkd,train
anime256,wallhaven-3zjgq9,train
anime256,wallhaven-3zjkgd,train
anime256,wallhaven-3zjlm9,validation
anime256,wallhaven-3zjlyv,train
anime256,wallhaven-3zjp83,test
anime256,wallhaven-3zjqq6,train
anime256,wallhaven-3zjr26,train
anime256,wallhaven-3zjw56,train
anime256,wallhaven-3zjwz3,train
anime256,wallhaven-3zjzl6,train
anime256,wallhaven-3zk3lv,train
anime256,wallhaven-3zlj2y,train
anime256,wallhaven-3zooqd,train
anime256,wallhaven-3zqy96,train
anime256,wallhaven-3zwp7v,train
anime256,wallhaven-3zy739,train
anime256,wallhaven-3zy91d,train
anime256,wallhaven-3zyk7v,train
anime256,wallhaven-3zyyy3,train
anime256,wallhaven-4235ly,train
anime256,wallhaven-4239rx,train
anime256,wallhaven-4256mx,train
anime256,wallhaven-42575y,train
anime256,wallhaven-4265p6,train
anime256,wallhaven-426ey9,train
anime256,wallhaven-426plg,train
anime256,wallhaven-428kzg,train
anime256,wallhaven-42d5g0,train
anime256,wallhaven-42dyx6,train
anime256,wallhaven-42e9k6,train
anime256,wallhaven-42jdrm,train
anime256,wallhaven-42jxjy,train
anime256,wallhaven-42mw39,train
anime256,wallhaven-42o2gx,train
anime256,wallhaven-42o2l9,test
anime256,wallhaven-42o6gx,train
anime256,wallhaven-42ojog,train
anime256,wallhaven-42pxqm,train
anime256,wallhaven-42pzg0,train
anime256,wallhaven-42qe3m,test
anime256,wallhaven-42qwzy,test
anime256,wallhaven-42rxkg,train
anime256,wallhaven-42wrg4,train
anime256,wallhaven-42yym0,train
anime256,wallhaven-433wld,test
anime256,wallhaven-435ogv,train
anime256,wallhaven-4392rd,train
anime256,wallhaven-4392wv,train
anime256,wallhaven-4392x6,validation
anime256,wallhaven-439529,train
anime256,wallhaven-4396ky,train
anime256,wallhaven-43e7yy,test
anime256,wallhaven-43j319,train
anime256,wallhaven-43jj39,train
anime256,wallhaven-43jqx3,train
anime256,wallhaven-43l164,train
anime256,wallhaven-43l694,test
anime256,wallhaven-43lp64,train
anime256,wallhaven-43lzv4,validation
anime256,wallhaven-43mqj9,train
anime256,wallhaven-43p26n,validation
anime256,wallhaven-43rqk9,train
anime256,wallhaven-43wm19,train
anime256,wallhaven-43x264,train
anime256,wallhaven-43x3p3,train
anime256,wallhaven-43y1xy,validation
anime256,wallhaven-43y599,train
anime256,wallhaven-43y9ed,train
anime256,wallhaven-43yye6,train
anime256,wallhaven-451110,train
anime256,wallhaven-451330,train
anime256,wallhaven-451lm7,test
anime256,wallhaven-453671,train
anime256,wallhaven-4551z3,test
anime256,wallhaven-455g94,test
anime256,wallhaven-456lz8,train
anime256,wallhaven-4571o9,train
anime256,wallhaven-458q14,validation
anime256,wallhaven-458x85,train
anime256,wallhaven-459o33,validation
anime256,wallhaven-45d7j5,test
anime256,wallhaven-45ejx1,train
anime256,wallhaven-45ew74,train
anime256,wallhaven-45g5z1,train
anime256,wallhaven-45krl9,train
anime256,wallhaven-45qov8,test
anime256,wallhaven-45wkz1,train
anime256,wallhaven-45wv27,train
anime256,wallhaven-45x68n,train
anime256,wallhaven-45zq54,train
anime256,wallhaven-4735ly,test
anime256,wallhaven-473kk9,test
anime256,wallhaven-475l2o,validation
anime256,wallhaven-4767q3,train
anime256,wallhaven-4796y9,train
anime256,wallhaven-47d6p9,train
anime256,wallhaven-47dopv,validation
anime256,wallhaven-47jwoo,train
anime256,wallhaven-47keq3,validation
anime256,wallhaven-47ljrv,train
anime256,wallhaven-47qwly,train
anime256,wallhaven-47rq5v,train
anime256,wallhaven-47vy7v,train
anime256,wallhaven-47xoeo,train
anime256,wallhaven-47y2gy,train
anime256,wallhaven-47zdp9,train
anime256,wallhaven-481kpk,validation
anime256,wallhaven-482p6k,test
anime256,wallhaven-482zey,train
anime256,wallhaven-4831go,train
anime256,wallhaven-4839gk,train
anime256,wallhaven-4839yy,train
anime256,wallhaven-486lyn,train
anime256,wallhaven-488324,train
anime256,wallhaven-4883wj,train
anime256,wallhaven-4891q2,train
anime256,wallhaven-4893l1,test
anime256,wallhaven-489k1o,test
anime256,wallhaven-48g7o0,train
anime256,wallhaven-48jleo,train
anime256,wallhaven-48k86y,train
anime256,wallhaven-48vzj0,validation
anime256,wallhaven-48z83y,train
anime256,wallhaven-48ze5o,train
anime256,wallhaven-48zo5k,test
anime256,wallhaven-491ewk,train
anime256,wallhaven-492row,train
anime256,wallhaven-4957d0,train
anime256,wallhaven-4965z1,train
anime256,wallhaven-4969x8,train
anime256,wallhaven-496r71,train
anime256,wallhaven-49773k,train
anime256,wallhaven-498emk,train
anime256,wallhaven-498rxk,train
anime256,wallhaven-4991m8,test
anime256,wallhaven-49e2yk,train
anime256,wallhaven-49edd0,train
anime256,wallhaven-49g9kd,train
anime256,wallhaven-49jwx1,validation
anime256,wallhaven-49k3o8,validation
anime256,wallhaven-49k9k0,train
anime256,wallhaven-49kxp1,validation
anime256,wallhaven-49lm71,test
anime256,wallhaven-49oe8w,train
anime256,wallhaven-49oq5x,validation
anime256,wallhaven-49qqmw,validation
anime256,wallhaven-49rw68,train
anime256,wallhaven-49ryyx,train
anime256,wallhaven-49vgx1,test
anime256,wallhaven-49wxvx,validation
anime256,wallhaven-49yxzk,train
anime256,wallhaven-4d1r3l,train
anime256,wallhaven-4d36eg,train
anime256,wallhaven-4d3q93,validation
anime256,wallhaven-4d3vjg,train
anime256,wallhaven-4d6gm3,train
anime256,wallhaven-4d7yzo,test
anime256,wallhaven-4ddx1l,test
anime256,wallhaven-4de963,validation
anime256,wallhaven-4dew5j,train
anime256,wallhaven-4dez2l,train
anime256,wallhaven-4dgqp3,test
anime256,wallhaven-4djp8o,train
anime256,wallhaven-4dkrrl,train
anime256,wallhaven-4dkyml,train
anime256,wallhaven-4do7g0,train
anime256,wallhaven-4dqm1m,test
anime256,wallhaven-4dv3jm,validation
anime256,wallhaven-4dwzwj,train
anime256,wallhaven-4g13yd,train
anime256,wallhaven-4g22dd,test
anime256,wallhaven-4g2qxe,test
anime256,wallhaven-4g2wjq,train
anime256,wallhaven-4g3ydl,train
anime256,wallhaven-4g6yj3,train
anime256,wallhaven-4g787q,train
anime256,wallhaven-4g839d,train
anime256,wallhaven-4g8d93,train
anime256,wallhaven-4g8dje,train
anime256,wallhaven-4g8qmq,train
anime256,wallhaven-4g9xrl,train
anime256,wallhaven-4ggyj3,test
anime256,wallhaven-4gj667,train
anime256,wallhaven-4gld7q,validation
anime256,wallhaven-4go883,train
anime256,wallhaven-4gok2l,train
anime256,wallhaven-4gp557,train
anime256,wallhaven-4gp66q,train
anime256,wallhaven-4gppye,train
anime256,wallhaven-4gpyv3,train
anime256,wallhaven-4gql1q,train
anime256,wallhaven-4gvj5e,train
anime256,wallhaven-4gx8k7,test
anime256,wallhaven-4gxq5l,train
anime256,wallhaven-4l15g2,test
anime256,wallhaven-4l1qqp,train
anime256,wallhaven-4l2w5l,train
anime256,wallhaven-4l3m3y,train
anime256,wallhaven-4l75o2,train
anime256,wallhaven-4l7dkr,train
anime256,wallhaven-4l7r3y,test
anime256,wallhaven-4l8yor,train
anime256,wallhaven-4lge2l,test
anime256,wallhaven-4ljp7y,train
anime256,wallhaven-4ll92y,train
anime256,wallhaven-4llryr,train
anime256,wallhaven-4lmley,train
anime256,wallhaven-4lojp4,train
anime256,wallhaven-4looyy,train
anime256,wallhaven-4lp8vq,test
anime256,wallhaven-4lrmyp,train
anime256,wallhaven-4lvqdl,train
anime256,wallhaven-4lw7gq,train
anime256,wallhaven-4lw8op,test
anime256,wallhaven-4lxyqr,train
anime256,wallhaven-4ly8el,test
anime256,wallhaven-4ly8pp,train
anime256,wallhaven-4lyovq,train
anime256,wallhaven-4lyzg2,train
anime256,wallhaven-4lz21r,train
anime256,wallhaven-4o188l,train
anime256,wallhaven-4o3yy5,train
anime256,wallhaven-4o3zg7,train
anime256,wallhaven-4o5yyl,train
anime256,wallhaven-4o6yp9,train
anime256,wallhaven-4o7wrp,train
anime256,wallhaven-4ogmel,train
anime256,wallhaven-4ogxwp,train
anime256,wallhaven-4okydp,train
anime256,wallhaven-4olmwl,train
anime256,wallhaven-4omwvp,train
anime256,wallhaven-4ovxm5,train
anime256,wallhaven-4ow1z5,train
anime256,wallhaven-4ox6dp,train
anime256,wallhaven-4ox6pm,train
anime256,wallhaven-4ozm2m,test
anime256,wallhaven-4v13qm,train
anime256,wallhaven-4v19wp,train
anime256,wallhaven-4v1e34,train
anime256,wallhaven-4v27dl,train
anime256,wallhaven-4v2r98,test
anime256,wallhaven-4v3w6p,train
anime256,wallhaven-4v55pm,train
anime256,wallhaven-4v5y7l,train
anime256,wallhaven-4v5ywl,train
anime256,wallhaven-4vdp1l,validation
anime256,wallhaven-4vdqmm,train
anime256,wallhaven-4ve93l,train
anime256,wallhaven-4vgodm,train
anime256,wallhaven-4vjk98,train
anime256,wallhaven-4vkyxp,train
anime256,wallhaven-4vlp5l,train
anime256,wallhaven-4vm3km,train
anime256,wallhaven-4vmlj8,train
anime256,wallhaven-4vope5,validation
anime256,wallhaven-4vq73n,train
anime256,wallhaven-4vyy2p,train
anime256,wallhaven-4vyy7l,test
anime256,wallhaven-4x37l4,train
anime256,wallhaven-4x67zd,test
anime256,wallhaven-4x6ql4,train
anime256,wallhaven-4x78xd,validation
anime256,wallhaven-4x7l53,test
anime256,wallhaven-4x82v0,train
anime256,wallhaven-4xjx6v,train
anime256,wallhaven-4xldez,train
anime256,wallhaven-4xoepz,train
anime256,wallhaven-4xwjjv,train
anime256,wallhaven-4xxpwd,train
anime256,wallhaven-4xye9z,test
anime256,wallhaven-4xylg3,test
anime256,wallhaven-4y18rg,test
anime256,wallhaven-4y5edl,train
anime256,wallhaven-4y5rzk,train
anime256,wallhaven-4y6jg7,test
anime256,wallhaven-4y8vwx,train
anime256,wallhaven-4yev57,train
anime256,wallhaven-4yg85g,validation
anime256,wallhaven-4yglyk,train
anime256,wallhaven-4ygpox,validation
anime256,wallhaven-4ykv9k,train
anime256,wallhaven-4yldok,train
anime256,wallhaven-4yoe8k,train
anime256,wallhaven-4yoxw7,test
anime256,wallhaven-4yrggk,validation
anime256,wallhaven-4yvqjx,train
anime256,wallhaven-4yvqxx,train
anime256,wallhaven-4yw3wk,train
anime256,wallhaven-4yyl5k,test
anime256,wallhaven-4yyry7,validation
anime256,wallhaven-4yz177,train
anime256,wallhaven-4yz3xk,validation
anime256,wallhaven-5752k3,train
anime256,wallhaven-575565,validation
anime256,wallhaven-5777j5,train
anime256,wallhaven-578357,validation
anime256,wallhaven-578m77,train
anime256,wallhaven-578o51,train
anime256,wallhaven-578yo9,train
anime256,wallhaven-57g277,train
anime256,wallhaven-57gjx7,validation
anime256,wallhaven-57k168,train
anime256,wallhaven-57kr37,train
anime256,wallhaven-57lkv7,test
anime256,wallhaven-57mz19,train
anime256,wallhaven-57o575,train
anime256,wallhaven-57o6d1,validation
anime256,wallhaven-57o7z8,train
anime256,wallhaven-57od61,train
anime256,wallhaven-57oev5,train
anime256,wallhaven-57og81,train
anime256,wallhaven-57ogj9,test
anime256,wallhaven-57ol25,test
anime256,wallhaven-57or33,train
anime256,wallhaven-57ore1,train
anime256,wallhaven-57orz5,test
anime256,wallhaven-57owz8,train
anime256,wallhaven-57pg68,train
anime256,wallhaven-57pzm3,train
anime256,wallhaven-57q178,test
anime256,wallhaven-57q3r5,train
anime256,wallhaven-57qek1,test
anime256,wallhaven-57qem1,validation
anime256,wallhaven-57qj83,train
anime256,wallhaven-57qkl7,train
anime256,wallhaven-57qov3,train
anime256,wallhaven-57qpm5,train
anime256,wallhaven-57qqm7,train
anime256,wallhaven-57qqp5,train
anime256,wallhaven-57qvo5,train
anime256,wallhaven-57qwo1,train
anime256,wallhaven-57rlx1,train
anime256,wallhaven-57wx33,train
anime256,wallhaven-57ze38,train
anime256,wallhaven-5d18w5,train
anime256,wallhaven-5d27y9,train
anime256,wallhaven-5d6jr7,train
anime256,wallhaven-5d8ld3,train
anime256,wallhaven-5dd211,train
anime256,wallhaven-5dd6r9,train
anime256,wallhaven-5dd8q1,test
anime256,wallhaven-5ddj97,train
anime256,wallhaven-5djm77,train
anime256,wallhaven-5djw39,train
anime256,wallhaven-5dk2g3,train
anime256,wallhaven-5dk685,validation
anime256,wallhaven-5dkd68,train
anime256,wallhaven-5doek1,train
anime256,wallhaven-5dpd69,train
anime256,wallhaven-5dw1o8,test
anime256,wallhaven-5dwjz8,train
anime256,wallhaven-5dxw78,train
anime256,wallhaven-5dz1q9,train
anime256,wallhaven-5dzvw3,train
anime256,wallhaven-5w3l69,train
anime256,wallhaven-5w6139,test
anime256,wallhaven-5w6rv8,train
anime256,wallhaven-5we957,train
anime256,wallhaven-5wgyv3,test
anime256,wallhaven-5wjmr5,train
anime256,wallhaven-5wjwg3,validation
anime256,wallhaven-5wk8r1,train
anime256,wallhaven-5wkqx5,train
anime256,wallhaven-5wo1v5,test
anime256,wallhaven-5wp7r3,train
anime256,wallhaven-5wpqg9,train
anime256,wallhaven-5wr6w9,train
anime256,wallhaven-5wro87,train
anime256,wallhaven-5wrw33,train
anime256,wallhaven-5wve18,test
anime256,wallhaven-5wxmv1,train
anime256,wallhaven-5wxy58,train
anime256,wallhaven-5wyje5,train
anime256,wallhaven-64yzdn,train
anime256,wallhaven-6k28o6,train
anime256,wallhaven-6k3zvq,train
anime256,wallhaven-6k68z7,train
anime256,wallhaven-6k6k7l,train
anime256,wallhaven-6k7v1w,train
anime256,wallhaven-6ke887,train
anime256,wallhaven-6kgjyq,validation
anime256,wallhaven-6kgoq7,validation
anime256,wallhaven-6koelx,train
anime256,wallhaven-6krmzl,validation
anime256,wallhaven-6krrqq,train
anime256,wallhaven-6kw3ox,test
anime256,wallhaven-6kyee7,train
anime256,wallhaven-6kze27,train
anime256,wallhaven-6kzjyq,train
anime256,wallhaven-6o16yw,train
anime256,wallhaven-6o19dx,train
anime256,wallhaven-6o1d7q,train
anime256,wallhaven-6o1emw,train
anime256,wallhaven-6o1p27,train
anime256,wallhaven-6o2q6q,test
anime256,wallhaven-6o69ox,train
anime256,wallhaven-6o6dxw,train
anime256,wallhaven-6o6g27,train
anime256,wallhaven-6o6g3x,train
anime256,wallhaven-6o6gmw,test
anime256,wallhaven-6o6jel,train
anime256,wallhaven-6o6k5x,train
anime256,wallhaven-6o6m6l,test
anime256,wallhaven-6o6mwx,train
anime256,wallhaven-6o6qzl,train
anime256,wallhaven-6o6rll,train
anime256,wallhaven-6o6vqx,train
anime256,wallhaven-6o6vwl,train
anime256,wallhaven-6o6wl7,train
anime256,wallhaven-6o6wp6,train
anime256,wallhaven-6o6x2l,validation
anime256,wallhaven-6og6yw,test
anime256,wallhaven-6og9mx,train
anime256,wallhaven-6og9zl,train
anime256,wallhaven-6ok8xl,train
anime256,wallhaven-6olx26,train
anime256,wallhaven-6oo59x,train
anime256,wallhaven-6ood5l,train
anime256,wallhaven-6oolg7,train
anime256,wallhaven-6opeg7,test
anime256,wallhaven-6opvd6,test
anime256,wallhaven-6oqev7,train
anime256,wallhaven-6oqqy7,train
anime256,wallhaven-6oqzvw,train
anime256,wallhaven-6owx2x,train
anime256,wallhaven-6owy66,train
anime256,wallhaven-6oyko7,validation
anime256,wallhaven-6oyo8l,train
anime256,wallhaven-6oz1oq,train
anime256,wallhaven-6oz367,train
anime256,wallhaven-6oz3lq,test
anime256,wallhaven-6oz5w6,train
anime256,wallhaven-6ozgxx,train
anime256,wallhaven-6ozjyq,train
anime256,wallhaven-6ozpkw,test
anime256,wallhaven-6ozv6w,train
anime256,wallhaven-6ozvwq,train
anime256,wallhaven-6q1zdw,train
anime256,wallhaven-6q2q7x,train
anime256,wallhaven-6q5g7w,test
anime256,wallhaven-6q5yll,test
anime256,wallhaven-6q7jo6,train
anime256,wallhaven-6q7mo7,train
anime256,wallhaven-6q8ygq,train
anime256,wallhaven-6q9koq,train
anime256,wallhaven-6qd9m7,train
anime256,wallhaven-6qddg6,test
anime256,wallhaven-6qezll,train
anime256,wallhaven-6qgpqw,test
anime256,wallhaven-6qjqy7,train
anime256,wallhaven-6qjyq6,train
anime256,wallhaven-6qjz7q,train
anime256,wallhaven-6qkl5l,train
anime256,wallhaven-6qkzlx,train
anime256,wallhaven-6qlemq,validation
anime256,wallhaven-6qlzwq,train
anime256,wallhaven-6qm3zl,train
anime256,wallhaven-6qm55w,train
anime256,wallhaven-6qp3r7,train
anime256,wallhaven-6qpvgl,train
anime256,wallhaven-6qq69w,train
anime256,wallhaven-6qq8yx,test
anime256,wallhaven-6qq927,train
anime256,wallhaven-6qr9ew,test
anime256,wallhaven-6qwj8l,train
anime256,wallhaven-6qx28w,train
anime256,wallhaven-6qz8z7,train
anime256,wallhaven-6qzjj6,train
anime256,wallhaven-7229zv,train
anime256,wallhaven-722jmo,train
anime256,wallhaven-722rme,train
anime256,wallhaven-722xl3,train
anime256,wallhaven-7271ly,train
anime256,wallhaven-7272go,train
anime256,wallhaven-7273ve,train
anime256,wallhaven-7275j9,train
anime256,wallhaven-7276m9,train
anime256,wallhaven-727979,train
anime256,wallhaven-727gm9,validation
anime256,wallhaven-727jv9,train
anime256,wallhaven-727o9e,train
anime256,wallhaven-727pm3,train
anime256,wallhaven-727rge,train
anime256,wallhaven-72e8m3,train
anime256,wallhaven-72g839,train
anime256,wallhaven-72g9zo,test
anime256,wallhaven-72gem9,train
anime256,wallhaven-72ggp9,train
anime256,wallhaven-72gyro,train
anime256,wallhaven-72k25e,train
anime256,wallhaven-72k6k9,train
anime256,wallhaven-72k6ve,train
anime256,wallhaven-72k989,train
anime256,wallhaven-72kdqe,validation
anime256,wallhaven-72kgo9,train
anime256,wallhaven-72kjk3,train
anime256,wallhaven-72kmov,train
anime256,wallhaven-72kxz3,train
anime256,wallhaven-72kzvo,test
anime256,wallhaven-72m76y,train
anime256,wallhaven-72m92e,train
anime256,wallhaven-72mq19,train
anime256,wallhaven-72opv9,train
anime256,wallhaven-72ov8v,train
anime256,wallhaven-72q2de,train
anime256,wallhaven-72q7j9,test
anime256,wallhaven-72qmwe,train
anime256,wallhaven-72qq7v,train
anime256,wallhaven-735g5o,train
anime256,wallhaven-735kro,test
anime256,wallhaven-7385pe,test
anime256,wallhaven-738jke,train
anime256,wallhaven-73932e,test
anime256,wallhaven-73dqrv,train
anime256,wallhaven-73dyje,train
anime256,wallhaven-73dzmv,train
anime256,wallhaven-73l6ey,test
anime256,wallhaven-73loee,train
anime256,wallhaven-73mg79,train
anime256,wallhaven-73mq63,train
anime256,wallhaven-73op8e,train
anime256,wallhaven-73opo3,train
anime256,wallhaven-73prgy,train
anime256,wallhaven-73pxzo,train
anime256,wallhaven-73rkgy,train
anime256,wallhaven-73rqp3,train
anime256,wallhaven-73vo83,train
anime256,wallhaven-73w7jy,validation
anime256,wallhaven-73wzx3,train
anime256,wallhaven-73xmj9,train
anime256,wallhaven-73zrk9,test
anime256,wallhaven-761e19,train
anime256,wallhaven-762z3o,train
anime256,wallhaven-76337y,train
anime256,wallhaven-763639,train
anime256,wallhaven-7636xv,train
anime256,wallhaven-763vjv,train
anime256,wallhaven-765my9,train
anime256,wallhaven-766z1v,train
anime256,wallhaven-767p3v,train
anime256,wallhaven-76859e,train
anime256,wallhaven-76g5y9,test
anime256,wallhaven-76l2ly,validation
anime256,wallhaven-76lo63,test
anime256,wallhaven-76mj89,train
anime256,wallhaven-76r5m9,test
anime256,wallhaven-76v2m9,test
anime256,wallhaven-76w9qy,test
anime256,wallhaven-76xye3,train
anime256,wallhaven-76yvky,validation
anime256,wallhaven-831o7y,train
anime256,wallhaven-832v7j,train
anime256,wallhaven-835r81,validation
anime256,wallhaven-837wg2,validation
anime256,wallhaven-839l9k,train
anime256,wallhaven-83doyk,train
anime256,wallhaven-83dq7y,train
anime256,wallhaven-83dww1,train
anime256,wallhaven-83ee62,train
anime256,wallhaven-83ew5o,train
anime256,wallhaven-83g231,train
anime256,wallhaven-83gwly,train
anime256,wallhaven-83j78k,train
anime256,wallhaven-83jp7k,train
anime256,wallhaven-83jwp1,validation
anime256,wallhaven-83lzp2,train
anime256,wallhaven-83m32y,train
anime256,wallhaven-83v2p1,train
anime256,wallhaven-83v2z2,train
anime256,wallhaven-83vrl1,train
anime256,wallhaven-83w6dy,train
anime256,wallhaven-83yv3j,train
anime256,wallhaven-83z1gy,train
anime256,wallhaven-83zg11,train
anime256,wallhaven-83zmqk,validation
anime256,wallhaven-83zq9y,test
anime256,wallhaven-8o11xk,test
anime256,wallhaven-8o16gj,train
anime256,wallhaven-8o17jk,train
anime256,wallhaven-8o17ko,test
anime256,wallhaven-8o18ry,train
anime256,wallhaven-8o1l61,train
anime256,wallhaven-8o1x2y,train
anime256,wallhaven-8o1z22,test
anime256,wallhaven-8o5xjy,train
anime256,wallhaven-8o6xmj,train
anime256,wallhaven-8o8vdk,train
anime256,wallhaven-8oe751,test
anime256,wallhaven-8oj1my,train
anime256,wallhaven-8okglk,train
anime256,wallhaven-8om1p2,train
anime256,wallhaven-8om3v1,validation
anime256,wallhaven-8om3x2,train
anime256,wallhaven-8om5pk,train
anime256,wallhaven-8om5z1,train
anime256,wallhaven-8om9d2,train
anime256,wallhaven-8omgjo,train
anime256,wallhaven-8omgvj,train
anime256,wallhaven-8omgyj,train
anime256,wallhaven-8omjey,train
anime256,wallhaven-8omqmy,train
anime256,wallhaven-8omvj1,train
anime256,wallhaven-8omvm2,validation
anime256,wallhaven-8op8k1,train
anime256,wallhaven-8or7gy,test
anime256,wallhaven-8orrej,train
anime256,wallhaven-8ow29j,train
anime256,wallhaven-8ow3eo,validation
anime256,wallhaven-8ow6vo,train
anime256,wallhaven-8ow8ky,train
anime256,wallhaven-8ow8qk,train
anime256,wallhaven-8ow951,train
anime256,wallhaven-8owgwk,train
anime256,wallhaven-8owo6k,train
anime256,wallhaven-8owoy1,train
anime256,wallhaven-8owz9j,train
anime256,wallhaven-8owzwy,train
anime256,wallhaven-8oxpmj,train
anime256,wallhaven-8x2q7j,train
anime256,wallhaven-8x3wo2,train
anime256,wallhaven-8x3xyo,test
anime256,wallhaven-8x6dlj,train
anime256,wallhaven-8x6eoy,train
anime256,wallhaven-8x82m1,validation
anime256,wallhaven-8x86v2,train
anime256,wallhaven-8xd79o,train
anime256,wallhaven-8xdk7j,train
anime256,wallhaven-8xp7ly,train
anime256,wallhaven-8xpqp1,train
anime256,wallhaven-8xr9qo,test
anime256,wallhaven-8xvgeo,train
anime256,wallhaven-8xvvk1,train
anime256,wallhaven-952d1k,train
anime256,wallhaven-9568k1,train
anime256,wallhaven-956w88,train
anime256,wallhaven-9585wk,train
anime256,wallhaven-958pkw,train
anime256,wallhaven-9597ld,train
anime256,wallhaven-95k688,train
anime256,wallhaven-95m1k8,train
anime256,wallhaven-95mxkd,train
anime256,wallhaven-95q2gk,test
anime256,wallhaven-95rgvd,train
anime256,wallhaven-95z5jw,train
anime256,wallhaven-961yw8,train
anime256,wallhaven-962xzx,train
anime256,wallhaven-96329k,train
anime256,wallhaven-967kgx,train
anime256,wallhaven-967vdk,train
anime256,wallhaven-969yok,test
anime256,wallhaven-96d76d,train
anime256,wallhaven-96e1kw,train
anime256,wallhaven-96eq1x,validation
anime256,wallhaven-96jjr1,train
anime256,wallhaven-96k631,train
anime256,wallhaven-96p358,train
anime256,wallhaven-96p3gw,train
anime256,wallhaven-96r85w,train
anime256,wallhaven-96rwm8,train
anime256,wallhaven-96v5d8,train
anime256,wallhaven-96xmvd,test
anime256,wallhaven-96ykjk,train
anime256,wallhaven-96zjqw,validation
anime256,wallhaven-96zw5d,train
anime256,wallhaven-9m2lr8,train
anime256,wallhaven-9m5e7k,train
anime256,wallhaven-9m7rm1,train
anime256,wallhaven-9m7y38,validation
anime256,wallhaven-9m7z9d,train
anime256,wallhaven-9m98mw,train
anime256,wallhaven-9mez2x,validation
anime256,wallhaven-9mg128,train
anime256,wallhaven-9mgokd,train
anime256,wallhaven-9mkg3k,train
anime256,wallhaven-9mp91k,test
anime256,wallhaven-9mpd88,train
anime256,wallhaven-9mpgxw,train
anime256,wallhaven-9mpko1,validation
anime256,wallhaven-9mpl5k,test
anime256,wallhaven-9mpml1,test
anime256,wallhaven-9mpmr8,train
anime256,wallhaven-9mpp81,train
anime256,wallhaven-9mpqdk,train
anime256,wallhaven-9mpvvd,validation
anime256,wallhaven-9mpwdw,train
anime256,wallhaven-9mpx3x,validation
anime256,wallhaven-9mpz1w,test
anime256,wallhaven-9mpzpw,validation
anime256,wallhaven-9mw1vx,train
anime256,wallhaven-9mw3d8,train
anime256,wallhaven-9mw3gw,train
anime256,wallhaven-9mw3kw,train
anime256,wallhaven-9mw3y1,train
anime256,wallhaven-9mw6od,train
anime256,wallhaven-9mw7wd,train
anime256,wallhaven-9mw7yd,train
anime256,wallhaven-9mwdr8,test
anime256,wallhaven-9mwdww,train
anime256,wallhaven-9mwe18,train
anime256,wallhaven-9mwj58,train
anime256,wallhaven-9mwko1,train
anime256,wallhaven-9mwodx,validation
anime256,wallhaven-9mwpmk,validation
anime256,wallhaven-9mwpvd,train
anime256,wallhaven-9mwq9w,train
anime256,wallhaven-9mwrqw,train
anime256,wallhaven-9my53x,train
anime256,wallhaven-9my7xk,train
anime256,wallhaven-9my9kd,train
anime256,wallhaven-9myljd,train
anime256,wallhaven-9myrvk,train
anime256,wallhaven-9mzz91,train
anime256,wallhaven-d515ej,train
anime256,wallhaven-d53jko,test
anime256,wallhaven-d53kvg,train
anime256,wallhaven-d55gwl,validation
anime256,wallhaven-d55l6l,train
anime256,wallhaven-d5723g,train
anime256,wallhaven-d5gv8o,train
anime256,wallhaven-d5gxog,train
anime256,wallhaven-d5k7om,validation
anime256,wallhaven-d5kmxo,train
anime256,wallhaven-d5l7eg,test
anime256,wallhaven-d5oddg,train
anime256,wallhaven-d5oewg,train
anime256,wallhaven-d5qw3g,train
anime256,wallhaven-d5v76m,train
anime256,wallhaven-d5vw7m,train
anime256,wallhaven-d5x7rj,test
anime256,wallhaven-dg26zm,validation
anime256,wallhaven-dg551o,train
anime256,wallhaven-dg5yvo,train
anime256,wallhaven-dg6w13,train
anime256,wallhaven-dg73mj,train
anime256,wallhaven-dg7wmm,train
anime256,wallhaven-dg8jjj,train
anime256,wallhaven-dg9283,train
anime256,wallhaven-dg9djj,train
anime256,wallhaven-dgd1jl,train
anime256,wallhaven-dgd533,validation
anime256,wallhaven-dgdl2j,test
anime256,wallhaven-dge69j,train
anime256,wallhaven-dgejom,train
anime256,wallhaven-dgey9g,train
anime256,wallhaven-dgjdlj,train
anime256,wallhaven-dgk8z3,train
anime256,wallhaven-dgmdjo,train
anime256,wallhaven-dgmg63,train
anime256,wallhaven-dgqwzo,validation
anime256,wallhaven-dgqxom,train
anime256,wallhaven-dgv1vj,train
anime256,wallhaven-dgv23j,train
anime256,wallhaven-dgvpw3,train
anime256,wallhaven-dgvr1g,train
anime256,wallhaven-dgw2gm,train
anime256,wallhaven-dgwml3,train
anime256,wallhaven-dgwmwj,test
anime256,wallhaven-dgwp3g,train
anime256,wallhaven-dgyzog,test
anime256,wallhaven-dgze9l,train
anime256,wallhaven-dp29yl,validation
anime256,wallhaven-dp2xyj,train
anime256,wallhaven-dp55vg,train
anime256,wallhaven-dp5g6j,train
anime256,wallhaven-dp5r5l,train
anime256,wallhaven-dp6r5l,validation
anime256,wallhaven-dp6wkm,train
anime256,wallhaven-dp8ydm,train
anime256,wallhaven-dpe3el,train
anime256,wallhaven-dpke1o,validation
anime256,wallhaven-dpm25m,train
anime256,wallhaven-dpm2q3,train
anime256,wallhaven-dpm2vg,train
anime256,wallhaven-dpmj8m,train
anime256,wallhaven-dpmlg3,test
anime256,wallhaven-dpmodg,train
anime256,wallhaven-dpmrkm,train
anime256,wallhaven-dpmz8j,train
anime256,wallhaven-dpoqyg,train
anime256,wallhaven-dpp3wj,train
anime256,wallhaven-dpq2lm,train
anime256,wallhaven-dpq8oo,test
anime256,wallhaven-dpqpeo,train
anime256,wallhaven-dpqq73,train
anime256,wallhaven-dpqv7o,train
anime256,wallhaven-dpw6qo,train
anime256,wallhaven-dpy1ej,train
anime256,wallhaven-dpy1jg,train
anime256,wallhaven-dpy21m,train
anime256,wallhaven-dpy2eg,validation
anime256,wallhaven-dpy78j,test
anime256,wallhaven-dpy7wl,test
anime256,wallhaven-dpyg7l,train
anime256,wallhaven-dpyj2g,train
anime256,wallhaven-dpyjj3,train
anime256,wallhaven-dpykym,train
anime256,wallhaven-dpyorm,train
anime256,wallhaven-dpyow3,test
anime256,wallhaven-dpyp2m,train
anime256,wallhaven-dpz5ko,train
anime256,wallhaven-dpz6do,train
anime256,wallhaven-dpz6zj,test
anime256,wallhaven-dpz8zm,train
anime256,wallhaven-dpz96o,validation
anime256,wallhaven-dpzdkg,train
anime256,wallhaven-dpzkdo,train
anime256,wallhaven-dpzp1l,train
anime256,wallhaven-dpzr2l,train
anime256,wallhaven-e7119r,train
anime256,wallhaven-e719wk,train
anime256,wallhaven-e719xl,train
anime256,wallhaven-e71o1w,train
anime256,wallhaven-e71qjo,train
anime256,wallhaven-e71rqk,train
anime256,wallhaven-e71wg8,test
anime256,wallhaven-e71x3k,train
anime256,wallhaven-e71zw8,train
anime256,wallhaven-e72zlw,test
anime256,wallhaven-e733jo,validation
anime256,wallhaven-e76kqw,train
anime256,wallhaven-e76vmk,test
anime256,wallhaven-e79kvo,train
anime256,wallhaven-e7l33k,train
anime256,wallhaven-e7l3lw,test
anime256,wallhaven-e7l5ll,train
anime256,wallhaven-e7l6ek,train
anime256,wallhaven-e7l85r,train
anime256,wallhaven-e7l8gw,train
anime256,wallhaven-e7l8v8,train
anime256,wallhaven-e7ldyo,test
anime256,wallhaven-e7lg2r,train
anime256,wallhaven-e7lkx8,train
anime256,wallhaven-e7lvgo,train
anime256,wallhaven-e7lw6k,train
anime256,wallhaven-e7lwzr,train
anime256,wallhaven-e7lxkr,validation
anime256,wallhaven-e7lygr,train
anime256,wallhaven-e7lymr,train
anime256,wallhaven-e7p36k,train
anime256,wallhaven-e7p6vk,validation
anime256,wallhaven-e7pd1w,test
anime256,wallhaven-e7pmll,train
anime256,wallhaven-e7q3q8,train
anime256,wallhaven-e7q6lo,train
anime256,wallhaven-e7q7lw,test
anime256,wallhaven-e7qd2w,train
anime256,wallhaven-e7qdxo,train
anime256,wallhaven-e7qe8l,train
anime256,wallhaven-e7qg1l,test
anime256,wallhaven-e7qm78,validation
anime256,wallhaven-e7qqy8,train
anime256,wallhaven-e7qxr8,train
anime256,wallhaven-e7volw,test
anime256,wallhaven-e7wxqo,train
anime256,wallhaven-e7y2w8,train
anime256,wallhaven-e7yoyw,train
anime256,wallhaven-eo63lo,train
anime256,wallhaven-eo6p2r,test
anime256,wallhaven-eo733w,train
anime256,wallhaven-eo815l,train
anime256,wallhaven-eo9vvr,train
anime256,wallhaven-eody78,test
anime256,wallhaven-eooy7w,train
anime256,wallhaven-eor8kw,train
anime256,wallhaven-eordw8,train
anime256,wallhaven-eov18w,train
anime256,wallhaven-eowzmw,train
anime256,wallhaven-eoy13o,train
anime256,wallhaven-eoy3o8,test
anime256,wallhaven-eoy7er,train
anime256,wallhaven-eoz53l,train
anime256,wallhaven-eozgek,train
anime256,wallhaven-eozoqk,validation
anime256,wallhaven-ey1vj8,train
anime256,wallhaven-ey2m98,train
anime256,wallhaven-ey2q78,train
anime256,wallhaven-ey3qzk,train
anime256,wallhaven-ey5l8r,train
anime256,wallhaven-ey63ow,train
anime256,wallhaven-ey66yw,validation
anime256,wallhaven-ey6gzk,validation
anime256,wallhaven-ey6me8,train
anime256,wallhaven-ey87j8,train
anime256,wallhaven-ey8lqw,test
anime256,wallhaven-eyexqo,train
anime256,wallhaven-eygep8,train
anime256,wallhaven-eygjzo,train
anime256,wallhaven-eyjp9k,test
anime256,wallhaven-eym3jl,validation
anime256,wallhaven-eyp7jr,train
anime256,wallhaven-eypozl,train
anime256,wallhaven-eypx7l,train
anime256,wallhaven-eyr99l,validation
anime256,wallhaven-eyryjr,test
anime256,wallhaven-eyv1rl,train
anime256,wallhaven-eyvgzo,test
anime256,wallhaven-eyvqww,train
anime256,wallhaven-eywlpr,train
anime256,wallhaven-eyyr9o,train
anime256,wallhaven-eyzl18,train
anime256,wallhaven-g71eyd,test
anime256,wallhaven-g71y5e,train
anime256,wallhaven-g729p7,train
anime256,wallhaven-g78ke7,train
anime256,wallhaven-g78meq,train
anime256,wallhaven-g7g15d,train
anime256,wallhaven-g7g2zq,train
anime256,wallhaven-g7g37e,train
anime256,wallhaven-g7g52e,train
anime256,wallhaven-g7g6kd,validation
anime256,wallhaven-g7g6oe,test
anime256,wallhaven-g7g85e,train
anime256,wallhaven-g7g8eq,test
anime256,wallhaven-g7g8m3,train
anime256,wallhaven-g7ge3e,train
anime256,wallhaven-g7gep3,train
anime256,wallhaven-g7go17,validation
anime256,wallhaven-g7gp13,train
anime256,wallhaven-g7gprq,train
anime256,wallhaven-g7j13d,train
anime256,wallhaven-g7jveq,train
anime256,wallhaven-g7k1ee,validation
anime256,wallhaven-g7k813,train
anime256,wallhaven-g7k9y7,validation
anime256,wallhaven-g7kgp7,train
anime256,wallhaven-g7kj93,train
anime256,wallhaven-g7kkz3,train
anime256,wallhaven-g7kl9q,train
anime256,wallhaven-g7ko27,train
anime256,wallhaven-g7krkd,train
anime256,wallhaven-g7krw3,train
anime256,wallhaven-g7kxw7,train
anime256,wallhaven-g7kz23,test
anime256,wallhaven-g7l2g3,test
anime256,wallhaven-g7l55l,test
anime256,wallhaven-g7l6q7,test
anime256,wallhaven-g7l8k7,train
anime256,wallhaven-g7lg57,train
anime256,wallhaven-g7lppd,test
anime256,wallhaven-g7lv9q,validation
anime256,wallhaven-g7lvkl,train
anime256,wallhaven-g7lvye,train
anime256,wallhaven-g7lxp7,train
anime256,wallhaven-g7myzd,train
anime256,wallhaven-g7pr8q,train
anime256,wallhaven-g7q837,train
anime256,wallhaven-g7xpl3,train
anime256,wallhaven-g7z6y3,train
anime256,wallhaven-g7zpm7,train
anime256,wallhaven-g7zx8d,train
anime256,wallhaven-g7zyo3,test
anime256,wallhaven-g7zyqd,train
anime256,wallhaven-g81g27,train
anime256,wallhaven-g837ed,validation
anime256,wallhaven-g83857,train
anime256,wallhaven-g85ww7,train
anime256,wallhaven-g8688e,train
anime256,wallhaven-g86jpe,train
anime256,wallhaven-g86wzd,test
anime256,wallhaven-g878qq,train
anime256,wallhaven-g887z3,train
anime256,wallhaven-g889w3,train
anime256,wallhaven-g897g3,train
anime256,wallhaven-g89r2e,validation
anime256,wallhaven-g8djzq,test
anime256,wallhaven-g8ex2l,validation
anime256,wallhaven-g8gqme,train
anime256,wallhaven-g8jr2l,train
anime256,wallhaven-g8jrve,train
anime256,wallhaven-g8jwze,train
anime256,wallhaven-g8kp9e,train
anime256,wallhaven-g8ljod,train
anime256,wallhaven-g8m1j3,train
anime256,wallhaven-g8mjwl,train
anime256,wallhaven-g8p5dq,train
anime256,wallhaven-g8plzd,validation
anime256,wallhaven-g8pw6l,test
anime256,wallhaven-g8q66q,train
anime256,wallhaven-g8qv53,train
anime256,wallhaven-g8qxm7,train
anime256,wallhaven-g8r593,train
anime256,wallhaven-g8rlz7,train
anime256,wallhaven-g8rlzq,train
anime256,wallhaven-g8v3jl,train
anime256,wallhaven-g8vrol,test
anime256,wallhaven-g8xy53,train
anime256,wallhaven-g8y2k7,train
anime256,wallhaven-gj1mvl,test
anime256,wallhaven-gj1pde,train
anime256,wallhaven-gj35kq,train
anime256,wallhaven-gj5ol3,train
anime256,wallhaven-gj5y9e,validation
anime256,wallhaven-gj8j1l,train
anime256,wallhaven-gj95r3,validation
anime256,wallhaven-gj9jk3,train
anime256,wallhaven-gjj1v7,train
anime256,wallhaven-gjj7j3,test
anime256,wallhaven-gjjezq,train
anime256,wallhaven-gjp6m3,train
anime256,wallhaven-gjqv27,train
anime256,wallhaven-gjwmje,train
anime256,wallhaven-gjy5v7,train
anime256,wallhaven-gjz63q,test
anime256,wallhaven-gjzmpe,train
anime256,wallhaven-j3151y,train
anime256,wallhaven-j339ky,validation
anime256,wallhaven-j356zp,test
anime256,wallhaven-j3599m,train
anime256,wallhaven-j371vq,train
anime256,wallhaven-j375wp,validation
anime256,wallhaven-j3767w,train
anime256,wallhaven-j3795p,validation
anime256,wallhaven-j379my,train
anime256,wallhaven-j37eom,validation
anime256,wallhaven-j37ml5,train
anime256,wallhaven-j37pmp,train
anime256,wallhaven-j37vyq,test
anime256,wallhaven-j37wvp,train
anime256,wallhaven-j37x2w,test
anime256,wallhaven-j37xo5,train
anime256,wallhaven-j38g8w,train
anime256,wallhaven-j38qeq,train
anime256,wallhaven-j391q5,train
anime256,wallhaven-j39kzy,train
anime256,wallhaven-j3ez75,train
anime256,wallhaven-j3j1om,train
anime256,wallhaven-j3j1yp,train
anime256,wallhaven-j3j2em,train
anime256,wallhaven-j3j2jw,train
anime256,wallhaven-j3j3gw,test
anime256,wallhaven-j3j5ep,test
anime256,wallhaven-j3j5my,train
anime256,wallhaven-j3jd1y,test
anime256,wallhaven-j3jexy,test
anime256,wallhaven-j3jlzp,test
anime256,wallhaven-j3jo9m,train
anime256,wallhaven-j3jq55,train
anime256,wallhaven-j3jvyq,validation
anime256,wallhaven-j3jyey,train
anime256,wallhaven-j3jylq,validation
anime256,wallhaven-j3ljwm,train
anime256,wallhaven-j3o3wq,test
anime256,wallhaven-j3o5kp,test
anime256,wallhaven-j3od85,train
anime256,wallhaven-j3okqp,train
anime256,wallhaven-j3ol55,validation
anime256,wallhaven-j3ooe5,train
anime256,wallhaven-j3ookw,train
anime256,wallhaven-j3ov7m,train
anime256,wallhaven-j3oymm,test
anime256,wallhaven-j3q2d5,train
anime256,wallhaven-j3qjw5,train
anime256,wallhaven-j3qlyy,train
anime256,wallhaven-j3qmwm,test
anime256,wallhaven-j3qqly,train
anime256,wallhaven-j3qzjy,train
anime256,wallhaven-j3qzpy,train
anime256,wallhaven-j3v1e5,train
anime256,wallhaven-j3v76q,validation
anime256,wallhaven-j3yg9y,train
anime256,wallhaven-j538lq,train
anime256,wallhaven-j53j8y,train
anime256,wallhaven-j55685,test
anime256,wallhaven-j55x2p,train
anime256,wallhaven-j565w5,train
anime256,wallhaven-j56d75,validation
anime256,wallhaven-j56zew,train
anime256,wallhaven-j57vlp,test
anime256,wallhaven-j57zjy,train
anime256,wallhaven-j5937y,train
anime256,wallhaven-j599x5,train
anime256,wallhaven-j5dk2m,test
anime256,wallhaven-j5g2zp,train
anime256,wallhaven-j5g3jw,train
anime256,wallhaven-j5j3lm,train
anime256,wallhaven-j5j9wp,validation
anime256,wallhaven-j5k9z5,train
anime256,wallhaven-j5kz2y,train
anime256,wallhaven-j5l96y,train
anime256,wallhaven-j5olky,test
anime256,wallhaven-j5p28m,train
anime256,wallhaven-j5p91m,train
anime256,wallhaven-j5q1dq,train
anime256,wallhaven-j5q575,train
anime256,wallhaven-j5v195,train
anime256,wallhaven-j5vp3p,test
anime256,wallhaven-j5x265,train
anime256,wallhaven-j5yl9m,train
anime256,wallhaven-j5yp7w,test
anime256,wallhaven-j5z15q,train
anime256,wallhaven-j5zj35,train
anime256,wallhaven-j816wq,train
anime256,wallhaven-j81o7y,train
anime256,wallhaven-j82evm,train
anime256,wallhaven-j832wy,train
anime256,wallhaven-j83qo5,validation
anime256,wallhaven-j83zmw,test
anime256,wallhaven-j857qm,train
anime256,wallhaven-j858pp,train
anime256,wallhaven-j85qgw,train
anime256,wallhaven-j872v5,train
anime256,wallhaven-j88d8q,train
anime256,wallhaven-j89pz5,train
anime256,wallhaven-j89z9w,train
anime256,wallhaven-j8k5om,test
anime256,wallhaven-j8k7pw,test
anime256,wallhaven-j8keqq,train
anime256,wallhaven-j8l7dw,validation
anime256,wallhaven-j8opmp,train
anime256,wallhaven-j8p6yw,train
anime256,wallhaven-j8rqjq,train
anime256,wallhaven-j8yljq,train
anime256,wallhaven-j8yykw,test
anime256,wallhaven-k71xv7,train
anime256,wallhaven-k755kq,train
anime256,wallhaven-k756v7,train
anime256,wallhaven-k757qq,train
anime256,wallhaven-k757rd,test
anime256,wallhaven-k758k1,test
anime256,wallhaven-k75966,train
anime256,wallhaven-k75ee7,train
anime256,wallhaven-k75ejm,test
anime256,wallhaven-k75gx6,train
anime256,wallhaven-k75m71,train
anime256,wallhaven-k75q9d,train
anime256,wallhaven-k75xyq,train
anime256,wallhaven-k75zo6,test
anime256,wallhaven-k762m6,train
anime256,wallhaven-k763k1,train
anime256,wallhaven-k76721,train
anime256,wallhaven-k76l96,train
anime256,wallhaven-k76m71,test
anime256,wallhaven-k76y8d,test
anime256,wallhaven-k76z8m,train
anime256,wallhaven-k77pqd,test
anime256,wallhaven-k7d89q,train
anime256,wallhaven-k7do11,train
anime256,wallhaven-k7g6g7,train
anime256,wallhaven-k7g997,train
anime256,wallhaven-k7gdkm,validation
anime256,wallhaven-k7gmd6,train
anime256,wallhaven-k7gmx1,train
anime256,wallhaven-k7grpd,train
anime256,wallhaven-k7grq1,test
anime256,wallhaven-k7gw56,test
anime256,wallhaven-k7k9g1,train
anime256,wallhaven-k7legq,train
anime256,wallhaven-k7lv6m,train
anime256,wallhaven-k7v127,train
anime256,wallhaven-k7vdq1,train
anime256,wallhaven-k7vjzq,train
anime256,wallhaven-k7vvz6,train
anime256,wallhaven-k7x6jd,train
anime256,wallhaven-k91r7d,validation
anime256,wallhaven-k99996,train
anime256,wallhaven-k99ped,test
anime256,wallhaven-k9kodd,train
anime256,wallhaven-k9kq66,train
anime256,wallhaven-k9r3ld,train
anime256,wallhaven-k9rx7m,test
anime256,wallhaven-k9wgk1,train
anime256,wallhaven-k9wmqd,train
anime256,wallhaven-kw27m6,test
anime256,wallhaven-kw293q,train
anime256,wallhaven-kw37e7,train
anime256,wallhaven-kw3pr7,train
anime256,wallhaven-kw5kl1,test
anime256,wallhaven-kw5m31,train
anime256,wallhaven-kw5m91,train
anime256,wallhaven-kwd3vd,train
anime256,wallhaven-kwgekq,train
anime256,wallhaven-kwkj6m,validation
anime256,wallhaven-kwlxzm,train
anime256,wallhaven-kwo6zm,test
anime256,wallhaven-kwozr6,train
anime256,wallhaven-kwpw16,train
anime256,wallhaven-kwq781,train
anime256,wallhaven-kwqemd,train
anime256,wallhaven-kwr77m,train
anime256,wallhaven-kwvwyq,train
anime256,wallhaven-kwwevd,train
anime256,wallhaven-kwwkzd,train
anime256,wallhaven-kwy6m6,train
anime256,wallhaven-kwy9l6,train
anime256,wallhaven-kwyrp6,train
anime256,wallhaven-l3295q,test
anime256,wallhaven-l32ggy,test
anime256,wallhaven-l32qz2,train
anime256,wallhaven-l33qzy,validation
anime256,wallhaven-l375py,train
anime256,wallhaven-l378xq,train
anime256,wallhaven-l37k6l,train
anime256,wallhaven-l37vor,train
anime256,wallhaven-l37ydp,train
anime256,wallhaven-l38k1r,train
anime256,wallhaven-l3963y,train
anime256,wallhaven-l3gw8y,train
anime256,wallhaven-l3kwmq,train
anime256,wallhaven-l3m9ll,train
anime256,wallhaven-l3me1l,train
anime256,wallhaven-l3o3pq,test
anime256,wallhaven-l3o69p,train
anime256,wallhaven-l3o8kp,train
anime256,wallhaven-l3oe3p,train
anime256,wallhaven-l3oegq,test
anime256,wallhaven-l3oekl,test
anime256,wallhaven-l3ogzy,train
anime256,wallhaven-l3ok9y,validation
anime256,wallhaven-l3oldq,train
anime256,wallhaven-l3olo2,train
anime256,wallhaven-l3oloy,test
anime256,wallhaven-l3omyp,train
anime256,wallhaven-l3orel,test
anime256,wallhaven-l3p18l,train
anime256,wallhaven-l3p1ep,validation
anime256,wallhaven-l3p1yq,train
anime256,wallhaven-l3p29y,train
anime256,wallhaven-l3p2y2,train
anime256,wallhaven-l3p2z2,validation
anime256,wallhaven-l3p38r,train
anime256,wallhaven-l3p3oq,train
anime256,wallhaven-l3p3zp,train
anime256,wallhaven-l3p5lr,test
anime256,wallhaven-l3p8kp,train
anime256,wallhaven-l3p8ly,train
anime256,wallhaven-l3p952,train
anime256,wallhaven-l3p9kl,train
anime256,wallhaven-l3pgz2,train
anime256,wallhaven-l3pq9r,train
anime256,wallhaven-l3pypq,validation
anime256,wallhaven-l3pz2p,train
anime256,wallhaven-l3q3lr,train
anime256,wallhaven-l3q93q,train
anime256,wallhaven-l3qpzr,test
anime256,wallhaven-l3v2pp,train
anime256,wallhaven-l3v6zl,train
anime256,wallhaven-l3v97q,test
anime256,wallhaven-l3vdky,train
anime256,wallhaven-l3ve7q,train
anime256,wallhaven-l3vkgr,train
anime256,wallhaven-l3vopr,train
anime256,wallhaven-l3vpql,test
anime256,wallhaven-l3x99r,train
anime256,wallhaven-lm21yp,train
anime256,wallhaven-lm22zq,train
anime256,wallhaven-lm613q,train
anime256,wallhaven-lm6rqy,validation
anime256,wallhaven-lm793p,train
anime256,wallhaven-lmd3vp,test
anime256,wallhaven-lme8mp,train
anime256,wallhaven-lmemep,validation
anime256,wallhaven-lmezrq,validation
anime256,wallhaven-lmg3lq,train
anime256,wallhaven-lmgxoy,train
anime256,wallhaven-lmk37p,train
anime256,wallhaven-lmk9wr,train
anime256,wallhaven-lmkgo2,train
anime256,wallhaven-lmlojr,train
anime256,wallhaven-lmo9zp,train
anime256,wallhaven-lmorvr,validation
anime256,wallhaven-lmqdoy,validation
anime256,wallhaven-lmr9q2,train
anime256,wallhaven-lmrq3r,test
anime256,wallhaven-lmrwvp,train
anime256,wallhaven-lmv7wq,train
anime256,wallhaven-lmv8vl,train
anime256,wallhaven-lmvdel,train
anime256,wallhaven-lmvgd2,train
anime256,wallhaven-lmvz32,train
anime256,wallhaven-lmxmmp,train
anime256,wallhaven-lmxmmr,train
anime256,wallhaven-lmxrk2,test
anime256,wallhaven-lmxzdl,train
anime256,wallhaven-lmydzl,train
anime256,wallhaven-lq1lzq,train
anime256,wallhaven-lq1q3p,train
anime256,wallhaven-lq2emr,train
anime256,wallhaven-lq2pmp,train
anime256,wallhaven-lq5m2q,train
anime256,wallhaven-lq9qd2,train
anime256,wallhaven-lqemql,train
anime256,wallhaven-lqg97q,test
anime256,wallhaven-lqj9q2,train
anime256,wallhaven-lqmleq,train
anime256,wallhaven-lqo63l,train
anime256,wallhaven-lqqjqr,train
anime256,wallhaven-lqqw2q,train
anime256,wallhaven-lqqxrp,train
anime256,wallhaven-lqr2jr,train
anime256,wallhaven-lqr98p,train
anime256,wallhaven-lqw7py,train
anime256,wallhaven-lqxwey,train
anime256,wallhaven-m92jw8,train
anime256,wallhaven-m962x1,train
anime256,wallhaven-m9662y,train
anime256,wallhaven-m966d9,train
anime256,wallhaven-m968my,train
anime256,wallhaven-m96k5k,train
anime256,wallhaven-m96m31,train
anime256,wallhaven-m96ml1,train
anime256,wallhaven-m96x21,train
anime256,wallhaven-m96z69,train
anime256,wallhaven-m9d58y,train
anime256,wallhaven-m9e2qy,test
anime256,wallhaven-m9e3jy,validation
anime256,wallhaven-m9e3r9,test
anime256,wallhaven-m9e6vk,train
anime256,wallhaven-m9e7x8,train
anime256,wallhaven-m9e8km,test
anime256,wallhaven-m9egwk,train
anime256,wallhaven-m9ej39,train
anime256,wallhaven-m9eoe8,train
anime256,wallhaven-m9eowm,train
anime256,wallhaven-m9epm1,train
anime256,wallhaven-m9evgm,train
anime256,wallhaven-m9evzy,train
anime256,wallhaven-m9ezzk,train
anime256,wallhaven-m9gorm,train
anime256,wallhaven-m9lvxm,test
anime256,wallhaven-m9mvzy,train
anime256,wallhaven-m9oxr1,train
anime256,wallhaven-m9qxwm,test
anime256,wallhaven-m9vgok,train
anime256,wallhaven-m9vk5m,train
anime256,wallhaven-m9vkg1,validation
anime256,wallhaven-m9vqm1,train
anime256,wallhaven-m9vxkm,train
anime256,wallhaven-m9wkw8,train
anime256,wallhaven-m9ywd1,train
anime256,wallhaven-md1e38,train
anime256,wallhaven-md1lmk,train
anime256,wallhaven-md26q8,train
anime256,wallhaven-md2my1,train
anime256,wallhaven-md2rx8,train
anime256,wallhaven-md58jk,train
anime256,wallhaven-md6z9m,train
anime256,wallhaven-md7ypm,train
anime256,wallhaven-md8jj9,validation
anime256,wallhaven-md9lx8,test
anime256,wallhaven-mdej5k,test
anime256,wallhaven-mdg9x1,validation
anime256,wallhaven-mdgjy9,validation
anime256,wallhaven-mdk1dk,train
anime256,wallhaven-mdkjq9,train
anime256,wallhaven-mdlvo1,train
anime256,wallhaven-mdoo2y,test
anime256,wallhaven-mdorq9,train
anime256,wallhaven-mdoz9y,train
anime256,wallhaven-mdq3q8,train
anime256,wallhaven-mdv3v9,train
anime256,wallhaven-mdwel8,train
anime256,wallhaven-mdwv8k,train
anime256,wallhaven-mpqy7m,train
anime256,wallhaven-mpqzjk,train
anime256,wallhaven-mpwqj1,validation
anime256,wallhaven-n61lyq,train
anime256,wallhaven-n623r7,train
anime256,wallhaven-n66k2q,test
anime256,wallhaven-n66lgl,train
anime256,wallhaven-n66mk6,train
anime256,wallhaven-n66zkw,test
anime256,wallhaven-n6g1g6,train
anime256,wallhaven-n6go8w,train
anime256,wallhaven-n6keox,train
anime256,wallhaven-n6kw7w,train
anime256,wallhaven-n6l1ox,validation
anime256,wallhaven-n6mljl,train
anime256,wallhaven-n6xg6q,validation
anime256,wallhaven-n6y57x,test
anime256,wallhaven-n6z7zx,train
anime256,wallhaven-n6z8w4,test
anime256,wallhaven-ne1j9w,train
anime256,wallhaven-ne1vk8,train
anime256,wallhaven-ne3q7o,test
anime256,wallhaven-ne569o,train
anime256,wallhaven-ne687l,train
anime256,wallhaven-ne83xw,train
anime256,wallhaven-ne8egk,train
anime256,wallhaven-ne8xlo,validation
anime256,wallhaven-ned1kr,train
anime256,wallhaven-nedoy8,test
anime256,wallhaven-neeed8,validation
anime256,wallhaven-neelml,test
anime256,wallhaven-neeqvr,train
anime256,wallhaven-negep8,test
anime256,wallhaven-negeyk,train
anime256,wallhaven-nego98,validation
anime256,wallhaven-nekpzr,train
anime256,wallhaven-nekrxk,train
anime256,wallhaven-nem7rr,train
anime256,wallhaven-nemwr8,train
anime256,wallhaven-neoggw,test
anime256,wallhaven-nep21o,train
anime256,wallhaven-new9dw,train
anime256,wallhaven-new9m8,train
anime256,wallhaven-nex1qr,test
anime256,wallhaven-neyex8,train
anime256,wallhaven-nk15j6,train
anime256,wallhaven-nk2kw6,test
anime256,wallhaven-nk5olq,test
anime256,wallhaven-nk7zdm,test
anime256,wallhaven-nk8x51,train
anime256,wallhaven-nk9oq6,train
anime256,wallhaven-nkgd14,train
anime256,wallhaven-nkk276,train
anime256,wallhaven-nkm8k6,train
anime256,wallhaven-nko69q,train
anime256,wallhaven-nkol11,train
anime256,wallhaven-nkr7k1,test
anime256,wallhaven-nkrqq0,train
anime256,wallhaven-nkv777,validation
anime256,wallhaven-nkvkl7,test
anime256,wallhaven-nkw9zq,train
anime256,wallhaven-nkwdzd,train
anime256,wallhaven-nkwv5q,validation
anime256,wallhaven-nkyj21,train
anime256,wallhaven-nkz18q,train
anime256,wallhaven-nm1619,train
anime256,wallhaven-nm2181,train
anime256,wallhaven-nm5e90,train
anime256,wallhaven-nm5g51,train
anime256,wallhaven-nm5lqk,train
anime256,wallhaven-nm7rxy,train
anime256,wallhaven-nm81m0,train
anime256,wallhaven-nmdwl9,train
anime256,wallhaven-nmdyz9,train
anime256,wallhaven-nme21k,train
anime256,wallhaven-nmg6oy,test
anime256,wallhaven-nmjz38,train
anime256,wallhaven-nml92m,train
anime256,wallhaven-nmlw78,train
anime256,wallhaven-nmm7yn,test
anime256,wallhaven-nmrdpk,train
anime256,wallhaven-nmrk21,train
anime256,wallhaven-nmrpm1,train
anime256,wallhaven-nmry2m,train
anime256,wallhaven-nmvxmn,train
anime256,wallhaven-nmvyq1,train
anime256,wallhaven-nr2zpw,train
anime256,wallhaven-nr2zqj,train
anime256,wallhaven-nrdkej,validation
anime256,wallhaven-nre26w,test
anime256,wallhaven-nremj1,train
anime256,wallhaven-nrgomj,train
anime256,wallhaven-nrgrj7,train
anime256,wallhaven-nrjjzq,train
anime256,wallhaven-nrkxd7,train
anime256,wallhaven-nrld5m,train
anime256,wallhaven-nrqr1j,train
anime256,wallhaven-nrwq6j,train
anime256,wallhaven-nrzx14,train
anime256,wallhaven-nz1wo4,train
anime256,wallhaven-nz2qro,train
anime256,wallhaven-nz2w5v,test
anime256,wallhaven-nz5g3o,train
anime256,wallhaven-nz5org,train
anime256,wallhaven-nz632g,validation
anime256,wallhaven-nz69mw,test
anime256,wallhaven-nz6vmj,train
anime256,wallhaven-nz71gy,train
anime256,wallhaven-nz779w,train
anime256,wallhaven-nz919o,train
anime256,wallhaven-nz9k5o,test
anime256,wallhaven-nz9mg0,train
anime256,wallhaven-nz9ylj,test
anime256,wallhaven-nzdqzw,test
anime256,wallhaven-nzjdxj,train
anime256,wallhaven-nzkwko,train
anime256,wallhaven-nzpx8j,test
anime256,wallhaven-o32xy7,test
anime256,wallhaven-o33187,train
anime256,wallhaven-o33gv7,train
anime256,wallhaven-o355j7,test
anime256,wallhaven-o36739,train
anime256,wallhaven-o36819,train
anime256,wallhaven-o37j2l,train
anime256,wallhaven-o3829l,train
anime256,wallhaven-o382g7,train
anime256,wallhaven-o385e5,train
anime256,wallhaven-o385w9,train
anime256,wallhaven-o38d29,test
anime256,wallhaven-o38k3p,validation
anime256,wallhaven-o38rg5,train
anime256,wallhaven-o38xyp,train
anime256,wallhaven-o38y2p,train
anime256,wallhaven-o38zdp,test
anime256,wallhaven-o3d539,test
anime256,wallhaven-o3e9j9,train
anime256,wallhaven-o3edpl,train
anime256,wallhaven-o3epzm,train
anime256,wallhaven-o3er59,train
anime256,wallhaven-o3evpp,test
anime256,wallhaven-o3ewmm,train
anime256,wallhaven-o3exv9,train
anime256,wallhaven-o3golm,test
anime256,wallhaven-o3lwj5,train
anime256,wallhaven-o3lwq7,train
anime256,wallhaven-o3m2o5,test
anime256,wallhaven-o3m7o9,train
anime256,wallhaven-o3meem,train
anime256,wallhaven-o3mell,train
anime256,wallhaven-o3mk3p,train
anime256,wallhaven-o3mo25,train
anime256,wallhaven-o3mom7,validation
anime256,wallhaven-o3mqx9,validation
anime256,wallhaven-o3mw1l,train
anime256,wallhaven-o3v189,train
anime256,wallhaven-o3v8x9,train
anime256,wallhaven-o3vovl,train
anime256,wallhaven-o3vp3p,train
anime256,wallhaven-o3vzr7,train
anime256,wallhaven-o3w8pm,test
anime256,wallhaven-o3x2y9,train
anime256,wallhaven-o3yjq7,train
anime256,wallhaven-o3yl7l,test
anime256,wallhaven-od1ej5,test
anime256,wallhaven-od3619,train
anime256,wallhaven-od5el9,train
anime256,wallhaven-od6j67,train
anime256,wallhaven-od6j99,train
anime256,wallhaven-od6l3l,train
anime256,wallhaven-od787l,train
anime256,wallhaven-od7lwp,train
anime256,wallhaven-od7mqm,train
anime256,wallhaven-odkpep,validation
anime256,wallhaven-odl127,train
anime256,wallhaven-odl8ml,train
anime256,wallhaven-odldx7,train
anime256,wallhaven-odper9,train
anime256,wallhaven-odq7g7,train
anime256,wallhaven-odvxw9,validation
anime256,wallhaven-odwgo5,train
anime256,wallhaven-odxlrm,train
anime256,wallhaven-odxm3m,train
anime256,wallhaven-ox29zl,validation
anime256,wallhaven-ox2lpp,train
anime256,wallhaven-ox8kq7,train
anime256,wallhaven-oxdo3l,train
anime256,wallhaven-oxdpo5,train
anime256,wallhaven-oxj6j7,train
anime256,wallhaven-oxk83l,train
anime256,wallhaven-oxlvy9,validation
anime256,wallhaven-oxo3om,test
anime256,wallhaven-oxqg79,test
anime256,wallhaven-oxqyrl,test
anime256,wallhaven-oxv627,validation
anime256,wallhaven-oxvx5m,train
anime256,wallhaven-oxwe55,train
anime256,wallhaven-oxwl6m,train
anime256,wallhaven-oxx5op,train
anime256,wallhaven-p218w9,train
anime256,wallhaven-p228oj,train
anime256,wallhaven-p22k7m,test
anime256,wallhaven-p23d9p,train
anime256,wallhaven-p23eje,train
anime256,wallhaven-p23xem,train
anime256,wallhaven-p25y8m,train
anime256,wallhaven-p282lm,train
anime256,wallhaven-p299ve,train
anime256,wallhaven-p2e1ge,train
anime256,wallhaven-p2g859,train
anime256,wallhaven-p2ggve,train
anime256,wallhaven-p2jdg9,train
anime256,wallhaven-p2o7r3,train
anime256,wallhaven-p2rqyp,train
anime256,wallhaven-p2vg8m,train
anime256,wallhaven-p2x81m,train
anime256,wallhaven-p2z3re,train
anime256,wallhaven-p81egm,train
anime256,wallhaven-p85okp,train
anime256,wallhaven-p85r2e,train
anime256,wallhaven-p87g1e,train
anime256,wallhaven-p87ojp,train
anime256,wallhaven-p8d2l9,train
anime256,wallhaven-p8de63,train
anime256,wallhaven-p8dwzj,train
anime256,wallhaven-p8e9y9,train
anime256,wallhaven-p8jzep,test
anime256,wallhaven-p8k8lm,train
anime256,wallhaven-p8lppm,train
anime256,wallhaven-p8lz79,train
anime256,wallhaven-p8m133,train
anime256,wallhaven-p8r3mp,train
anime256,wallhaven-p8r9re,train
anime256,wallhaven-p8v96m,train
anime256,wallhaven-p8wy9j,train
anime256,wallhaven-p8xjv3,train
anime256,wallhaven-p8yzxm,validation
anime256,wallhaven-pk771e,validation
anime256,wallhaven-pk8e8m,train
anime256,wallhaven-pk8q2j,validation
anime256,wallhaven-pkljde,train
anime256,wallhaven-pkp5yp,train
anime256,wallhaven-pkp7z3,train
anime256,wallhaven-pkp859,train
anime256,wallhaven-pkp8dm,train
anime256,wallhaven-pkpd23,train
anime256,wallhaven-pkpgkm,train
anime256,wallhaven-pkpmom,test
anime256,wallhaven-pkpop9,train
anime256,wallhaven-pkpr93,test
anime256,wallhaven-pkpxoj,train
anime256,wallhaven-pkpy8m,train
anime256,wallhaven-pkvvoj,train
anime256,wallhaven-pkwq9p,train
anime256,wallhaven-pkx2xj,train
anime256,wallhaven-pkx3w3,train
anime256,wallhaven-pkx513,train
anime256,wallhaven-pkx72j,train
anime256,wallhaven-pkx8j3,train
anime256,wallhaven-pkxokp,train
anime256,wallhaven-pkxpq3,validation
anime256,wallhaven-pkxvlm,train
anime256,wallhaven-pkz1gm,train
anime256,wallhaven-pkz3re,train
anime256,wallhaven-pkz699,train
anime256,wallhaven-pkz7je,validation
anime256,wallhaven-pkz959,train
anime256,wallhaven-pkzk3p,train
anime256,wallhaven-pkzlzj,test
anime256,wallhaven-pkzom9,train
anime256,wallhaven-pkzpve,train
anime256,wallhaven-pkzrk3,validation
anime256,wallhaven-pkzvlm,train
anime256,wallhaven-pkzy7e,test
anime256,wallhaven-q22lm5,train
anime256,wallhaven-q269gq,train
anime256,wallhaven-q282jd,train
anime256,wallhaven-q289w7,train
anime256,wallhaven-q28mw5,test
anime256,wallhaven-q28og7,train
anime256,wallhaven-q28qr5,train
anime256,wallhaven-q28qwr,train
anime256,wallhaven-q28rmr,train
anime256,wallhaven-q28rql,train
anime256,wallhaven-q2dj8q,test
anime256,wallhaven-q2dwxr,train
anime256,wallhaven-q2e8lq,train
anime256,wallhaven-q2e8wl,train
anime256,wallhaven-q2e9ol,train
anime256,wallhaven-q2eqmq,test
anime256,wallhaven-q2errd,train
anime256,wallhaven-q2ev3q,test
anime256,wallhaven-q2evjq,train
anime256,wallhaven-q2ew55,test
anime256,wallhaven-q2ex5q,train
anime256,wallhaven-q2exvq,validation
anime256,wallhaven-q2eyyd,train
anime256,wallhaven-q2j5eq,train
anime256,wallhaven-q2jegr,train
anime256,wallhaven-q2q2yq,validation
anime256,wallhaven-q2q3d7,train
anime256,wallhaven-q2q7zl,train
anime256,wallhaven-q2q8vd,train
anime256,wallhaven-q2qd85,train
anime256,wallhaven-q2qd9d,train
anime256,wallhaven-q2qez5,validation
anime256,wallhaven-q2qjx5,train
anime256,wallhaven-q2qprq,train
anime256,wallhaven-q2qror,train
anime256,wallhaven-q2qvjq,train
anime256,wallhaven-q2qvrq,test
anime256,wallhaven-q2qw6r,train
anime256,wallhaven-q2qz5l,train
anime256,wallhaven-q2qz7q,validation
anime256,wallhaven-q2v59l,train
anime256,wallhaven-q2vpkr,train
anime256,wallhaven-q2vyk7,validation
anime256,wallhaven-q2vzor,train
anime256,wallhaven-q2zkjd,train
anime256,wallhaven-q2zq67,train
anime256,wallhaven-q617wl,train
anime256,wallhaven-q61oy5,train
anime256,wallhaven-q6263q,validation
anime256,wallhaven-q65q2l,train
anime256,wallhaven-q65yrl,test
anime256,wallhaven-q66dxr,train
anime256,wallhaven-q672y7,train
anime256,wallhaven-q6ed6d,train
anime256,wallhaven-q6ejpr,validation
anime256,wallhaven-q6ge55,train
anime256,wallhaven-q6gor5,train
anime256,wallhaven-q6gx97,train
anime256,wallhaven-q6jqml,test
anime256,wallhaven-q6lor5,train
anime256,wallhaven-q6p79d,train
anime256,wallhaven-q6pd8l,validation
anime256,wallhaven-q6po9l,train
anime256,wallhaven-q6ppp7,train
anime256,wallhaven-q6qqm7,train
anime256,wallhaven-q6rll5,test
anime256,wallhaven-q6v87r,train
anime256,wallhaven-q6vd97,validation
anime256,wallhaven-q6vgr7,train
anime256,wallhaven-q6vxdr,train
anime256,wallhaven-q6xw87,train
anime256,wallhaven-q6yqqr,train
anime256,wallhaven-q6ywdr,train
anime256,wallhaven-q6yx7r,validation
anime256,wallhaven-q6z1vr,train
anime256,wallhaven-qd38zr,train
anime256,wallhaven-qd9dqd,train
anime256,wallhaven-qd9kgd,train
anime256,wallhaven-qd9w8d,train
anime256,wallhaven-qdd61r,test
anime256,wallhaven-qdg51d,test
anime256,wallhaven-qdgkv5,train
anime256,wallhaven-qdj8qq,train
anime256,wallhaven-qdkp15,train
anime256,wallhaven-qdl6dq,train
anime256,wallhaven-qdpxq7,test
anime256,wallhaven-qdx9rl,train
anime256,wallhaven-qdyl7q,train
anime256,wallhaven-r23ok7,train
anime256,wallhaven-r25e67,test
anime256,wallhaven-r26kz1,test
anime256,wallhaven-r28zmw,train
anime256,wallhaven-r295qm,train
anime256,wallhaven-r29vwm,train
anime256,wallhaven-r2dlq7,train
anime256,wallhaven-r2e93j,test
anime256,wallhaven-r2elxm,train
anime256,wallhaven-r2g1pw,train
anime256,wallhaven-r2g7lw,train
anime256,wallhaven-r2jjq1,validation
anime256,wallhaven-r2jxm7,test
anime256,wallhaven-r2l3o1,test
anime256,wallhaven-r2ldw1,train
anime256,wallhaven-r2lgz1,train
anime256,wallhaven-r2o8jj,train
anime256,wallhaven-r2oex7,train
anime256,wallhaven-r2ok6j,train
anime256,wallhaven-r2owy1,train
anime256,wallhaven-r2oyvw,train
anime256,wallhaven-r2ozrj,train
anime256,wallhaven-r2pmyj,test
anime256,wallhaven-r2v677,validation
anime256,wallhaven-r2xgr7,train
anime256,wallhaven-r2yqxq,validation
anime256,wallhaven-r2zkl7,train
anime256,wallhaven-r725pw,train
anime256,wallhaven-r72d67,train
anime256,wallhaven-r736lm,train
anime256,wallhaven-r73vdm,train
anime256,wallhaven-r75p2m,train
anime256,wallhaven-r77dmj,train
anime256,wallhaven-r77w8m,train
anime256,wallhaven-r77xrq,train
anime256,wallhaven-r79djw,validation
anime256,wallhaven-r7jw2w,train
anime256,wallhaven-r7k6dq,train
anime256,wallhaven-r7q8l1,train
anime256,wallhaven-r7v6pw,train
anime256,wallhaven-r7ygmw,train
anime256,wallhaven-rd11om,train
anime256,wallhaven-rd17z1,train
anime256,wallhaven-rd199q,train
anime256,wallhaven-rd1g81,train
anime256,wallhaven-rd1l7w,test
anime256,wallhaven-rd1ljm,train
anime256,wallhaven-rd1p8w,train
anime256,wallhaven-rd1r77,train
anime256,wallhaven-rd1xd1,train
anime256,wallhaven-rd1yej,train
anime256,wallhaven-rd26gj,validation
anime256,wallhaven-rd29jq,test
anime256,wallhaven-rd2pv7,train
anime256,wallhaven-rd51g1,train
anime256,wallhaven-rd5j2m,validation
anime256,wallhaven-rd5pxj,train
anime256,wallhaven-rd6xo1,train
anime256,wallhaven-rdgqkj,train
anime256,wallhaven-rdj617,train
anime256,wallhaven-rdok77,train
anime256,wallhaven-rdozxm,train
anime256,wallhaven-rdpe7w,train
anime256,wallhaven-rdwwvj,train
anime256,wallhaven-rdx1y1,train
anime256,wallhaven-rdx2ww,train
anime256,wallhaven-rdx36w,train
anime256,wallhaven-rdx8wm,validation
anime256,wallhaven-rdxe5q,train
anime256,wallhaven-rdxkdj,test
anime256,wallhaven-rdxldw,train
anime256,wallhaven-rdxog7,train
anime256,wallhaven-rdxqr7,train
anime256,wallhaven-rdxrx1,test
anime256,wallhaven-rdxy6j,validation
anime256,wallhaven-rdzelj,train
anime256,wallhaven-rdzgg7,train
anime256,wallhaven-rdzlkq,train
anime256,wallhaven-v917e8,validation
anime256,wallhaven-v9193l,train
anime256,wallhaven-v91dqm,test
anime256,wallhaven-v91lj5,train
anime256,wallhaven-v91p9p,train
anime256,wallhaven-v91vr5,train
anime256,wallhaven-v92v1p,train
anime256,wallhaven-v93lm3,test
anime256,wallhaven-v95xk8,train
anime256,wallhaven-v993m5,train
anime256,wallhaven-v99dq3,train
anime256,wallhaven-v99k55,train
anime256,wallhaven-v9d3z8,train
anime256,wallhaven-v9d8l8,train
anime256,wallhaven-v9dg6l,train
anime256,wallhaven-v9e3w3,train
anime256,wallhaven-v9e9gm,train
anime256,wallhaven-v9l5e5,test
anime256,wallhaven-v9l5op,test
anime256,wallhaven-v9l6o8,test
anime256,wallhaven-v9l86p,train
anime256,wallhaven-v9l8jp,test
anime256,wallhaven-v9l9q5,train
anime256,wallhaven-v9l9z3,train
anime256,wallhaven-v9lo9p,train
anime256,wallhaven-v9loll,train
anime256,wallhaven-v9lpp5,train
anime256,wallhaven-v9lqr8,validation
anime256,wallhaven-v9m6zp,test
anime256,wallhaven-v9mdp3,train
anime256,wallhaven-v9rd9m,train
anime256,wallhaven-v9re25,train
anime256,wallhaven-v9reqm,train
anime256,wallhaven-v9rjy8,train
anime256,wallhaven-v9rr5m,train
anime256,wallhaven-v9v263,train
anime256,wallhaven-v9v6m3,validation
anime256,wallhaven-v9v8zl,train
anime256,wallhaven-v9vkx5,train
anime256,wallhaven-vg2955,train
anime256,wallhaven-vg2ewl,train
anime256,wallhaven-vg2p1l,train
anime256,wallhaven-vg2pqp,train
anime256,wallhaven-vg2z78,train
anime256,wallhaven-vg3gj8,train
anime256,wallhaven-vg53gl,train
anime256,wallhaven-vg56dl,train
anime256,wallhaven-vg5ox8,train
anime256,wallhaven-vg5v75,train
anime256,wallhaven-vg69p3,train
anime256,wallhaven-vg6grm,train
anime256,wallhaven-vg969p,train
anime256,wallhaven-vgd5r5,train
anime256,wallhaven-vgd8jm,train
anime256,wallhaven-vgk3jl,train
anime256,wallhaven-vglepp,train
anime256,wallhaven-vgq585,test
anime256,wallhaven-vgx55l,train
anime256,wallhaven-vgxdwp,validation
anime256,wallhaven-vgy21p,train
anime256,wallhaven-vgyj7p,test
anime256,wallhaven-vgylkp,train
anime256,wallhaven-vm5r9l,train
anime256,wallhaven-vm5yom,train
anime256,wallhaven-vmee2p,train
anime256,wallhaven-vmg915,train
anime256,wallhaven-vmgmwl,train
anime256,wallhaven-vmm37p,train
anime256,wallhaven-vmopep,train
anime256,wallhaven-vmow53,train
anime256,wallhaven-vmp1q3,train
anime256,wallhaven-vmq2pl,train
anime256,wallhaven-vmqo65,train
anime256,wallhaven-vmy32m,test
anime256,wallhaven-w81o27,train
anime256,wallhaven-w85216,train
anime256,wallhaven-w88rzp,validation
anime256,wallhaven-w88wv7,validation
anime256,wallhaven-w8e1wq,train
anime256,wallhaven-w8l1zr,test
anime256,wallhaven-w8mzjp,validation
anime256,wallhaven-w8pvyq,train
anime256,wallhaven-w8vzjq,train
anime256,wallhaven-w8ym7q,train
anime256,wallhaven-wq31mq,train
anime256,wallhaven-wq8pgx,train
anime256,wallhaven-wq8v56,test
anime256,wallhaven-wqj6jr,train
anime256,wallhaven-wqj7mp,train
anime256,wallhaven-wqj8v7,train
anime256,wallhaven-wqj8w7,train
anime256,wallhaven-wqj9kq,train
anime256,wallhaven-wqjelx,train
anime256,wallhaven-wqjmz7,train
anime256,wallhaven-wqjwzr,train
anime256,wallhaven-wqjy1x,test
anime256,wallhaven-wqjyy6,train
anime256,wallhaven-wqk1vr,validation
anime256,wallhaven-wqk1yq,train
anime256,wallhaven-wqkdlq,test
anime256,wallhaven-wqke56,test
anime256,wallhaven-wqkek7,train
anime256,wallhaven-wqkj67,test
anime256,wallhaven-wqkm9r,train
anime256,wallhaven-wqkpx7,validation
anime256,wallhaven-wqkq3r,train
anime256,wallhaven-wqkrlp,train
anime256,wallhaven-wqkwgx,train
anime256,wallhaven-wqky3r,train
anime256,wallhaven-wqqlqx,train
anime256,wallhaven-wqqm37,train
anime256,wallhaven-wqrd2r,train
anime256,wallhaven-wqreeq,train
anime256,wallhaven-wqrgm7,validation
anime256,wallhaven-wqrlvx,train
anime256,wallhaven-wqrlwx,test
anime256,wallhaven-wqrodr,train
anime256,wallhaven-wqroq6,validation
anime256,wallhaven-wqv21x,train
anime256,wallhaven-wqv91r,test
anime256,wallhaven-wqvevr,train
anime256,wallhaven-wqvg5r,train
anime256,wallhaven-wqvpr7,test
anime256,wallhaven-wqvwy7,train
anime256,wallhaven-wqwjqr,validation
anime256,wallhaven-wqy5jq,train
anime256,wallhaven-wy1d5r,train
anime256,wallhaven-wy1jq6,train
anime256,wallhaven-wy1jy6,train
anime256,wallhaven-wy2x77,test
anime256,wallhaven-wy37kp,test
anime256,wallhaven-wy3poq,train
anime256,wallhaven-wy66mp,train
anime256,wallhaven-wy6w1r,train
anime256,wallhaven-wy9m66,train
anime256,wallhaven-wyejzp,train
anime256,wallhaven-wyml87,train
anime256,wallhaven-wymr9q,train
anime256,wallhaven-wypljp,train
anime256,wallhaven-wyr5wr,train
anime256,wallhaven-wyrogp,test
anime256,wallhaven-wyv3xq,train
anime256,wallhaven-wyw1gr,test
anime256,wallhaven-wyw3or,train
anime256,wallhaven-wyw7er,train
anime256,wallhaven-wyw937,train
anime256,wallhaven-wyxlmq,train
anime256,wallhaven-wyxwvq,test
anime256,wallhaven-wyzk9r,train
anime256,wallhaven-wyzl56,train
anime256,wallhaven-x11pzz,train
anime256,wallhaven-x13jwl,train
anime256,wallhaven-x153xo,train
anime256,wallhaven-x159qo,train
anime256,wallhaven-x18lol,test
anime256,wallhaven-x19mgo,train
anime256,wallhaven-x1k2ov,train
anime256,wallhaven-x1k52d,train
anime256,wallhaven-x1kljl,validation
anime256,wallhaven-x1kovv,train
anime256,wallhaven-x1kxg3,validation
anime256,wallhaven-x1l37l,test
anime256,wallhaven-x1l6j3,validation
anime256,wallhaven-x1lx83,train
anime256,wallhaven-x1r1oo,train
anime256,wallhaven-x1vjjz,train
anime256,wallhaven-x1wrw3,train
anime256,wallhaven-x1wzkl,train
anime256,wallhaven-x1y7rd,train
anime256,wallhaven-x1y7v3,train
anime256,wallhaven-x828pl,test
anime256,wallhaven-x828v3,train
anime256,wallhaven-x82p5d,test
anime256,wallhaven-x82r9d,train
anime256,wallhaven-x8353d,train
anime256,wallhaven-x83m6z,train
anime256,wallhaven-x83xxo,train
anime256,wallhaven-x83y5l,validation
anime256,wallhaven-x857vv,test
anime256,wallhaven-x85ymd,train
anime256,wallhaven-x86god,train
anime256,wallhaven-x893pd,train
anime256,wallhaven-x89epv,test
anime256,wallhaven-x8dgzz,train
anime256,wallhaven-x8doy3,train
anime256,wallhaven-x8ezlz,validation
anime256,wallhaven-x8g57z,train
anime256,wallhaven-x8g5xv,test
anime256,wallhaven-x8g6wz,test
anime256,wallhaven-x8gdjv,train
anime256,wallhaven-x8gl1v,train
anime256,wallhaven-x8glo3,train
anime256,wallhaven-x8go93,train
anime256,wallhaven-x8gogv,test
anime256,wallhaven-x8gpdv,test
anime256,wallhaven-x8gq6z,train
anime256,wallhaven-x8gy3v,train
anime256,wallhaven-x8gzzv,train
anime256,wallhaven-x8jwxv,train
anime256,wallhaven-x8we6o,test
anime256,wallhaven-x8y28d,train
anime256,wallhaven-x8y5dz,train
anime256,wallhaven-x8y5pz,train
anime256,wallhaven-x8y6wz,test
anime256,wallhaven-x8y83z,train
anime256,wallhaven-x8y8m3,train
anime256,wallhaven-x8yeyz,validation
anime256,wallhaven-x8yl1v,train
anime256,wallhaven-x8ylzl,train
anime256,wallhaven-x8ym8z,train
anime256,wallhaven-xl16gv,train
anime256,wallhaven-xl1vjo,train
anime256,wallhaven-xl2g8z,validation
anime256,wallhaven-xl3l6v,train
anime256,wallhaven-xl3ljl,test
anime256,wallhaven-xl6dvv,test
anime256,wallhaven-xl6e73,train
anime256,wallhaven-xl9e53,train
anime256,wallhaven-xle6vz,test
anime256,wallhaven-xllwvo,test
anime256,wallhaven-xlmggl,test
anime256,wallhaven-xlqddl,train
anime256,wallhaven-xlvl7d,test
anime256,wallhaven-xlwkj3,train
anime256,wallhaven-xlz27z,train
anime256,wallhaven-xlz7xl,train
anime256,wallhaven-xlzg1v,train
anime256,wallhaven-y8235d,train
anime256,wallhaven-y82we7,train
anime256,wallhaven-y833yl,train
anime256,wallhaven-y835ek,train
anime256,wallhaven-y839m7,train
anime256,wallhaven-y83y6x,train
anime256,wallhaven-y858kk,train
anime256,wallhaven-y873gl,train
anime256,wallhaven-y87rod,train
anime256,wallhaven-y8828l,train
anime256,wallhaven-y888wg,test
anime256,wallhaven-y897wd,train
anime256,wallhaven-y8eyek,validation
anime256,wallhaven-y8gpxk,train
anime256,wallhaven-y8gpyx,validation
anime256,wallhaven-y8jkgl,validation
anime256,wallhaven-y8jqxd,train
anime256,wallhaven-y8kqxg,train
anime256,wallhaven-y8l1lg,train
anime256,wallhaven-y8l1lx,train
anime256,wallhaven-y8l1qd,test
anime256,wallhaven-y8l8kd,train
anime256,wallhaven-y8l96l,train
anime256,wallhaven-y8l98x,train
anime256,wallhaven-y8l9eg,train
anime256,wallhaven-y8llkg,validation
anime256,wallhaven-y8lr3g,train
anime256,wallhaven-y8lryd,train
anime256,wallhaven-y8lvjx,test
anime256,wallhaven-y8lw6l,test
anime256,wallhaven-y8lxgl,train
anime256,wallhaven-y8mdmx,train
anime256,wallhaven-y8mv7k,train
anime256,wallhaven-y8o16g,test
anime256,wallhaven-y8o6yl,validation
anime256,wallhaven-y8oegk,train
anime256,wallhaven-y8og2k,train
anime256,wallhaven-y8ok1d,train
anime256,wallhaven-y8okxx,train
anime256,wallhaven-y8om5l,train
anime256,wallhaven-y8omkd,train
anime256,wallhaven-y8ompx,train
anime256,wallhaven-y8oork,validation
anime256,wallhaven-y8opq7,test
anime256,wallhaven-y8opzl,train
anime256,wallhaven-y8oqo7,train
anime256,wallhaven-y8oqyx,test
anime256,wallhaven-y8ordl,test
anime256,wallhaven-y8ov7x,validation
anime256,wallhaven-y8ov9k,train
anime256,wallhaven-y8ox1x,test
anime256,wallhaven-y8ox3d,train
anime256,wallhaven-y8oxgl,train
anime256,wallhaven-y8oxr7,train
anime256,wallhaven-y8oxzg,train
anime256,wallhaven-y8oy1k,train
anime256,wallhaven-y8ozog,train
anime256,wallhaven-y8qjrk,validation
anime256,wallhaven-y8r2yd,test
anime256,wallhaven-y8r3yd,train
anime256,wallhaven-y8r5wl,train
anime256,wallhaven-y8rg17,train
anime256,wallhaven-y8rg7x,train
anime256,wallhaven-y8rjr7,test
anime256,wallhaven-y8rmr7,validation
anime256,wallhaven-y8rre7,test
anime256,wallhaven-y8rxxg,validation
anime256,wallhaven-yj113k,train
anime256,wallhaven-yj6ky7,train
anime256,wallhaven-yj6lwk,train
anime256,wallhaven-yj6o5x,test
anime256,wallhaven-yj7ek7,train
anime256,wallhaven-yj8gyk,train
anime256,wallhaven-yj8l67,test
anime256,wallhaven-yje2lg,test
anime256,wallhaven-yje8eg,train
anime256,wallhaven-yjjq1l,train
anime256,wallhaven-yjjq2x,train
anime256,wallhaven-yjkokx,train
anime256,wallhaven-yjmdmg,train
anime256,wallhaven-yjmldx,train
anime256,wallhaven-yjo1vx,train
anime256,wallhaven-yjrjgd,train
anime256,wallhaven-yjvkjd,train
anime256,wallhaven-yjwjel,train
anime256,wallhaven-yjwvdd,train
anime256,wallhaven-yjwzzg,train
anime256,wallhaven-yjyq7l,train
anime256,wallhaven-yjz92d,train
anime256,wallhaven-ym1yq7,train
anime256,wallhaven-ym358g,train
anime256,wallhaven-ym61g7,train
anime256,wallhaven-ym6qdx,train
anime256,wallhaven-ym7rgl,train
anime256,wallhaven-ym9e8x,test
anime256,wallhaven-ymdleg,validation
anime256,wallhaven-yme93x,train
anime256,wallhaven-ymgydx,train
anime256,wallhaven-ymkk87,train
anime256,wallhaven-ymlkpd,train
anime256,wallhaven-ymll3k,train
anime256,wallhaven-ymllyd,train
anime256,wallhaven-ymm9vd,train
anime256,wallhaven-ympeo7,train
anime256,wallhaven-ymq7y7,train
anime256,wallhaven-ymql2d,validation
anime256,wallhaven-ymv9ok,validation
anime256,wallhaven-ymvorx,test
anime256,wallhaven-ymw56d,validation
anime256,wallhaven-ymx16d,train
anime256,wallhaven-ymx8vx,test
anime256,wallhaven-ymzme7,train
anime256,wallhaven-ymzp3k,test
anime256,wallhaven-z8366w,train
anime256,wallhaven-z83lgg,train
anime256,wallhaven-z83ovg,validation
anime256,wallhaven-z862ko,train
anime256,wallhaven-z8677g,train
anime256,wallhaven-z8679j,train
anime256,wallhaven-z8682o,train
anime256,wallhaven-z868ej,train
anime256,wallhaven-z869zw,train
anime256,wallhaven-z86d5g,validation
anime256,wallhaven-z86kyo,validation
anime256,wallhaven-z86lyo,train
anime256,wallhaven-z86mmg,train
anime256,wallhaven-z86p7v,train
anime256,wallhaven-z86p9y,train
anime256,wallhaven-z86pev,train
anime256,wallhaven-z86r3g,train
anime256,wallhaven-z86x2v,validation
anime256,wallhaven-z86xdo,validation
anime256,wallhaven-z88dyy,train
anime256,wallhaven-z8935v,train
anime256,wallhaven-z8do7y,train
anime256,wallhaven-z8j19v,train
anime256,wallhaven-z8jd7o,train
anime256,wallhaven-z8jdpw,train
anime256,wallhaven-z8jeeg,train
anime256,wallhaven-z8jmmg,train
anime256,wallhaven-z8jq9y,train
anime256,wallhaven-z8jr1o,train
anime256,wallhaven-z8jrjg,test
anime256,wallhaven-z8jvwo,test
anime256,wallhaven-z8oe1w,train
anime256,wallhaven-z8pmyj,train
anime256,wallhaven-z8r59g,train
anime256,wallhaven-z8r5vg,train
anime256,wallhaven-z8r6gy,test
anime256,wallhaven-z8r6pv,train
anime256,wallhaven-z8r8zg,test
anime256,wallhaven-z8rdvg,test
anime256,wallhaven-z8v9rg,train
anime256,wallhaven-z8xxvw,test
anime256,wallhaven-z8zr1w,train
anime256,wallhaven-z8zxvg,train
anime256,wallhaven-zm1d3v,test
anime256,wallhaven-zm253g,train
anime256,wallhaven-zm3lyy,train
anime256,wallhaven-zm3m6v,train
anime256,wallhaven-zm58ry,validation
anime256,wallhaven-zm5jyy,train
anime256,wallhaven-zm8jdy,train
anime256,wallhaven-zm93kg,test
anime256,wallhaven-zm96rj,train
anime256,wallhaven-zm9rpo,train
anime256,wallhaven-zm9rqv,train
anime256,wallhaven-zmdmro,train
anime256,wallhaven-zmkp3v,train
anime256,wallhaven-zmkrgj,train
anime256,wallhaven-zmoe7j,validation
anime256,wallhaven-zmpv1g,train
anime256,wallhaven-zmpywy,train
anime256,wallhaven-zmqq1o,train
anime256,wallhaven-zmv8xw,train
anime256,wallhaven-zmv9lo,train
anime256,wallhaven-zx27lg,train
anime256,wallhaven-zx2q3y,train
anime256,wallhaven-zx2w2j,test
anime256,wallhaven-zx372w,train
anime256,wallhaven-zx81pw,train
anime256,wallhaven-zx89ew,test
anime256,wallhaven-zx932w,train
anime256,wallhaven-zxexzo,train
anime256,wallhaven-zxjl1g,train
anime256,wallhaven-zxl1go,train
anime256,wallhaven-zxm23v,validation
anime256,wallhaven-zxm5xy,train
anime256,wallhaven-zxmjyg,train
anime256,wallhaven-zxokqy,test
anime256,wallhaven-zxqdrw,train
anime256,wallhaven-zxvkyy,train
anime256,wallhaven-zxy3zy,test
lap,MAL00001,train
lap,MAL00005,validation
lap,MAL00006,train
lap,MAL00007,train
lap,MAL00008,train
lap,MAL00015,train
lap,MAL00016,train
lap,MAL00017,train
lap,MAL00018,train
lap,MAL00019,train
lap,MAL00020,train
lap,MAL00021,train
lap,MAL00022,train
lap,MAL00023,train
lap,MAL00024,train
lap,MAL00025,train
lap,MAL00026,train
lap,MAL00027,validation
lap,MAL00028,train
lap,MAL00029,validation
lap,MAL00030,test
lap,MAL00031,test
lap,MAL00032,train
lap,MAL00033,train
lap,MAL00043,test
lap,MAL00044,train
lap,MAL00045,train
lap,MAL00046,train
lap,MAL00047,train
lap,MAL00048,train
lap,MAL00049,train
lap,MAL00050,train
lap,MAL00051,test
lap,MAL00052,train
lap,MAL00053,train
lap,MAL00054,train
lap,MAL00055,train
lap,MAL00056,train
lap,MAL00057,train
lap,MAL00058,validation
lap,MAL00059,train
lap,MAL00060,validation
lap,MAL00061,validation
lap,MAL00062,train
lap,MAL00063,train
lap,MAL00064,train
lap,MAL00065,train
lap,MAL00066,train
lap,MAL00067,train
lap,MAL00068,train
lap,MAL00069,train
lap,MAL00071,train
lap,MAL00072,train
lap,MAL00073,train
lap,MAL00074,validation
lap,MAL00075,validation
lap,MAL00076,train
lap,MAL00077,train
lap,MAL00079,train
lap,MAL00080,train
lap,MAL00081,train
lap,MAL00082,train
lap,MAL00083,train
lap,MAL00084,test
lap,MAL00085,train
lap,MAL00086,train
lap,MAL00087,train
lap,MAL00088,train
lap,MAL00089,train
lap,MAL00090,test
lap,MAL00091,train
lap,MAL00092,validation
lap,MAL00093,validation
lap,MAL00094,train
lap,MAL00095,train
lap,MAL00096,train
lap,MAL00097,test
lap,MAL00098,train
lap,MAL00099,validation
lap,MAL00100,train
lap,MAL00101,validation
lap,MAL00102,train
lap,MAL00103,train
lap,MAL00104,train
lap,MAL00105,test
lap,MAL00106,train
lap,MAL00107,train
lap,MAL00108,train
lap,MAL00109,validation
lap,MAL00110,train
lap,MAL00111,train
lap,MAL00112,train
lap,MAL00113,train
lap,MAL00114,test
lap,MAL00115,train
lap,MAL00116,train
lap,MAL00117,train
lap,MAL00118,test
lap,MAL00119,train
lap,MAL00120,train
lap,MAL00121,train
lap,MAL00122,train
lap,MAL00123,train
lap,MAL00124,train
lap,MAL00125,test
lap,MAL00126,validation
lap,MAL00127,test
lap,MAL00128,train
lap,MAL00129,train
lap,MAL00130,train
lap,MAL00131,train
lap,MAL00132,train
lap,MAL00133,train
lap,MAL00134,train
lap,MAL00135,train
lap,MAL00136,test
lap,MAL00137,train
lap,MAL00138,train
lap,MAL00139,train
lap,MAL00141,validation
lap,MAL00142,train
lap,MAL00143,train
lap,MAL00144,train
lap,MAL00145,train
lap,MAL00146,train
lap,MAL00147,train
lap,MAL00148,test
lap,MAL00149,train
lap,MAL00150,train
lap,MAL00151,train
lap,MAL00152,test
lap,MAL00153,train
lap,MAL00154,validation
lap,MAL00155,train
lap,MAL00156,train
lap,MAL00157,train
lap,MAL00158,train
lap,MAL00159,test
lap,MAL00160,test
lap,MAL00161,train
lap,MAL00162,train
lap,MAL00163,train
lap,MAL00164,validation
lap,MAL00165,train
lap,MAL00166,train
lap,MAL00167,train
lap,MAL00168,train
lap,MAL00169,train
lap,MAL00170,test
lap,MAL00171,validation
lap,MAL00173,train
lap,MAL00174,train
lap,MAL00175,test
lap,MAL00176,test
lap,MAL00177,train
lap,MAL00178,train
lap,MAL00179,train
lap,MAL00180,validation
lap,MAL00181,test
lap,MAL00182,train
lap,MAL00183,train
lap,MAL00184,test
lap,MAL00185,train
lap,MAL00186,train
lap,MAL00187,train
lap,MAL00188,validation
lap,MAL00189,train
lap,MAL00190,train
lap,MAL00191,train
lap,MAL00192,train
lap,MAL00193,test
lap,MAL00194,train
lap,MAL00195,train
lap,MAL00196,train
lap,MAL00197,train
lap,MAL00198,train
lap,MAL00199,train
lap,MAL00200,train
lap,MAL00201,train
lap,MAL00202,train
lap,MAL00203,train
lap,MAL00204,train
lap,MAL00205,test
lap,MAL00206,train
lap,MAL00207,train
lap,MAL00208,train
lap,MAL00209,train
lap,MAL00210,train
lap,MAL00211,train
lap,MAL00212,train
lap,MAL00213,train
lap,MAL00214,test
lap,MAL00215,train
lap,MAL00216,train
lap,MAL00217,train
lap,MAL00218,validation
lap,MAL00219,train
lap,MAL00220,train
lap,MAL00221,test
lap,MAL00222,test
lap,MAL00223,train
lap,MAL00225,train
lap,MAL00226,test
lap,MAL00227,train
lap,MAL00228,test
lap,MAL00229,train
lap,MAL00230,train
lap,MAL00231,train
lap,MAL00232,train
lap,MAL00233,train
lap,MAL00234,train
lap,MAL00235,test
lap,MAL00236,train
lap,MAL00237,validation
lap,MAL00238,train
lap,MAL00239,test
lap,MAL00240,test
lap,MAL00241,train
lap,MAL00242,train
lap,MAL00243,test
lap,MAL00244,train
lap,MAL00245,train
lap,MAL00246,train
lap,MAL00247,train
lap,MAL00248,train
lap,MAL00249,train
lap,MAL00250,train
lap,MAL00251,train
lap,MAL00252,test
lap,MAL00253,test
lap,MAL00254,train
lap,MAL00255,train
lap,MAL00256,train
lap,MAL00257,train
lap,MAL00258,train
lap,MAL00259,train
lap,MAL00260,train
lap,MAL00261,train
lap,MAL00262,train
lap,MAL00263,train
lap,MAL00264,train
lap,MAL00265,validation
lap,MAL00266,train
lap,MAL00267,train
lap,MAL00268,train
lap,MAL00269,train
lap,MAL00270,train
lap,MAL00271,train
lap,MAL00272,validation
lap,MAL00273,train
lap,MAL00274,train
lap,MAL00275,train
lap,MAL00276,train
lap,MAL00277,train
lap,MAL00278,test
lap,MAL00279,train
lap,MAL00280,train
lap,MAL00281,train
lap,MAL00282,train
lap,MAL00283,train
lap,MAL00284,validation
lap,MAL00285,train
lap,MAL00286,train
lap,MAL00287,train
lap,MAL00288,train
lap,MAL00289,test
lap,MAL00290,train
lap,MAL00291,test
lap,MAL00292,train
lap,MAL00293,train
lap,MAL00294,train
lap,MAL00295,train
lap,MAL00296,train
lap,MAL00297,test
lap,MAL00298,train
lap,MAL00299,train
lap,MAL00300,test
lap,MAL00301,train
lap,MAL00302,train
lap,MAL00303,test
lap,MAL00304,train
lap,MAL00305,train
lap,MAL00306,train
lap,MAL00307,train
lap,MAL00308,test
lap,MAL00309,train
lap,MAL00310,train
lap,MAL00311,train
lap,MAL00312,test
lap,MAL00313,test
lap,MAL00314,train
lap,MAL00315,train
lap,MAL00316,train
lap,MAL00317,train
lap,MAL00318,train
lap,MAL00319,train
lap,MAL00320,train
lap,MAL00321,train
lap,MAL00322,test
lap,MAL00323,train
lap,MAL00324,train
lap,MAL00325,train
lap,MAL00326,train
lap,MAL00327,train
lap,MAL00328,train
lap,MAL00329,test
lap,MAL00330,train
lap,MAL00331,train
lap,MAL00332,test
lap,MAL00333,train
lap,MAL00334,train
lap,MAL00335,validation
lap,MAL00336,train
lap,MAL00337,train
lap,MAL00338,train
lap,MAL00339,test
lap,MAL00340,train
lap,MAL00341,train
lap,MAL00342,validation
lap,MAL00343,test
lap,MAL00344,train
lap,MAL00345,train
lap,MAL00346,validation
lap,MAL00347,train
lap,MAL00348,train
lap,MAL00349,test
lap,MAL00350,validation
lap,MAL00351,train
lap,MAL00352,train
lap,MAL00353,train
lap,MAL00354,train
lap,MAL00355,validation
lap,MAL00356,train
lap,MAL00357,train
lap,MAL00358,train
lap,MAL00359,train
lap,MAL00360,train
lap,MAL00361,train
lap,MAL00362,train
lap,MAL00363,train
lap,MAL00364,train
lap,MAL00365,train
lap,MAL00366,test
lap,MAL00367,train
lap,MAL00368,train
lap,MAL00369,train
lap,MAL00370,train
lap,MAL00371,train
lap,MAL00372,test
lap,MAL00373,train
lap,MAL00374,train
lap,MAL00375,train
lap,MAL00376,test
lap,MAL00377,validation
lap,MAL00378,train
lap,MAL00379,train
lap,MAL00380,train
lap,MAL00381,train
lap,MAL00382,train
lap,MAL00383,train
lap,MAL00384,test
lap,MAL00385,train
lap,MAL00386,train
lap,MAL00387,train
lap,MAL00388,train
lap,MAL00389,train
lap,MAL00390,train
lap,MAL00391,train
lap,MAL00392,test
lap,MAL00393,train
lap,MAL00394,train
lap,MAL00395,test
lap,MAL00396,train
lap,MAL00397,test
lap,MAL00398,train
lap,MAL00399,train
lap,MAL00400,validation
lap,MAL00401,train
lap,MAL00402,train
lap,MAL00403,train
lap,MAL00404,train
lap,MAL00405,validation
lap,MAL00406,validation
lap,MAL00407,train
lap,MAL00408,train
lap,MAL00411,train
lap,MAL00412,test
lap,MAL00413,test
lap,MAL00415,train
lap,MAL00416,test
lap,MAL00417,train
lap,MAL00418,test
lap,MAL00419,train
lap,MAL00420,train
lap,MAL00421,train
lap,MAL00422,train
lap,MAL00423,train
lap,MAL00424,train
lap,MAL00425,train
lap,MAL00426,test
lap,MAL00427,validation
lap,MAL00428,train
lap,MAL00429,test
lap,MAL00430,train
lap,MAL00431,validation
lap,MAL00432,test
lap,MAL00433,train
lap,MAL00434,validation
lap,MAL00435,train
lap,MAL00437,train
lap,MAL00438,train
lap,MAL00439,train
lap,MAL00440,validation
lap,MAL00441,train
lap,MAL00442,train
lap,MAL00443,test
lap,MAL00444,train
lap,MAL00445,train
lap,MAL00446,train
lap,MAL00447,train
lap,MAL00448,train
lap,MAL00449,train
lap,MAL00450,train
lap,MAL00451,train
lap,MAL00452,train
lap,MAL00454,train
lap,MAL00455,test
lap,MAL00456,validation
lap,MAL00457,train
lap,MAL00458,train
lap,MAL00459,train
lap,MAL00460,train
lap,MAL00461,train
lap,MAL00462,train
lap,MAL00463,train
lap,MAL00464,validation
lap,MAL00465,train
lap,MAL00466,train
lap,MAL00467,train
lap,MAL00468,train
lap,MAL00469,train
lap,MAL00470,train
lap,MAL00471,train
lap,MAL00472,train
lap,MAL00473,train
lap,MAL00474,train
lap,MAL00475,test
lap,MAL00476,train
lap,MAL00477,train
lap,MAL00478,test
lap,MAL00479,train
lap,MAL00481,train
lap,MAL00482,train
lap,MAL00483,train
lap,MAL00484,train
lap,MAL00485,validation
lap,MAL00486,train
lap,MAL00487,train
lap,MAL00488,train
lap,MAL00489,train
lap,MAL00490,train
lap,MAL00492,train
lap,MAL00493,train
lap,MAL00495,train
lap,MAL00496,train
lap,MAL00497,train
lap,MAL00498,train
lap,MAL00499,test
lap,MAL00501,train
lap,MAL00502,test
lap,MAL00503,train
lap,MAL00504,validation
lap,MAL00505,train
lap,MAL00506,train
lap,MAL00507,validation
lap,MAL00508,train
lap,MAL00509,train
lap,MAL00510,train
lap,MAL00511,train
lap,MAL00512,train
lap,MAL00513,train
lap,MAL00514,train
lap,MAL00515,train
lap,MAL00516,train
lap,MAL00517,train
lap,MAL00518,train
lap,MAL00519,validation
lap,MAL00520,train
lap,MAL00521,train
lap,MAL00522,train
lap,MAL00523,train
lap,MAL00524,test
lap,MAL00525,train
lap,MAL00526,test
lap,MAL00527,train
lap,MAL00528,train
lap,MAL00529,train
lap,MAL00530,train
lap,MAL00531,train
lap,MAL00532,test
lap,MAL00533,train
lap,MAL00534,train
lap,MAL00535,train
lap,MAL00536,test
lap,MAL00537,train
lap,MAL00538,validation
lap,MAL00539,train
lap,MAL00540,train
lap,MAL00541,validation
lap,MAL00543,train
lap,MAL00544,train
lap,MAL00545,train
lap,MAL00546,train
lap,MAL00547,train
lap,MAL00548,test
lap,MAL00550,test
lap,MAL00551,test
lap,MAL00552,train
lap,MAL00553,train
lap,MAL00554,train
lap,MAL00555,validation
lap,MAL00556,train
lap,MAL00557,test
lap,MAL00558,train
lap,MAL00559,train
lap,MAL00560,test
lap,MAL00561,train
lap,MAL00562,train
lap,MAL00563,train
lap,MAL00564,train
lap,MAL00565,train
lap,MAL00566,test
lap,MAL00567,train
lap,MAL00568,train
lap,MAL00569,test
lap,MAL00570,test
lap,MAL00571,train
lap,MAL00572,train
lap,MAL00573,train
lap,MAL00574,train
lap,MAL00576,train
lap,MAL00577,train
lap,MAL00578,train
lap,MAL00579,train
lap,MAL00580,train
lap,MAL00581,train
lap,MAL00582,test
lap,MAL00584,train
lap,MAL00585,train
lap,MAL00586,test
lap,MAL00587,train
lap,MAL00588,train
lap,MAL00589,train
lap,MAL00590,validation
lap,MAL00591,train
lap,MAL00592,train
lap,MAL00593,train
lap,MAL00594,train
lap,MAL00595,train
lap,MAL00596,test
lap,MAL00597,train
lap,MAL00598,train
lap,MAL00599,train
lap,MAL00600,train
lap,MAL00601,train
lap,MAL00602,train
lap,MAL00603,train
lap,MAL00604,train
lap,MAL00605,train
lap,MAL00606,validation
lap,MAL00607,train
lap,MAL00608,validation
lap,MAL00609,validation
lap,MAL00610,train
lap,MAL00611,train
lap,MAL00612,train
lap,MAL00613,validation
lap,MAL00614,test
lap,MAL00615,train
lap,MAL00616,validation
lap,MAL00617,validation
lap,MAL00618,train
lap,MAL00619,train
lap,MAL00620,train
lap,MAL00621,train
lap,MAL00622,train
lap,MAL00623,test
lap,MAL00624,train
lap,MAL00625,train
lap,MAL00626,train
lap,MAL00627,train
lap,MAL00629,train
lap,MAL00630,train
lap,MAL00631,test
lap,MAL00632,test
lap,MAL00633,train
lap,MAL00634,train
lap,MAL00635,train
lap,MAL00636,train
lap,MAL00637,train
lap,MAL00641,train
lap,MAL00642,train
lap,MAL00644,train
lap,MAL00645,train
lap,MAL00646,test
lap,MAL00647,train
lap,MAL00648,train
lap,MAL00649,test
lap,MAL00650,train
lap,MAL00651,validation
lap,MAL00652,train
lap,MAL00653,train
lap,MAL00655,train
lap,MAL00656,test
lap,MAL00658,train
lap,MAL00659,train
lap,MAL00660,train
lap,MAL00661,train
lap,MAL00664,train
lap,MAL00665,train
lap,MAL00666,train
lap,MAL00667,train
lap,MAL00668,train
lap,MAL00669,train
lap,MAL00670,train
lap,MAL00671,validation
lap,MAL00675,train
lap,MAL00676,train
lap,MAL00677,test
lap,MAL00678,train
lap,MAL00679,train
lap,MAL00681,validation
lap,MAL00682,validation
lap,MAL00683,train
lap,MAL00684,validation
lap,MAL00685,train
lap,MAL00687,train
lap,MAL00688,train
lap,MAL00689,train
lap,MAL00690,train
lap,MAL00691,train
lap,MAL00692,train
lap,MAL00693,train
lap,MAL00694,train
lap,MAL00695,train
lap,MAL00696,train
lap,MAL00704,train
lap,MAL00706,test
lap,MAL00707,train
lap,MAL00708,train
lap,MAL00709,train
lap,MAL00710,validation
lap,MAL00711,validation
lap,MAL00712,train
lap,MAL00713,validation
lap,MAL00714,train
lap,MAL00715,validation
lap,MAL00718,train
lap,MAL00719,train
lap,MAL00721,train
lap,MAL00722,train
lap,MAL00723,validation
lap,MAL00724,train
lap,MAL00725,train
lap,MAL00727,train
lap,MAL00729,train
lap,MAL00730,train
lap,MAL00731,test
lap,MAL00732,validation
lap,MAL00733,validation
lap,MAL00734,train
lap,MAL00736,train
lap,MAL00738,validation
lap,MAL00740,train
lap,MAL00741,train
lap,MAL00743,train
lap,MAL00744,train
lap,MAL00746,validation
lap,MAL00747,train
lap,MAL00748,validation
lap,MAL00749,train
lap,MAL00750,train
lap,MAL00751,train
lap,MAL00752,train
lap,MAL00753,train
lap,MAL00754,train
lap,MAL00755,test
lap,MAL00756,train
lap,MAL00757,train
lap,MAL00758,train
lap,MAL00759,train
lap,MAL00760,train
lap,MAL00761,train
lap,MAL00762,test
lap,MAL00763,train
lap,MAL00764,train
lap,MAL00766,train
lap,MAL00767,train
lap,MAL00769,train
lap,MAL00770,train
lap,MAL00771,test
lap,MAL00773,train
lap,MAL00776,train
lap,MAL00777,train
lap,MAL00779,train
lap,MAL00780,train
lap,MAL00781,train
lap,MAL00782,train
lap,MAL00783,test
lap,MAL00785,train
lap,MAL00786,validation
lap,MAL00788,train
lap,MAL00789,train
lap,MAL00790,train
lap,MAL00791,train
lap,MAL00792,train
lap,MAL00793,train
lap,MAL00795,train
lap,MAL00796,test
lap,MAL00797,train
lap,MAL00798,train
lap,MAL00799,train
lap,MAL00800,train
lap,MAL00801,test
lap,MAL00807,train
lap,MAL00808,train
lap,MAL00810,train
lap,MAL00811,test
lap,MAL00812,test
lap,MAL00813,train
lap,MAL00814,train
lap,MAL00815,validation
lap,MAL00816,train
lap,MAL00817,train
lap,MAL00818,train
lap,MAL00819,train
lap,MAL00820,test
lap,MAL00821,validation
lap,MAL00822,train
lap,MAL00823,train
lap,MAL00824,test
lap,MAL00825,validation
lap,MAL00827,train
lap,MAL00828,train
lap,MAL00830,test
lap,MAL00831,train
lap,MAL00832,train
lap,MAL00833,validation
lap,MAL00834,train
lap,MAL00835,test
lap,MAL00836,train
lap,MAL00837,train
lap,MAL00838,train
lap,MAL00839,train
lap,MAL00840,train
lap,MAL00841,train
lap,MAL00842,validation
lap,MAL00844,train
lap,MAL00845,train
lap,MAL00846,train
lap,MAL00848,test
lap,MAL00849,validation
lap,MAL00850,train
lap,MAL00851,train
lap,MAL00852,train
lap,MAL00853,train
lap,MAL00854,train
lap,MAL00855,test
lap,MAL00856,test
lap,MAL00857,train
lap,MAL00858,train
lap,MAL00859,train
lap,MAL00860,test
lap,MAL00861,train
lap,MAL00863,train
lap,MAL00864,test
lap,MAL00865,train
lap,MAL00866,test
lap,MAL00867,train
lap,MAL00868,test
lap,MAL00869,train
lap,MAL00870,train
lap,MAL00872,train
lap,MAL00873,train
lap,MAL00874,test
lap,MAL00875,test
lap,MAL00876,train
lap,MAL00877,train
lap,MAL00878,train
lap,MAL00879,train
lap,MAL00880,validation
lap,MAL00881,train
lap,MAL00882,train
lap,MAL00883,train
lap,MAL00884,train
lap,MAL00885,test
lap,MAL00886,test
lap,MAL00887,train
lap,MAL00888,train
lap,MAL00889,train
lap,MAL00890,train
lap,MAL00891,train
lap,MAL00892,train
lap,MAL00893,test
lap,MAL00894,train
lap,MAL00895,test
lap,MAL00896,train
lap,MAL00897,train
lap,MAL00898,train
lap,MAL00899,train
lap,MAL00900,train
lap,MAL00901,test
lap,MAL00902,train
lap,MAL00903,test
lap,MAL00904,train
lap,MAL00905,train
lap,MAL00906,validation
lap,MAL00907,train
lap,MAL00908,train
lap,MAL00909,train
lap,MAL00910,train
lap,MAL00911,train
lap,MAL00912,train
lap,MAL00913,test
lap,MAL00914,test
lap,MAL00915,train
lap,MAL00916,train
lap,MAL00917,validation
lap,MAL00918,test
lap,MAL00919,train
lap,MAL00920,train
lap,MAL00921,train
lap,MAL00924,train
lap,MAL00925,train
lap,MAL00926,train
lap,MAL00927,train
lap,MAL00928,train
lap,MAL00929,train
lap,MAL00930,test
lap,MAL00932,validation
lap,MAL00933,validation
lap,MAL00934,train
lap,MAL00935,train
lap,MAL00936,train
lap,MAL00937,test
lap,MAL00938,test
lap,MAL00940,train
lap,MAL00941,train
lap,MAL00942,train
lap,MAL00943,train
lap,MAL00944,test
lap,MAL00949,train
lap,MAL00950,train
lap,MAL00951,validation
lap,MAL00952,train
lap,MAL00953,train
lap,MAL00956,train
lap,MAL00957,train
lap,MAL00958,train
lap,MAL00959,train
lap,MAL00960,train
lap,MAL00961,train
lap,MAL00962,validation
lap,MAL00963,test
lap,MAL00964,train
lap,MAL00965,train
lap,MAL00966,train
lap,MAL00967,train
lap,MAL00968,train
lap,MAL00969,train
lap,MAL00970,train
lap,MAL00971,train
lap,MAL00972,train
lap,MAL00973,train
lap,MAL00974,train
lap,MAL00975,train
lap,MAL00976,train
lap,MAL00977,train
lap,MAL00978,train
lap,MAL00979,train
lap,MAL00980,test
lap,MAL00981,train
lap,MAL00982,test
lap,MAL00984,train
lap,MAL00985,train
lap,MAL00986,train
lap,MAL00987,train
lap,MAL00988,train
lap,MAL00989,train
lap,MAL00990,train
lap,MAL00991,test
lap,MAL00992,train
lap,MAL00993,test
lap,MAL00994,train
lap,MAL00995,train
lap,MAL00996,train
lap,MAL00997,train
lap,MAL00998,test
lap,MAL00999,train
lap,MAL01000,train
lap,MAL01002,train
lap,MAL01003,test
lap,MAL01004,train
lap,MAL01005,train
lap,MAL01006,train
lap,MAL01007,train
lap,MAL01008,train
lap,MAL01009,train
lap,MAL01010,train
lap,MAL01011,train
lap,MAL01012,train
lap,MAL01013,test
lap,MAL01014,train
lap,MAL01015,train
lap,MAL01016,validation
lap,MAL01017,test
lap,MAL01018,train
lap,MAL01019,train
lap,MAL01020,train
lap,MAL01021,train
lap,MAL01022,train
lap,MAL01023,train
lap,MAL01024,train
lap,MAL01025,train
lap,MAL01026,train
lap,MAL01027,train
lap,MAL01028,train
lap,MAL01029,train
lap,MAL01030,test
lap,MAL01031,train
lap,MAL01032,train
lap,MAL01033,train
lap,MAL01034,test
lap,MAL01035,train
lap,MAL01036,test
lap,MAL01037,train
lap,MAL01038,train
lap,MAL01039,train
lap,MAL01040,validation
lap,MAL01041,train
lap,MAL01042,train
lap,MAL01043,test
lap,MAL01044,test
lap,MAL01045,train
lap,MAL01046,train
lap,MAL01047,train
lap,MAL01048,test
lap,MAL01049,train
lap,MAL01050,train
lap,MAL01051,train
lap,MAL01052,train
lap,MAL01053,train
lap,MAL01055,train
lap,MAL01056,train
lap,MAL01057,test
lap,MAL01058,validation
lap,MAL01059,train
lap,MAL01060,train
lap,MAL01062,train
lap,MAL01064,train
lap,MAL01065,train
lap,MAL01066,test
lap,MAL01067,train
lap,MAL01068,train
lap,MAL01069,test
lap,MAL01070,train
lap,MAL01071,train
lap,MAL01072,train
lap,MAL01074,train
lap,MAL01075,train
lap,MAL01076,train
lap,MAL01078,train
lap,MAL01079,validation
lap,MAL01080,validation
lap,MAL01081,train
lap,MAL01082,train
lap,MAL01083,validation
lap,MAL01084,validation
lap,MAL01085,test
lap,MAL01086,train
lap,MAL01087,train
lap,MAL01088,train
lap,MAL01089,train
lap,MAL01090,train
lap,MAL01091,train
lap,MAL01092,train
lap,MAL01093,train
lap,MAL01094,train
lap,MAL01095,train
lap,MAL01096,train
lap,MAL01097,test
lap,MAL01098,test
lap,MAL01099,train
lap,MAL01100,test
lap,MAL01101,train
lap,MAL01102,train
lap,MAL01103,test
lap,MAL01104,train
lap,MAL01105,train
lap,MAL01106,train
lap,MAL01107,train
lap,MAL01108,validation
lap,MAL01109,train
lap,MAL01110,train
lap,MAL01111,train
lap,MAL01112,train
lap,MAL01113,train
lap,MAL01115,train
lap,MAL01116,test
lap,MAL01117,train
lap,MAL01118,train
lap,MAL01119,train
lap,MAL01120,train
lap,MAL01121,train
lap,MAL01122,train
lap,MAL01123,train
lap,MAL01124,validation
lap,MAL01126,train
lap,MAL01127,train
lap,MAL01128,train
lap,MAL01129,train
lap,MAL01130,test
lap,MAL01132,train
lap,MAL01133,validation
lap,MAL01135,train
lap,MAL01136,train
lap,MAL01137,test
lap,MAL01138,train
lap,MAL01139,train
lap,MAL01140,test
lap,MAL01141,test
lap,MAL01142,train
lap,MAL01143,train
lap,MAL01144,train
lap,MAL01145,train
lap,MAL01146,test
lap,MAL01147,train
lap,MAL01148,test
lap,MAL01149,test
lap,MAL01150,validation
lap,MAL01151,test
lap,MAL01152,train
lap,MAL01153,validation
lap,MAL01154,train
lap,MAL01155,train
lap,MAL01156,train
lap,MAL01157,train
lap,MAL01158,train
lap,MAL01159,train
lap,MAL01160,train
lap,MAL01161,validation
lap,MAL01162,train
lap,MAL01163,train
lap,MAL01164,train
lap,MAL01165,test
lap,MAL01166,train
lap,MAL01167,train
lap,MAL01168,train
lap,MAL01169,train
lap,MAL01170,train
lap,MAL01171,train
lap,MAL01172,train
lap,MAL01174,train
lap,MAL01175,validation
lap,MAL01176,test
lap,MAL01177,train
lap,MAL01178,train
lap,MAL01179,train
lap,MAL01180,train
lap,MAL01181,train
lap,MAL01182,train
lap,MAL01183,train
lap,MAL01184,train
lap,MAL01185,test
lap,MAL01186,train
lap,MAL01187,train
lap,MAL01188,train
lap,MAL01189,test
lap,MAL01191,train
lap,MAL01192,train
lap,MAL01193,train
lap,MAL01194,train
lap,MAL01195,train
lap,MAL01196,validation
lap,MAL01198,train
lap,MAL01199,train
lap,MAL01200,train
lap,MAL01202,train
lap,MAL01203,train
lap,MAL01204,test
lap,MAL01205,train
lap,MAL01206,train
lap,MAL01207,train
lap,MAL01208,train
lap,MAL01209,train
lap,MAL01210,train
lap,MAL01211,test
lap,MAL01212,train
lap,MAL01214,train
lap,MAL01215,train
lap,MAL01216,train
lap,MAL01217,train
lap,MAL01218,train
lap,MAL01219,train
lap,MAL01220,train
lap,MAL01221,train
lap,MAL01222,train
lap,MAL01223,train
lap,MAL01224,test
lap,MAL01225,test
lap,MAL01226,train
lap,MAL01227,validation
lap,MAL01228,train
lap,MAL01230,train
lap,MAL01231,train
lap,MAL01232,train
lap,MAL01233,test
lap,MAL01234,validation
lap,MAL01235,train
lap,MAL01236,train
lap,MAL01237,validation
lap,MAL01238,train
lap,MAL01239,train
lap,MAL01240,train
lap,MAL01241,train
lap,MAL01243,train
lap,MAL01244,train
lap,MAL01245,train
lap,MAL01246,train
lap,MAL01247,train
lap,MAL01248,train
lap,MAL01249,train
lap,MAL01250,train
lap,MAL01251,train
lap,MAL01252,train
lap,MAL01253,train
lap,MAL01254,train
lap,MAL01255,train
lap,MAL01256,train
lap,MAL01257,train
lap,MAL01258,test
lap,MAL01259,train
lap,MAL01260,train
lap,MAL01261,train
lap,MAL01262,validation
lap,MAL01263,train
lap,MAL01264,train
lap,MAL01265,test
lap,MAL01266,train
lap,MAL01267,test
lap,MAL01268,train
lap,MAL01269,train
lap,MAL01270,validation
lap,MAL01271,validation
lap,MAL01272,train
lap,MAL01273,train
lap,MAL01274,train
lap,MAL01275,train
lap,MAL01276,train
lap,MAL01277,train
lap,MAL01278,train
lap,MAL01279,train
lap,MAL01280,train
lap,MAL01281,train
lap,MAL01283,train
lap,MAL01284,train
lap,MAL01285,validation
lap,MAL01286,test
lap,MAL01287,test
lap,MAL01288,train
lap,MAL01289,train
lap,MAL01290,test
lap,MAL01292,train
lap,MAL01293,test
lap,MAL01295,validation
lap,MAL01296,train
lap,MAL01297,train
lap,MAL01298,train
lap,MAL01299,train
lap,MAL01300,train
lap,MAL01301,train
lap,MAL01302,train
lap,MAL01303,train
lap,MAL01311,train
lap,MAL01312,validation
lap,MAL01313,validation
lap,MAL01314,train
lap,MAL01316,train
lap,MAL01317,train
lap,MAL01324,test
lap,MAL01325,train
lap,MAL01327,train
lap,MAL01328,train
lap,MAL01329,train
lap,MAL01331,test
lap,MAL01332,train
lap,MAL01333,train
lap,MAL01335,train
lap,MAL01336,validation
lap,MAL01337,test
lap,MAL01338,train
lap,MAL01339,test
lap,MAL01340,train
lap,MAL01341,test
lap,MAL01342,train
lap,MAL01343,train
lap,MAL01344,train
lap,MAL01345,train
lap,MAL01346,train
lap,MAL01347,train
lap,MAL01348,train
lap,MAL01349,validation
lap,MAL01350,train
lap,MAL01351,train
lap,MAL01352,train
lap,MAL01353,train
lap,MAL01355,test
lap,MAL01356,test
lap,MAL01357,train
lap,MAL01358,train
lap,MAL01359,validation
lap,MAL01360,test
lap,MAL01361,train
lap,MAL01362,train
lap,MAL01363,train
lap,MAL01364,train
lap,MAL01365,train
lap,MAL01366,train
lap,MAL01367,train
lap,MAL01368,test
lap,MAL01369,test
lap,MAL01370,train
lap,MAL01371,train
lap,MAL01372,test
lap,MAL01373,train
lap,MAL01374,train
lap,MAL01375,train
lap,MAL01376,test
lap,MAL01377,train
lap,MAL01378,train
lap,MAL01379,train
lap,MAL01380,train
lap,MAL01382,train
lap,MAL01383,train
lap,MAL01384,validation
lap,MAL01385,train
lap,MAL01386,train
lap,MAL01387,test
lap,MAL01388,train
lap,MAL01389,train
lap,MAL01390,train
lap,MAL01391,train
lap,MAL01392,train
lap,MAL01393,train
lap,MAL01394,test
lap,MAL01395,train
lap,MAL01396,test
lap,MAL01397,test
lap,MAL01398,validation
lap,MAL01399,train
lap,MAL01400,train
lap,MAL01401,train
lap,MAL01402,train
lap,MAL01403,train
lap,MAL01404,train
lap,MAL01405,validation
lap,MAL01406,train
lap,MAL01407,train
lap,MAL01408,train
lap,MAL01409,train
lap,MAL01410,train
lap,MAL01411,validation
lap,MAL01412,train
lap,MAL01413,train
lap,MAL01414,test
lap,MAL01415,train
lap,MAL01416,train
lap,MAL01417,train
lap,MAL01418,train
lap,MAL01419,train
lap,MAL01420,train
lap,MAL01421,train
lap,MAL01422,train
lap,MAL01423,train
lap,MAL01424,validation
lap,MAL01425,train
lap,MAL01426,validation
lap,MAL01427,train
lap,MAL01428,train
lap,MAL01429,train
lap,MAL01430,train
lap,MAL01431,validation
lap,MAL01432,train
lap,MAL01433,train
lap,MAL01434,train
lap,MAL01435,train
lap,MAL01436,train
lap,MAL01437,train
lap,MAL01438,train
lap,MAL01439,train
lap,MAL01440,test
lap,MAL01441,train
lap,MAL01442,train
lap,MAL01443,train
lap,MAL01444,train
lap,MAL01445,train
lap,MAL01448,test
lap,MAL01450,train
lap,MAL01451,train
lap,MAL01452,train
lap,MAL01453,train
lap,MAL01454,train
lap,MAL01455,train
lap,MAL01456,test
lap,MAL01457,test
lap,MAL01458,train
lap,MAL01459,train
lap,MAL01460,validation
lap,MAL01462,train
lap,MAL01465,train
lap,MAL01466,train
lap,MAL01468,train
lap,MAL01469,test
lap,MAL01470,train
lap,MAL01471,train
lap,MAL01472,train
lap,MAL01473,train
lap,MAL01474,train
lap,MAL01475,test
lap,MAL01476,test
lap,MAL01477,test
lap,MAL01478,train
lap,MAL01479,train
lap,MAL01480,train
lap,MAL01481,train
lap,MAL01482,test
lap,MAL01483,train
lap,MAL01484,train
lap,MAL01485,train
lap,MAL01486,train
lap,MAL01487,train
lap,MAL01488,train
lap,MAL01489,train
lap,MAL01490,train
lap,MAL01491,test
lap,MAL01492,train
lap,MAL01493,train
lap,MAL01494,train
lap,MAL01495,train
lap,MAL01496,validation
lap,MAL01497,train
lap,MAL01498,train
lap,MAL01499,test
lap,MAL01500,train
lap,MAL01501,train
lap,MAL01502,train
lap,MAL01503,train
lap,MAL01504,train
lap,MAL01505,validation
lap,MAL01506,train
lap,MAL01508,train
lap,MAL01509,train
lap,MAL01510,test
lap,MAL01511,validation
lap,MAL01512,test
lap,MAL01513,train
lap,MAL01514,test
lap,MAL01515,train
lap,MAL01516,train
lap,MAL01517,train
lap,MAL01519,train
lap,MAL01520,validation
lap,MAL01521,validation
lap,MAL01524,train
lap,MAL01525,train
lap,MAL01526,train
lap,MAL01527,test
lap,MAL01528,train
lap,MAL01529,train
lap,MAL01530,train
lap,MAL01531,train
lap,MAL01532,train
lap,MAL01533,validation
lap,MAL01534,train
lap,MAL01535,train
lap,MAL01536,train
lap,MAL01537,train
lap,MAL01538,train
lap,MAL01539,train
lap,MAL01540,train
lap,MAL01541,train
lap,MAL01542,train
lap,MAL01543,train
lap,MAL01544,train
lap,MAL01546,train
lap,MAL01547,train
lap,MAL01548,validation
lap,MAL01549,train
lap,MAL01550,test
lap,MAL01552,test
lap,MAL01553,train
lap,MAL01554,train
lap,MAL01555,train
lap,MAL01556,train
lap,MAL01557,train
lap,MAL01558,train
lap,MAL01559,train
lap,MAL01560,train
lap,MAL01561,train
lap,MAL01562,train
lap,MAL01563,train
lap,MAL01564,train
lap,MAL01565,train
lap,MAL01566,train
lap,MAL01567,validation
lap,MAL01568,train
lap,MAL01569,train
lap,MAL01570,train
lap,MAL01571,train
lap,MAL01572,train
lap,MAL01573,train
lap,MAL01574,train
lap,MAL01575,validation
lap,MAL01576,test
lap,MAL01577,train
lap,MAL01578,validation
lap,MAL01579,train
lap,MAL01580,train
lap,MAL01581,train
lap,MAL01582,train
lap,MAL01583,train
lap,MAL01584,test
lap,MAL01585,train
lap,MAL01586,test
lap,MAL01587,test
lap,MAL01588,test
lap,MAL01589,train
lap,MAL01590,train
lap,MAL01591,train
lap,MAL01592,validation
lap,MAL01593,train
lap,MAL01594,train
lap,MAL01595,test
lap,MAL01596,test
lap,MAL01597,test
lap,MAL01598,train
lap,MAL01599,train
lap,MAL01600,test
lap,MAL01601,train
lap,MAL01602,train
lap,MAL01603,train
lap,MAL01604,train
lap,MAL01606,train
lap,MAL01607,test
lap,MAL01608,train
lap,MAL01609,train
lap,MAL01611,train
lap,MAL01613,train
lap,MAL01614,test
lap,MAL01617,train
lap,MAL01618,train
lap,MAL01619,train
lap,MAL01620,train
lap,MAL01621,train
lap,MAL01622,test
lap,MAL01623,validation
lap,MAL01624,train
lap,MAL01625,train
lap,MAL01626,train
lap,MAL01627,train
lap,MAL01628,train
lap,MAL01629,train
lap,MAL01630,train
lap,MAL01631,train
lap,MAL01632,train
lap,MAL01633,train
lap,MAL01634,train
lap,MAL01635,train
lap,MAL01636,train
lap,MAL01637,validation
lap,MAL01638,train
lap,MAL01639,train
lap,MAL01640,train
lap,MAL01641,train
lap,MAL01642,train
lap,MAL01643,train
lap,MAL01644,train
lap,MAL01645,train
lap,MAL01647,train
lap,MAL01648,test
lap,MAL01650,train
lap,MAL01651,validation
lap,MAL01652,validation
lap,MAL01654,train
lap,MAL01655,validation
lap,MAL01656,validation
lap,MAL01657,train
lap,MAL01658,train
lap,MAL01659,train
lap,MAL01660,train
lap,MAL01661,train
lap,MAL01662,train
lap,MAL01663,validation
lap,MAL01664,train
lap,MAL01665,test
lap,MAL01666,train
lap,MAL01667,test
lap,MAL01668,train
lap,MAL01669,test
lap,MAL01670,train
lap,MAL01671,train
lap,MAL01672,train
lap,MAL01673,train
lap,MAL01674,train
lap,MAL01675,test
lap,MAL01676,train
lap,MAL01677,test
lap,MAL01678,train
lap,MAL01679,train
lap,MAL01681,train
lap,MAL01682,validation
lap,MAL01683,train
lap,MAL01684,train
lap,MAL01685,train
lap,MAL01686,train
lap,MAL01688,validation
lap,MAL01689,train
lap,MAL01690,train
lap,MAL01691,validation
lap,MAL01692,train
lap,MAL01693,validation
lap,MAL01694,train
lap,MAL01695,train
lap,MAL01696,train
lap,MAL01698,train
lap,MAL01699,train
lap,MAL01701,test
lap,MAL01702,test
lap,MAL01703,validation
lap,MAL01704,train
lap,MAL01705,train
lap,MAL01706,train
lap,MAL01707,validation
lap,MAL01708,train
lap,MAL01709,train
lap,MAL01710,train
lap,MAL01711,train
lap,MAL01712,test
lap,MAL01713,train
lap,MAL01718,train
lap,MAL01719,validation
lap,MAL01720,train
lap,MAL01721,train
lap,MAL01722,train
lap,MAL01723,test
lap,MAL01724,train
lap,MAL01725,test
lap,MAL01726,test
lap,MAL01727,train
lap,MAL01728,train
lap,MAL01729,train
lap,MAL01731,test
lap,MAL01732,train
lap,MAL01733,train
lap,MAL01734,validation
lap,MAL01735,train
lap,MAL01736,train
lap,MAL01737,train
lap,MAL01738,train
lap,MAL01739,train
lap,MAL01740,train
lap,MAL01741,train
lap,MAL01742,train
lap,MAL01743,train
lap,MAL01744,train
lap,MAL01745,validation
lap,MAL01746,train
lap,MAL01747,train
lap,MAL01748,train
lap,MAL01749,train
lap,MAL01750,train
lap,MAL01751,train
lap,MAL01752,train
lap,MAL01753,train
lap,MAL01754,train
lap,MAL01755,train
lap,MAL01756,test
lap,MAL01757,train
lap,MAL01758,train
lap,MAL01759,test
lap,MAL01760,train
lap,MAL01761,test
lap,MAL01762,train
lap,MAL01763,train
lap,MAL01764,train
lap,MAL01765,test
lap,MAL01766,train
lap,MAL01767,train
lap,MAL01768,train
lap,MAL01769,train
lap,MAL01770,train
lap,MAL01771,train
lap,MAL01772,train
lap,MAL01773,train
lap,MAL01774,train
lap,MAL01775,train
lap,MAL01776,train
lap,MAL01777,test
lap,MAL01778,train
lap,MAL01779,test
lap,MAL01780,train
lap,MAL01781,validation
lap,MAL01782,train
lap,MAL01783,train
lap,MAL01784,train
lap,MAL01785,validation
lap,MAL01786,train
lap,MAL01787,train
lap,MAL01788,train
lap,MAL01789,test
lap,MAL01790,test
lap,MAL01791,train
lap,MAL01792,test
lap,MAL01793,test
lap,MAL01794,test
lap,MAL01795,train
lap,MAL01796,train
lap,MAL01797,train
lap,MAL01798,train
lap,MAL01799,train
lap,MAL01800,train
lap,MAL01802,train
lap,MAL01803,train
lap,MAL01804,train
lap,MAL01805,validation
lap,MAL01806,train
lap,MAL01807,test
lap,MAL01808,train
lap,MAL01810,validation
lap,MAL01811,train
lap,MAL01812,train
lap,MAL01813,train
lap,MAL01815,train
lap,MAL01816,train
lap,MAL01817,train
lap,MAL01818,train
lap,MAL01819,train
lap,MAL01820,train
lap,MAL01821,test
lap,MAL01822,validation
lap,MAL01823,train
lap,MAL01824,validation
lap,MAL01825,train
lap,MAL01826,train
lap,MAL01827,train
lap,MAL01828,validation
lap,MAL01829,train
lap,MAL01830,test
lap,MAL01831,validation
lap,MAL01832,train
lap,MAL01833,train
lap,MAL01834,test
lap,MAL01835,test
lap,MAL01836,validation
lap,MAL01837,train
lap,MAL01838,train
lap,MAL01839,test
lap,MAL01840,validation
lap,MAL01841,train
lap,MAL01842,test
lap,MAL01844,train
lap,MAL01845,train
lap,MAL01846,train
lap,MAL01848,validation
lap,MAL01849,train
lap,MAL01850,train
lap,MAL01851,train
lap,MAL01852,train
lap,MAL01853,test
lap,MAL01854,test
lap,MAL01855,train
lap,MAL01856,train
lap,MAL01857,train
lap,MAL01858,train
lap,MAL01859,train
lap,MAL01860,test
lap,MAL01861,train
lap,MAL01862,train
lap,MAL01863,train
lap,MAL01864,train
lap,MAL01865,train
lap,MAL01866,train
lap,MAL01867,train
lap,MAL01868,train
lap,MAL01869,test
lap,MAL01872,train
lap,MAL01873,test
lap,MAL01874,validation
lap,MAL01878,train
lap,MAL01879,train
lap,MAL01880,train
lap,MAL01881,train
lap,MAL01882,train
lap,MAL01883,train
lap,MAL01884,test
lap,MAL01885,validation
lap,MAL01886,train
lap,MAL01887,test
lap,MAL01888,train
lap,MAL01889,train
lap,MAL01890,train
lap,MAL01891,train
lap,MAL01892,train
lap,MAL01893,validation
lap,MAL01894,train
lap,MAL01895,test
lap,MAL01896,train
lap,MAL01897,train
lap,MAL01898,train
lap,MAL01899,train
lap,MAL01900,train
lap,MAL01901,train
lap,MAL01902,test
lap,MAL01903,train
lap,MAL01904,train
lap,MAL01905,train
lap,MAL01906,test
lap,MAL01907,train
lap,MAL01908,train
lap,MAL01909,train
lap,MAL01910,train
lap,MAL01911,test
lap,MAL01912,validation
lap,MAL01913,train
lap,MAL01914,train
lap,MAL01915,train
lap,MAL01916,train
lap,MAL01917,train
lap,MAL01918,test
lap,MAL01919,train
lap,MAL01920,test
lap,MAL01921,test
lap,MAL01922,validation
lap,MAL01923,train
lap,MAL01924,train
lap,MAL01925,train
lap,MAL01926,train
lap,MAL01927,train
lap,MAL01928,train
lap,MAL01929,train
lap,MAL01930,train
lap,MAL01931,validation
lap,MAL01932,train
lap,MAL01933,train
lap,MAL01935,train
lap,MAL01936,train
lap,MAL01937,train
lap,MAL01938,test
lap,MAL01939,test
lap,MAL01940,train
lap,MAL01941,train
lap,MAL01942,train
lap,MAL01943,train
lap,MAL01944,train
lap,MAL01946,train
lap,MAL01947,train
lap,MAL01949,train
lap,MAL01951,train
lap,MAL01952,train
lap,MAL01953,train
lap,MAL01954,train
lap,MAL01955,train
lap,MAL01956,train
lap,MAL01957,validation
lap,MAL01958,train
lap,MAL01959,train
lap,MAL01960,train
lap,MAL01961,train
lap,MAL01962,train
lap,MAL01964,train
lap,MAL01965,train
lap,MAL01966,train
lap,MAL01967,train
lap,MAL01968,train
lap,MAL01969,train
lap,MAL01972,train
lap,MAL01973,train
lap,MAL01974,train
lap,MAL01975,train
lap,MAL01977,train
lap,MAL01978,test
lap,MAL01979,train
lap,MAL01980,train
lap,MAL01981,train
lap,MAL01982,train
lap,MAL01983,test
lap,MAL01984,train
lap,MAL01985,train
lap,MAL01986,train
lap,MAL01988,train
lap,MAL01989,train
lap,MAL01990,train
lap,MAL01991,validation
lap,MAL01992,train
lap,MAL01993,validation
lap,MAL01995,test
lap,MAL01996,train
lap,MAL01998,train
lap,MAL01999,validation
lap,MAL02000,train
lap,MAL02001,validation
lap,MAL02002,train
lap,MAL02003,validation
lap,MAL02004,train
lap,MAL02006,validation
lap,MAL02007,train
lap,MAL02008,train
lap,MAL02009,validation
lap,MAL02010,train
lap,MAL02011,train
lap,MAL02012,test
lap,MAL02013,train
lap,MAL02014,train
lap,MAL02015,validation
lap,MAL02016,test
lap,MAL02017,test
lap,MAL02018,train
lap,MAL02019,train
lap,MAL02020,train
lap,MAL02021,train
lap,MAL02022,test
lap,MAL02023,train
lap,MAL02024,train
lap,MAL02025,train
lap,MAL02026,train
lap,MAL02027,train
lap,MAL02028,train
lap,MAL02029,train
lap,MAL02030,train
lap,MAL02031,train
lap,MAL02032,train
lap,MAL02033,train
lap,MAL02034,train
lap,MAL02035,train
lap,MAL02036,train
lap,MAL02037,train
lap,MAL02038,train
lap,MAL02039,train
lap,MAL02040,train
lap,MAL02041,train
lap,MAL02042,train
lap,MAL02043,train
lap,MAL02044,validation
lap,MAL02045,validation
lap,MAL02046,train
lap,MAL02047,test
lap,MAL02048,train
lap,MAL02049,train
lap,MAL02050,train
lap,MAL02051,train
lap,MAL02052,train
lap,MAL02053,train
lap,MAL02054,train
lap,MAL02055,train
lap,MAL02056,train
lap,MAL02057,validation
lap,MAL02058,train
lap,MAL02059,test
lap,MAL02060,train
lap,MAL02061,train
lap,MAL02062,train
lap,MAL02063,train
lap,MAL02064,test
lap,MAL02065,test
lap,MAL02066,train
lap,MAL02067,train
lap,MAL02068,validation
lap,MAL02069,train
lap,MAL02070,train
lap,MAL02071,train
lap,MAL02072,test
lap,MAL02073,train
lap,MAL02074,validation
lap,MAL02075,test
lap,MAL02076,train
lap,MAL02077,train
lap,MAL02078,train
lap,MAL02079,train
lap,MAL02080,train
lap,MAL02081,train
lap,MAL02082,train
lap,MAL02083,train
lap,MAL02084,train
lap,MAL02085,train
lap,MAL02086,test
lap,MAL02087,train
lap,MAL02088,test
lap,MAL02089,train
lap,MAL02090,train
lap,MAL02091,test
lap,MAL02092,train
lap,MAL02093,validation
lap,MAL02094,train
lap,MAL02095,test
lap,MAL02096,test
lap,MAL02097,train
lap,MAL02098,train
lap,MAL02099,validation
lap,MAL02100,train
lap,MAL02101,train
lap,MAL02102,train
lap,MAL02103,validation
lap,MAL02104,train
lap,MAL02105,train
lap,MAL02106,train
lap,MAL02107,train
lap,MAL02108,train
lap,MAL02109,train
lap,MAL02110,train
lap,MAL02111,train
lap,MAL02112,train
lap,MAL02113,test
lap,MAL02114,train
lap,MAL02116,test
lap,MAL02117,train
lap,MAL02118,validation
lap,MAL02119,train
lap,MAL02120,test
lap,MAL02121,train
lap,MAL02122,validation
lap,MAL02123,train
lap,MAL02124,validation
lap,MAL02125,train
lap,MAL02126,validation
lap,MAL02127,test
lap,MAL02128,train
lap,MAL02129,test
lap,MAL02130,test
lap,MAL02131,train
lap,MAL02132,train
lap,MAL02133,train
lap,MAL02134,train
lap,MAL02135,train
lap,MAL02136,train
lap,MAL02137,train
lap,MAL02138,train
lap,MAL02139,train
lap,MAL02140,train
lap,MAL02141,train
lap,MAL02142,train
lap,MAL02143,train
lap,MAL02144,train
lap,MAL02145,validation
lap,MAL02146,train
lap,MAL02147,train
lap,MAL02148,train
lap,MAL02150,train
lap,MAL02151,train
lap,MAL02152,train
lap,MAL02153,train
lap,MAL02154,train
lap,MAL02155,train
lap,MAL02156,validation
lap,MAL02157,train
lap,MAL02158,train
lap,MAL02159,train
lap,MAL02161,train
lap,MAL02162,test
lap,MAL02163,train
lap,MAL02164,train
lap,MAL02165,train
lap,MAL02166,train
lap,MAL02167,train
lap,MAL02168,validation
lap,MAL02169,train
lap,MAL02170,train
lap,MAL02171,train
lap,MAL02172,train
lap,MAL02173,train
lap,MAL02174,test
lap,MAL02175,train
lap,MAL02176,train
lap,MAL02178,train
lap,MAL02179,test
lap,MAL02180,train
lap,MAL02181,train
lap,MAL02182,train
lap,MAL02183,train
lap,MAL02185,train
lap,MAL02186,validation
lap,MAL02187,train
lap,MAL02188,test
lap,MAL02189,train
lap,MAL02190,train
lap,MAL02191,test
lap,MAL02193,train
lap,MAL02194,test
lap,MAL02195,test
lap,MAL02196,test
lap,MAL02199,train
lap,MAL02200,train
lap,MAL02201,train
lap,MAL02202,test
lap,MAL02203,train
lap,MAL02204,train
lap,MAL02205,test
lap,MAL02206,train
lap,MAL02207,train
lap,MAL02208,train
lap,MAL02209,train
lap,MAL02210,validation
lap,MAL02211,train
lap,MAL02212,train
lap,MAL02213,train
lap,MAL02214,train
lap,MAL02215,train
lap,MAL02216,train
lap,MAL02217,test
lap,MAL02218,test
lap,MAL02219,train
lap,MAL02220,train
lap,MAL02221,train
lap,MAL02222,train
lap,MAL02223,test
lap,MAL02224,validation
lap,MAL02225,test
lap,MAL02226,train
lap,MAL02227,validation
lap,MAL02228,test
lap,MAL02229,train
lap,MAL02230,train
lap,MAL02231,train
lap,MAL02232,validation
lap,MAL02233,train
lap,MAL02234,train
lap,MAL02235,train
lap,MAL02236,validation
lap,MAL02237,train
lap,MAL02238,train
lap,MAL02239,train
lap,MAL02240,train
lap,MAL02243,test
lap,MAL02244,train
lap,MAL02245,validation
lap,MAL02246,test
lap,MAL02248,validation
lap,MAL02249,train
lap,MAL02250,train
lap,MAL02251,train
lap,MAL02252,test
lap,MAL02253,validation
lap,MAL02254,train
lap,MAL02255,test
lap,MAL02256,train
lap,MAL02257,train
lap,MAL02258,train
lap,MAL02259,train
lap,MAL02260,train
lap,MAL02261,train
lap,MAL02262,train
lap,MAL02263,train
lap,MAL02264,validation
lap,MAL02266,test
lap,MAL02267,train
lap,MAL02269,train
lap,MAL02272,train
lap,MAL02273,train
lap,MAL02274,train
lap,MAL02275,train
lap,MAL02276,train
lap,MAL02277,train
lap,MAL02278,test
lap,MAL02279,test
lap,MAL02280,train
lap,MAL02281,train
lap,MAL02282,train
lap,MAL02283,train
lap,MAL02284,train
lap,MAL02285,train
lap,MAL02286,train
lap,MAL02287,validation
lap,MAL02288,train
lap,MAL02289,train
lap,MAL02290,train
lap,MAL02291,train
lap,MAL02292,test
lap,MAL02293,train
lap,MAL02294,train
lap,MAL02298,train
lap,MAL02300,train
lap,MAL02301,train
lap,MAL02302,train
lap,MAL02303,train
lap,MAL02304,train
lap,MAL02305,train
lap,MAL02306,train
lap,MAL02307,train
lap,MAL02308,train
lap,MAL02309,train
lap,MAL02310,train
lap,MAL02311,train
lap,MAL02312,validation
lap,MAL02313,test
lap,MAL02314,train
lap,MAL02315,train
lap,MAL02316,train
lap,MAL02317,validation
lap,MAL02318,train
lap,MAL02319,train
lap,MAL02321,train
lap,MAL02322,train
lap,MAL02324,train
lap,MAL02325,validation
lap,MAL02326,train
lap,MAL02327,train
lap,MAL02328,train
lap,MAL02329,train
lap,MAL02330,train
lap,MAL02331,test
lap,MAL02332,train
lap,MAL02333,train
lap,MAL02334,test
lap,MAL02335,train
lap,MAL02336,train
lap,MAL02337,train
lap,MAL02338,validation
lap,MAL02339,train
lap,MAL02340,validation
lap,MAL02341,test
lap,MAL02342,train
lap,MAL02343,train
lap,MAL02344,train
lap,MAL02345,train
lap,MAL02346,test
lap,MAL02348,train
lap,MAL02349,train
lap,MAL02350,train
lap,MAL02351,train
lap,MAL02352,train
lap,MAL02353,train
lap,MAL02354,train
lap,MAL02355,train
lap,MAL02356,train
lap,MAL02357,train
lap,MAL02360,train
lap,MAL02361,test
lap,MAL02362,validation
lap,MAL02363,test
lap,MAL02364,train
lap,MAL02365,train
lap,MAL02366,train
lap,MAL02367,train
lap,MAL02368,train
lap,MAL02369,train
lap,MAL02370,test
lap,MAL02371,test
lap,MAL02372,train
lap,MAL02373,train
lap,MAL02374,validation
lap,MAL02375,train
lap,MAL02376,train
lap,MAL02377,validation
lap,MAL02378,train
lap,MAL02379,train
lap,MAL02380,test
lap,MAL02382,train
lap,MAL02383,train
lap,MAL02384,train
lap,MAL02385,train
lap,MAL02386,train
lap,MAL02387,train
lap,MAL02388,train
lap,MAL02389,test
lap,MAL02390,train
lap,MAL02391,train
lap,MAL02392,train
lap,MAL02393,validation
lap,MAL02394,train
lap,MAL02395,test
lap,MAL02396,train
lap,MAL02397,train
lap,MAL02398,train
lap,MAL02399,train
lap,MAL02400,train
lap,MAL02402,train
lap,MAL02403,train
lap,MAL02404,test
lap,MAL02405,train
lap,MAL02406,validation
lap,MAL02407,validation
lap,MAL02408,train
lap,MAL02409,train
lap,MAL02410,train
lap,MAL02411,test
lap,MAL02412,train
lap,MAL02413,validation
lap,MAL02414,test
lap,MAL02415,train
lap,MAL02416,train
lap,MAL02417,train
lap,MAL02418,train
lap,MAL02419,train
lap,MAL02420,validation
lap,MAL02421,train
lap,MAL02422,test
lap,MAL02423,test
lap,MAL02424,train
lap,MAL02427,train
lap,MAL02428,train
lap,MAL02429,train
lap,MAL02430,train
lap,MAL02431,train
lap,MAL02432,train
lap,MAL02433,train
lap,MAL02434,train
lap,MAL02435,train
lap,MAL02436,validation
lap,MAL02437,train
lap,MAL02438,train
lap,MAL02439,train
lap,MAL02440,train
lap,MAL02441,validation
lap,MAL02442,validation
lap,MAL02443,train
lap,MAL02444,train
lap,MAL02445,train
lap,MAL02446,train
lap,MAL02447,train
lap,MAL02448,train
lap,MAL02449,train
lap,MAL02450,train
lap,MAL02451,train
lap,MAL02452,test
lap,MAL02453,train
lap,MAL02454,train
lap,MAL02455,train
lap,MAL02456,train
lap,MAL02457,train
lap,MAL02458,test
lap,MAL02459,validation
lap,MAL02460,train
lap,MAL02461,validation
lap,MAL02462,validation
lap,MAL02463,test
lap,MAL02465,test
lap,MAL02466,train
lap,MAL02467,validation
lap,MAL02468,test
lap,MAL02469,validation
lap,MAL02470,train
lap,MAL02471,train
lap,MAL02472,test
lap,MAL02473,train
lap,MAL02474,train
lap,MAL02475,train
lap,MAL02476,test
lap,MAL02479,train
lap,MAL02480,train
lap,MAL02482,train
lap,MAL02483,validation
lap,MAL02484,train
lap,MAL02485,test
lap,MAL02486,train
lap,MAL02487,validation
lap,MAL02488,train
lap,MAL02489,train
lap,MAL02490,test
lap,MAL02491,train
lap,MAL02492,train
lap,MAL02493,test
lap,MAL02494,train
lap,MAL02495,train
lap,MAL02497,validation
lap,MAL02498,train
lap,MAL02499,train
lap,MAL02500,test
lap,MAL02501,train
lap,MAL02503,train
lap,MAL02505,train
lap,MAL02506,train
lap,MAL02507,test
lap,MAL02508,validation
lap,MAL02510,train
lap,MAL02511,train
lap,MAL02512,train
lap,MAL02513,test
lap,MAL02514,train
lap,MAL02515,train
lap,MAL02516,train
lap,MAL02517,test
lap,MAL02518,test
lap,MAL02520,train
lap,MAL02521,validation
lap,MAL02522,train
lap,MAL02523,train
lap,MAL02524,train
lap,MAL02525,train
lap,MAL02526,validation
lap,MAL02527,train
lap,MAL02528,train
lap,MAL02529,train
lap,MAL02530,test
lap,MAL02531,validation
lap,MAL02532,train
lap,MAL02533,train
lap,MAL02534,validation
lap,MAL02535,train
lap,MAL02536,train
lap,MAL02537,train
lap,MAL02538,test
lap,MAL02539,train
lap,MAL02540,train
lap,MAL02541,train
lap,MAL02542,train
lap,MAL02543,train
lap,MAL02544,test
lap,MAL02545,test
lap,MAL02546,train
lap,MAL02547,train
lap,MAL02548,train
lap,MAL02549,train
lap,MAL02550,train
lap,MAL02551,train
lap,MAL02552,train
lap,MAL02553,train
lap,MAL02554,train
lap,MAL02555,train
lap,MAL02556,train
lap,MAL02557,test
lap,MAL02558,train
lap,MAL02559,train
lap,MAL02560,test
lap,MAL02561,train
lap,MAL02562,train
lap,MAL02563,train
lap,MAL02564,train
lap,MAL02565,train
lap,MAL02566,test
lap,MAL02567,validation
lap,MAL02568,train
lap,MAL02569,test
lap,MAL02570,train
lap,MAL02571,train
lap,MAL02572,test
lap,MAL02573,validation
lap,MAL02574,train
lap,MAL02575,train
lap,MAL02576,train
lap,MAL02577,train
lap,MAL02578,train
lap,MAL02579,train
lap,MAL02581,train
lap,MAL02582,train
lap,MAL02583,validation
lap,MAL02584,test
lap,MAL02585,train
lap,MAL02586,train
lap,MAL02588,test
lap,MAL02589,train
lap,MAL02590,train
lap,MAL02591,train
lap,MAL02592,train
lap,MAL02593,train
lap,MAL02594,test
lap,MAL02595,test
lap,MAL02596,validation
lap,MAL02597,train
lap,MAL02598,train
lap,MAL02599,test
lap,MAL02600,train
lap,MAL02601,train
lap,MAL02602,train
lap,MAL02603,train
lap,MAL02604,train
lap,MAL02605,validation
lap,MAL02606,train
lap,MAL02607,train
lap,MAL02608,train
lap,MAL02609,train
lap,MAL02610,validation
lap,MAL02611,train
lap,MAL02612,train
lap,MAL02613,train
lap,MAL02614,train
lap,MAL02615,train
lap,MAL02616,train
lap,MAL02617,test
lap,MAL02618,train
lap,MAL02619,train
lap,MAL02620,validation
lap,MAL02621,test
lap,MAL02622,train
lap,MAL02623,train
lap,MAL02624,train
lap,MAL02625,train
lap,MAL02626,train
lap,MAL02628,test
lap,MAL02629,train
lap,MAL02630,train
lap,MAL02631,train
lap,MAL02632,validation
lap,MAL02633,train
lap,MAL02634,train
lap,MAL02636,validation
lap,MAL02639,test
lap,MAL02642,train
lap,MAL02645,validation
lap,MAL02646,train
lap,MAL02647,validation
lap,MAL02648,validation
lap,MAL02649,train
lap,MAL02650,test
lap,MAL02652,train
lap,MAL02653,test
lap,MAL02654,train
lap,MAL02655,train
lap,MAL02656,train
lap,MAL02657,train
lap,MAL02658,train
lap,MAL02659,train
lap,MAL02660,train
lap,MAL02661,train
lap,MAL02662,train
lap,MAL02664,test
lap,MAL02665,train
lap,MAL02666,train
lap,MAL02667,train
lap,MAL02668,validation
lap,MAL02669,train
lap,MAL02670,validation
lap,MAL02671,test
lap,MAL02672,train
lap,MAL02673,train
lap,MAL02674,validation
lap,MAL02675,train
lap,MAL02676,train
lap,MAL02677,test
lap,MAL02678,train
lap,MAL02679,train
lap,MAL02680,train
lap,MAL02681,train
lap,MAL02682,train
lap,MAL02683,train
lap,MAL02684,test
lap,MAL02685,train
lap,MAL02686,train
lap,MAL02687,test
lap,MAL02688,test
lap,MAL02689,train
lap,MAL02690,validation
lap,MAL02692,train
lap,MAL02693,test
lap,MAL02694,train
lap,MAL02695,validation
lap,MAL02696,train
lap,MAL02697,train
lap,MAL02698,train
lap,MAL02699,train
lap,MAL02700,train
lap,MAL02701,validation
lap,MAL02702,test
lap,MAL02703,train
lap,MAL02704,train
lap,MAL02705,test
lap,MAL02706,train
lap,MAL02707,train
lap,MAL02708,train
lap,MAL02709,train
lap,MAL02710,train
lap,MAL02712,train
lap,MAL02713,train
lap,MAL02714,test
lap,MAL02715,train
lap,MAL02716,validation
lap,MAL02717,train
lap,MAL02718,train
lap,MAL02719,train
lap,MAL02721,validation
lap,MAL02722,train
lap,MAL02723,train
lap,MAL02724,validation
lap,MAL02725,train
lap,MAL02726,train
lap,MAL02727,train
lap,MAL02728,test
lap,MAL02729,train
lap,MAL02730,train
lap,MAL02731,validation
lap,MAL02732,train
lap,MAL02733,train
lap,MAL02734,train
lap,MAL02735,train
lap,MAL02736,train
lap,MAL02737,train
lap,MAL02738,train
lap,MAL02739,test
lap,MAL02740,train
lap,MAL02741,train
lap,MAL02742,test
lap,MAL02743,train
lap,MAL02744,train
lap,MAL02745,train
lap,MAL02746,train
lap,MAL02747,test
lap,MAL02748,train
lap,MAL02749,test
lap,MAL02750,train
lap,MAL02751,train
lap,MAL02752,train
lap,MAL02753,test
lap,MAL02754,train
lap,MAL02755,train
lap,MAL02756,test
lap,MAL02757,train
lap,MAL02758,train
lap,MAL02759,train
lap,MAL02760,train
lap,MAL02761,train
lap,MAL02762,train
lap,MAL02765,train
lap,MAL02766,validation
lap,MAL02767,train
lap,MAL02768,train
lap,MAL02769,train
lap,MAL02770,train
lap,MAL02771,train
lap,MAL02772,test
lap,MAL02775,train
lap,MAL02776,train
lap,MAL02777,train
lap,MAL02778,train
lap,MAL02779,validation
lap,MAL02780,train
lap,MAL02781,train
lap,MAL02782,train
lap,MAL02783,test
lap,MAL02784,train
lap,MAL02785,train
lap,MAL02786,train
lap,MAL02787,test
lap,MAL02788,train
lap,MAL02789,train
lap,MAL02790,train
lap,MAL02791,train
lap,MAL02792,train
lap,MAL02793,validation
lap,MAL02794,train
lap,MAL02795,train
lap,MAL02796,train
lap,MAL02797,train
lap,MAL02798,train
lap,MAL02799,train
lap,MAL02800,train
lap,MAL02801,test
lap,MAL02802,train
lap,MAL02803,test
lap,MAL02804,train
lap,MAL02805,test
lap,MAL02806,train
lap,MAL02808,train
lap,MAL02809,train
lap,MAL02810,train
lap,MAL02811,train
lap,MAL02813,test
lap,MAL02814,train
lap,MAL02815,train
lap,MAL02816,test
lap,MAL02817,validation
lap,MAL02818,train
lap,MAL02819,train
lap,MAL02820,train
lap,MAL02821,train
lap,MAL02822,train
lap,MAL02823,train
lap,MAL02824,validation
lap,MAL02825,train
lap,MAL02826,train
lap,MAL02827,train
lap,MAL02828,test
lap,MAL02829,train
lap,MAL02830,train
lap,MAL02831,validation
lap,MAL02832,train
lap,MAL02833,train
lap,MAL02834,test
lap,MAL02835,train
lap,MAL02836,train
lap,MAL02837,train
lap,MAL02838,train
lap,MAL02839,train
lap,MAL02840,train
lap,MAL02841,validation
lap,MAL02842,validation
lap,MAL02847,test
lap,MAL02848,train
lap,MAL02851,test
lap,MAL02852,train
lap,MAL02858,train
lap,MAL02859,train
lap,MAL02861,train
lap,MAL02862,train
lap,MAL02863,train
lap,MAL02864,train
lap,MAL02866,train
lap,MAL02867,test
lap,MAL02868,test
lap,MAL02869,train
lap,MAL02870,train
lap,MAL02871,validation
lap,MAL02872,train
lap,MAL02873,train
lap,MAL02874,validation
lap,MAL02875,validation
lap,MAL02876,validation
lap,MAL02881,validation
lap,MAL02882,test
lap,MAL02883,train
lap,MAL02884,train
lap,MAL02885,train
lap,MAL02889,test
lap,MAL02890,train
lap,MAL02891,validation
lap,MAL02892,train
lap,MAL02894,train
lap,MAL02895,train
lap,MAL02896,validation
lap,MAL02897,train
lap,MAL02899,train
lap,MAL02901,train
lap,MAL02903,train
lap,MAL02904,test
lap,MAL02905,train
lap,MAL02906,train
lap,MAL02907,train
lap,MAL02911,test
lap,MAL02912,train
lap,MAL02913,train
lap,MAL02915,train
lap,MAL02916,train
lap,MAL02917,train
lap,MAL02920,test
lap,MAL02921,train
lap,MAL02922,train
lap,MAL02923,train
lap,MAL02924,train
lap,MAL02926,test
lap,MAL02927,validation
lap,MAL02928,train
lap,MAL02929,train
lap,MAL02930,train
lap,MAL02931,train
lap,MAL02933,test
lap,MAL02934,train
lap,MAL02935,train
lap,MAL02936,test
lap,MAL02937,validation
lap,MAL02938,train
lap,MAL02941,train
lap,MAL02942,train
lap,MAL02943,test
lap,MAL02944,train
lap,MAL02945,train
lap,MAL02946,train
lap,MAL02947,train
lap,MAL02948,train
lap,MAL02950,train
lap,MAL02951,validation
lap,MAL02952,train
lap,MAL02953,train
lap,MAL02954,train
lap,MAL02955,train
lap,MAL02956,train
lap,MAL02957,train
lap,MAL02958,train
lap,MAL02959,test
lap,MAL02960,train
lap,MAL02961,train
lap,MAL02962,train
lap,MAL02963,train
lap,MAL02964,train
lap,MAL02965,validation
lap,MAL02966,train
lap,MAL02967,train
lap,MAL02969,train
lap,MAL02970,train
lap,MAL02971,train
lap,MAL02972,train
lap,MAL02973,train
lap,MAL02974,train
lap,MAL02977,train
lap,MAL02978,train
lap,MAL02979,train
lap,MAL02980,train
lap,MAL02981,train
lap,MAL02982,train
lap,MAL02983,train
lap,MAL02985,train
lap,MAL02986,train
lap,MAL02987,test
lap,MAL02988,train
lap,MAL02989,train
lap,MAL02990,train
lap,MAL02991,train
lap,MAL02993,train
lap,MAL02994,train
lap,MAL02997,train
lap,MAL02998,train
lap,MAL02999,train
lap,MAL03000,train
lap,MAL03001,validation
lap,MAL03002,train
lap,MAL03003,train
lap,MAL03004,test
lap,MAL03005,test
lap,MAL03006,validation
lap,MAL03007,validation
lap,MAL03008,train
lap,MAL03009,train
lap,MAL03010,train
lap,MAL03011,test
lap,MAL03012,train
lap,MAL03014,train
lap,MAL03015,train
lap,MAL03016,test
lap,MAL03019,test
lap,MAL03020,train
lap,MAL03021,validation
lap,MAL03022,train
lap,MAL03023,train
lap,MAL03024,train
lap,MAL03025,train
lap,MAL03026,validation
lap,MAL03027,train
lap,MAL03031,train
lap,MAL03032,test
lap,MAL03033,train
lap,MAL03034,train
lap,MAL03035,train
lap,MAL03036,train
lap,MAL03037,train
lap,MAL03038,train
lap,MAL03039,train
lap,MAL03040,train
lap,MAL03043,test
lap,MAL03044,train
lap,MAL03046,validation
lap,MAL03048,train
lap,MAL03050,train
lap,MAL03051,train
lap,MAL03053,train
lap,MAL03054,train
lap,MAL03056,train
lap,MAL03057,train
lap,MAL03058,train
lap,MAL03059,train
lap,MAL03060,validation
lap,MAL03061,train
lap,MAL03062,test
lap,MAL03063,test
lap,MAL03064,train
lap,MAL03065,train
lap,MAL03066,train
lap,MAL03067,train
lap,MAL03069,validation
lap,MAL03070,train
lap,MAL03071,train
lap,MAL03072,train
lap,MAL03073,train
lap,MAL03074,train
lap,MAL03075,train
lap,MAL03076,train
lap,MAL03077,train
lap,MAL03078,train
lap,MAL03079,train
lap,MAL03080,train
lap,MAL03081,train
lap,MAL03082,test
lap,MAL03085,test
lap,MAL03086,train
lap,MAL03087,train
lap,MAL03088,train
lap,MAL03089,train
lap,MAL03090,train
lap,MAL03091,train
lap,MAL03092,train
lap,MAL03093,validation
lap,MAL03094,train
lap,MAL03095,train
lap,MAL03098,train
lap,MAL03099,train
lap,MAL03100,train
lap,MAL03101,train
lap,MAL03102,train
lap,MAL03104,train
lap,MAL03105,train
lap,MAL03107,train
lap,MAL03108,test
lap,MAL03109,train
lap,MAL03110,validation
lap,MAL03111,train
lap,MAL03112,train
lap,MAL03113,train
lap,MAL03114,train
lap,MAL03115,train
lap,MAL03116,train
lap,MAL03120,train
lap,MAL03121,test
lap,MAL03125,train
lap,MAL03127,test
lap,MAL03129,test
lap,MAL03130,train
lap,MAL03131,train
lap,MAL03132,validation
lap,MAL03135,train
lap,MAL03136,validation
lap,MAL03137,train
lap,MAL03138,train
lap,MAL03140,train
lap,MAL03146,train
lap,MAL03147,train
lap,MAL03151,train
lap,MAL03152,train
lap,MAL03153,test
lap,MAL03154,train
lap,MAL03155,validation
lap,MAL03157,validation
lap,MAL03159,train
lap,MAL03160,train
lap,MAL03162,test
lap,MAL03164,train
lap,MAL03165,train
lap,MAL03166,train
lap,MAL03167,train
lap,MAL03171,train
lap,MAL03174,train
lap,MAL03175,test
lap,MAL03176,train
lap,MAL03178,train
lap,MAL03180,train
lap,MAL03182,validation
lap,MAL03183,train
lap,MAL03185,train
lap,MAL03186,train
lap,MAL03190,train
lap,MAL03192,test
lap,MAL03193,train
lap,MAL03194,test
lap,MAL03196,train
lap,MAL03199,train
lap,MAL03201,train
lap,MAL03202,train
lap,MAL03203,train
lap,MAL03205,train
lap,MAL03210,train
lap,MAL03211,train
lap,MAL03213,train
lap,MAL03214,train
lap,MAL03215,train
lap,MAL03218,test
lap,MAL03219,train
lap,MAL03220,train
lap,MAL03221,validation
lap,MAL03222,train
lap,MAL03223,train
lap,MAL03225,train
lap,MAL03226,train
lap,MAL03227,train
lap,MAL03228,test
lap,MAL03229,train
lap,MAL03230,train
lap,MAL03231,train
lap,MAL03234,train
lap,MAL03235,train
lap,MAL03239,train
lap,MAL03243,train
lap,MAL03245,train
lap,MAL03247,train
lap,MAL03248,train
lap,MAL03249,train
lap,MAL03250,test
lap,MAL03251,train
lap,MAL03252,train
lap,MAL03254,train
lap,MAL03256,train
lap,MAL03258,train
lap,MAL03259,train
lap,MAL03264,train
lap,MAL03265,train
lap,MAL03266,test
lap,MAL03267,test
lap,MAL03268,train
lap,MAL03269,test
lap,MAL03270,train
lap,MAL03271,train
lap,MAL03272,train
lap,MAL03273,train
lap,MAL03274,train
lap,MAL03275,validation
lap,MAL03276,train
lap,MAL03277,test
lap,MAL03278,test
lap,MAL03279,train
lap,MAL03280,test
lap,MAL03281,validation
lap,MAL03285,test
lap,MAL03286,train
lap,MAL03287,train
lap,MAL03288,train
lap,MAL03290,test
lap,MAL03294,train
lap,MAL03295,train
lap,MAL03297,validation
lap,MAL03298,train
lap,MAL03299,test
lap,MAL03300,train
lap,MAL03301,train
lap,MAL03302,train
lap,MAL03303,train
lap,MAL03305,train
lap,MAL03306,train
lap,MAL03307,train
lap,MAL03308,train
lap,MAL03309,train
lap,MAL03312,train
lap,MAL03313,test
lap,MAL03315,test
lap,MAL03317,train
lap,MAL03318,train
lap,MAL03320,train
lap,MAL03322,train
lap,MAL03323,train
lap,MAL03324,train
lap,MAL03325,test
lap,MAL03326,train
lap,MAL03327,train
lap,MAL03328,train
lap,MAL03329,validation
lap,MAL03332,train
lap,MAL03334,train
lap,MAL03335,train
lap,MAL03336,train
lap,MAL03342,test
lap,MAL03345,train
lap,MAL03349,train
lap,MAL03350,train
lap,MAL03352,test
lap,MAL03354,test
lap,MAL03355,train
lap,MAL03356,train
lap,MAL03358,train
lap,MAL03359,train
lap,MAL03361,train
lap,MAL03362,train
lap,MAL03363,test
lap,MAL03366,train
lap,MAL03367,train
lap,MAL03369,train
lap,MAL03370,train
lap,MAL03371,validation
lap,MAL03372,train
lap,MAL03375,train
lap,MAL03377,train
lap,MAL03378,train
lap,MAL03379,test
lap,MAL03380,train
lap,MAL03381,train
lap,MAL03382,train
lap,MAL03383,train
lap,MAL03384,train
lap,MAL03385,train
lap,MAL03388,train
lap,MAL03389,train
lap,MAL03390,train
lap,MAL03391,train
lap,MAL03392,train
lap,MAL03393,validation
lap,MAL03394,train
lap,MAL03396,train
lap,MAL03398,train
lap,MAL03399,train
lap,MAL03401,train
lap,MAL03402,validation
lap,MAL03403,test
lap,MAL03406,train
lap,MAL03407,train
lap,MAL03410,train
lap,MAL03411,train
lap,MAL03414,train
lap,MAL03417,test
lap,MAL03418,train
lap,MAL03419,train
lap,MAL03420,train
lap,MAL03421,test
lap,MAL03422,train
lap,MAL03424,train
lap,MAL03425,test
lap,MAL03427,train
lap,MAL03428,test
lap,MAL03429,train
lap,MAL03430,train
lap,MAL03432,train
lap,MAL03433,train
lap,MAL03434,train
lap,MAL03435,test
lap,MAL03436,train
lap,MAL03437,train
lap,MAL03438,validation
lap,MAL03439,train
lap,MAL03442,train
lap,MAL03444,train
lap,MAL03446,train
lap,MAL03447,train
lap,MAL03448,validation
lap,MAL03449,test
lap,MAL03451,train
lap,MAL03452,train
lap,MAL03454,test
lap,MAL03455,train
lap,MAL03456,train
lap,MAL03457,train
lap,MAL03458,train
lap,MAL03460,train
lap,MAL03461,train
lap,MAL03462,train
lap,MAL03463,train
lap,MAL03464,validation
lap,MAL03465,train
lap,MAL03466,train
lap,MAL03467,train
lap,MAL03468,train
lap,MAL03470,train
lap,MAL03472,train
lap,MAL03473,train
lap,MAL03474,train
lap,MAL03475,train
lap,MAL03478,train
lap,MAL03479,train
lap,MAL03480,validation
lap,MAL03481,train
lap,MAL03482,train
lap,MAL03483,train
lap,MAL03484,train
lap,MAL03485,test
lap,MAL03486,train
lap,MAL03488,test
lap,MAL03490,test
lap,MAL03493,validation
lap,MAL03496,train
lap,MAL03497,validation
lap,MAL03498,train
lap,MAL03499,test
lap,MAL03500,train
lap,MAL03501,train
lap,MAL03503,validation
lap,MAL03505,train
lap,MAL03506,validation
lap,MAL03507,train
lap,MAL03508,train
lap,MAL03509,train
lap,MAL03511,test
lap,MAL03512,train
lap,MAL03513,train
lap,MAL03514,train
lap,MAL03515,train
lap,MAL03516,train
lap,MAL03517,train
lap,MAL03518,test
lap,MAL03519,train
lap,MAL03522,test
lap,MAL03525,train
lap,MAL03526,train
lap,MAL03527,train
lap,MAL03529,test
lap,MAL03530,train
lap,MAL03531,train
lap,MAL03532,train
lap,MAL03533,train
lap,MAL03534,train
lap,MAL03535,train
lap,MAL03536,train
lap,MAL03537,train
lap,MAL03538,train
lap,MAL03539,train
lap,MAL03540,train
lap,MAL03541,train
lap,MAL03542,train
lap,MAL03543,train
lap,MAL03545,train
lap,MAL03546,train
lap,MAL03547,train
lap,MAL03549,test
lap,MAL03550,train
lap,MAL03551,train
lap,MAL03553,train
lap,MAL03556,train
lap,MAL03557,train
lap,MAL03558,train
lap,MAL03559,train
lap,MAL03560,train
lap,MAL03561,validation
lap,MAL03562,train
lap,MAL03563,train
lap,MAL03564,train
lap,MAL03565,train
lap,MAL03566,train
lap,MAL03567,train
lap,MAL03568,validation
lap,MAL03569,train
lap,MAL03570,train
lap,MAL03571,train
lap,MAL03572,train
lap,MAL03573,test
lap,MAL03574,train
lap,MAL03575,train
lap,MAL03576,train
lap,MAL03577,train
lap,MAL03578,train
lap,MAL03579,train
lap,MAL03580,validation
lap,MAL03581,train
lap,MAL03582,validation
lap,MAL03583,train
lap,MAL03584,train
lap,MAL03586,test
lap,MAL03587,train
lap,MAL03588,train
lap,MAL03593,train
lap,MAL03594,train
lap,MAL03595,train
lap,MAL03596,test
lap,MAL03597,train
lap,MAL03599,train
lap,MAL03600,train
lap,MAL03602,train
lap,MAL03603,train
lap,MAL03604,validation
lap,MAL03605,validation
lap,MAL03609,test
lap,MAL03613,train
lap,MAL03614,train
lap,MAL03615,validation
lap,MAL03616,train
lap,MAL03618,train
lap,MAL03619,train
lap,MAL03620,train
lap,MAL03622,train
lap,MAL03624,train
lap,MAL03625,validation
lap,MAL03626,train
lap,MAL03627,train
lap,MAL03628,train
lap,MAL03630,train
lap,MAL03631,train
lap,MAL03633,train
lap,MAL03635,train
lap,MAL03636,train
lap,MAL03637,train
lap,MAL03638,test
lap,MAL03639,test
lap,MAL03640,train
lap,MAL03641,train
lap,MAL03642,train
lap,MAL03643,test
lap,MAL03644,train
lap,MAL03645,test
lap,MAL03646,train
lap,MAL03648,train
lap,MAL03649,train
lap,MAL03652,train
lap,MAL03653,validation
lap,MAL03654,train
lap,MAL03655,train
lap,MAL03656,test
lap,MAL03659,train
lap,MAL03660,train
lap,MAL03661,train
lap,MAL03665,train
lap,MAL03667,test
lap,MAL03668,test
lap,MAL03669,validation
lap,MAL03670,train
lap,MAL03671,train
lap,MAL03672,test
lap,MAL03673,train
lap,MAL03674,train
lap,MAL03675,test
lap,MAL03676,train
lap,MAL03679,train
lap,MAL03680,train
lap,MAL03681,train
lap,MAL03683,train
lap,MAL03684,train
lap,MAL03685,train
lap,MAL03686,train
lap,MAL03689,test
lap,MAL03690,train
lap,MAL03691,train
lap,MAL03692,test
lap,MAL03695,train
lap,MAL03701,train
lap,MAL03702,train
lap,MAL03704,validation
lap,MAL03705,train
lap,MAL03706,train
lap,MAL03707,validation
lap,MAL03710,train
lap,MAL03711,train
lap,MAL03712,train
lap,MAL03713,test
lap,MAL03720,train
lap,MAL03723,train
lap,MAL03724,train
lap,MAL03726,train
lap,MAL03727,test
lap,MAL03728,train
lap,MAL03729,test
lap,MAL03731,train
lap,MAL03734,train
lap,MAL03735,train
lap,MAL03736,train
lap,MAL03737,train
lap,MAL03738,train
lap,MAL03743,train
lap,MAL03744,train
lap,MAL03745,train
lap,MAL03747,train
lap,MAL03750,train
lap,MAL03751,train
lap,MAL03752,train
lap,MAL03754,train
lap,MAL03755,train
lap,MAL03757,train
lap,MAL03758,train
lap,MAL03759,train
lap,MAL03760,train
lap,MAL03761,train
lap,MAL03762,test
lap,MAL03763,train
lap,MAL03764,train
lap,MAL03765,train
lap,MAL03768,train
lap,MAL03769,train
lap,MAL03771,test
lap,MAL03772,train
lap,MAL03776,train
lap,MAL03778,train
lap,MAL03782,train
lap,MAL03783,test
lap,MAL03784,train
lap,MAL03785,train
lap,MAL03786,train
lap,MAL03787,train
lap,MAL03791,train
lap,MAL03793,train
lap,MAL03795,validation
lap,MAL03799,validation
lap,MAL03800,train
lap,MAL03801,train
lap,MAL03802,test
lap,MAL03805,train
lap,MAL03806,test
lap,MAL03807,train
lap,MAL03808,train
lap,MAL03809,test
lap,MAL03810,test
lap,MAL03811,train
lap,MAL03812,train
lap,MAL03813,train
lap,MAL03816,train
lap,MAL03817,validation
lap,MAL03818,train
lap,MAL03819,train
lap,MAL03821,train
lap,MAL03822,train
lap,MAL03823,validation
lap,MAL03824,train
lap,MAL03825,train
lap,MAL03826,train
lap,MAL03827,train
lap,MAL03828,train
lap,MAL03829,train
lap,MAL03832,test
lap,MAL03833,test
lap,MAL03834,train
lap,MAL03835,train
lap,MAL03836,train
lap,MAL03837,train
lap,MAL03838,train
lap,MAL03839,validation
lap,MAL03840,train
lap,MAL03841,test
lap,MAL03842,validation
lap,MAL03843,train
lap,MAL03844,test
lap,MAL03845,train
lap,MAL03846,test
lap,MAL03847,train
lap,MAL03848,train
lap,MAL03849,train
lap,MAL03853,train
lap,MAL03854,train
lap,MAL03858,train
lap,MAL03859,train
lap,MAL03861,train
lap,MAL03863,train
lap,MAL03864,test
lap,MAL03866,test
lap,MAL03868,train
lap,MAL03869,train
lap,MAL03870,train
lap,MAL03873,test
lap,MAL03874,train
lap,MAL03875,test
lap,MAL03876,train
lap,MAL03877,test
lap,MAL03878,validation
lap,MAL03879,train
lap,MAL03880,train
lap,MAL03881,validation
lap,MAL03882,train
lap,MAL03883,train
lap,MAL03885,validation
lap,MAL03886,test
lap,MAL03887,train
lap,MAL03888,train
lap,MAL03889,train
lap,MAL03890,train
lap,MAL03895,test
lap,MAL03896,validation
lap,MAL03898,test
lap,MAL03900,test
lap,MAL03901,test
lap,MAL03902,train
lap,MAL03905,test
lap,MAL03906,train
lap,MAL03907,train
lap,MAL03908,train
lap,MAL03909,train
lap,MAL03910,train
lap,MAL03911,train
lap,MAL03912,test
lap,MAL03913,train
lap,MAL03914,train
lap,MAL03915,train
lap,MAL03916,train
lap,MAL03917,train
lap,MAL03918,train
lap,MAL03919,train
lap,MAL03920,train
lap,MAL03921,train
lap,MAL03922,train
lap,MAL03923,validation
lap,MAL03927,train
lap,MAL03929,train
lap,MAL03930,train
lap,MAL03931,train
lap,MAL03932,train
lap,MAL03935,train
lap,MAL03936,train
lap,MAL03937,test
lap,MAL03939,train
lap,MAL03940,train
lap,MAL03941,train
lap,MAL03942,train
lap,MAL03944,train
lap,MAL03945,train
lap,MAL03946,train
lap,MAL03947,test
lap,MAL03948,train
lap,MAL03950,test
lap,MAL03951,test
lap,MAL03952,validation
lap,MAL03953,train
lap,MAL03954,train
lap,MAL03956,train
lap,MAL03958,train
lap,MAL03960,train
lap,MAL03962,train
lap,MAL03963,validation
lap,MAL03964,train
lap,MAL03965,test
lap,MAL03968,train
lap,MAL03969,train
lap,MAL03970,train
lap,MAL03972,train
lap,MAL03973,train
lap,MAL03974,train
lap,MAL03975,train
lap,MAL03976,train
lap,MAL03977,train
lap,MAL03980,validation
lap,MAL03981,train
lap,MAL03982,train
lap,MAL03983,train
lap,MAL03989,train
lap,MAL03990,train
lap,MAL03991,train
lap,MAL03992,train
lap,MAL03995,train
lap,MAL03998,validation
lap,MAL03999,train
lap,MAL04000,train
lap,MAL04003,test
lap,MAL04004,train
lap,MAL04009,train
lap,MAL04010,train
lap,MAL04011,train
lap,MAL04012,train
lap,MAL04013,train
lap,MAL04014,train
lap,MAL04015,test
lap,MAL04017,train
lap,MAL04021,train
lap,MAL04023,test
lap,MAL04024,train
lap,MAL04025,train
lap,MAL04026,train
lap,MAL04027,train
lap,MAL04028,train
lap,MAL04031,train
lap,MAL04033,train
lap,MAL04034,train
lap,MAL04037,train
lap,MAL04038,test
lap,MAL04039,train
lap,MAL04042,train
lap,MAL04044,validation
lap,MAL04049,train
lap,MAL04050,train
lap,MAL04051,train
lap,MAL04052,train
lap,MAL04053,test
lap,MAL04054,test
lap,MAL04056,train
lap,MAL04057,train
lap,MAL04058,test
lap,MAL04059,train
lap,MAL04060,train
lap,MAL04061,train
lap,MAL04062,train
lap,MAL04063,train
lap,MAL04066,validation
lap,MAL04067,train
lap,MAL04068,train
lap,MAL04069,validation
lap,MAL04070,test
lap,MAL04071,validation
lap,MAL04073,train
lap,MAL04074,train
lap,MAL04078,test
lap,MAL04080,test
lap,MAL04081,train
lap,MAL04082,train
lap,MAL04083,test
lap,MAL04084,test
lap,MAL04085,validation
lap,MAL04086,train
lap,MAL04087,train
lap,MAL04088,train
lap,MAL04091,train
lap,MAL04094,train
lap,MAL04095,train
lap,MAL04096,train
lap,MAL04097,train
lap,MAL04098,train
lap,MAL04099,test
lap,MAL04101,train
lap,MAL04103,train
lap,MAL04104,train
lap,MAL04106,train
lap,MAL04107,train
lap,MAL04113,validation
lap,MAL04114,train
lap,MAL04119,test
lap,MAL04121,train
lap,MAL04124,validation
lap,MAL04126,train
lap,MAL04127,train
lap,MAL04129,train
lap,MAL04130,train
lap,MAL04131,train
lap,MAL04132,train
lap,MAL04134,train
lap,MAL04136,train
lap,MAL04138,train
lap,MAL04147,train
lap,MAL04149,train
lap,MAL04150,validation
lap,MAL04151,train
lap,MAL04154,train
lap,MAL04155,train
lap,MAL04156,train
lap,MAL04157,train
lap,MAL04158,train
lap,MAL04161,train
lap,MAL04162,train
lap,MAL04163,train
lap,MAL04164,train
lap,MAL04166,train
lap,MAL04173,train
lap,MAL04176,test
lap,MAL04177,train
lap,MAL04178,train
lap,MAL04181,train
lap,MAL04182,train
lap,MAL04183,train
lap,MAL04186,train
lap,MAL04187,train
lap,MAL04188,train
lap,MAL04189,train
lap,MAL04190,train
lap,MAL04191,validation
lap,MAL04192,validation
lap,MAL04195,train
lap,MAL04196,train
lap,MAL04197,validation
lap,MAL04198,train
lap,MAL04199,train
lap,MAL04200,train
lap,MAL04201,train
lap,MAL04205,train
lap,MAL04208,train
lap,MAL04209,train
lap,MAL04210,train
lap,MAL04211,train
lap,MAL04213,train
lap,MAL04214,validation
lap,MAL04218,train
lap,MAL04220,train
lap,MAL04224,train
lap,MAL04232,train
lap,MAL04240,train
lap,MAL04242,train
lap,MAL04244,test
lap,MAL04246,train
lap,MAL04250,train
lap,MAL04252,train
lap,MAL04260,train
lap,MAL04262,train
lap,MAL04264,test
lap,MAL04266,test
lap,MAL04278,validation
lap,MAL04280,train
lap,MAL04282,train
lap,MAL04286,train
lap,MAL04298,train
lap,MAL04304,train
lap,MAL04306,test
lap,MAL04310,train
lap,MAL04312,test
lap,MAL04314,train
lap,MAL04316,train
lap,MAL04318,train
lap,MAL04320,test
lap,MAL04331,train
lap,MAL04332,train
lap,MAL04334,train
lap,MAL04339,train
lap,MAL04340,test
lap,MAL04342,train
lap,MAL04350,train
lap,MAL04353,train
lap,MAL04355,test
lap,MAL04356,train
lap,MAL04357,test
lap,MAL04358,test
lap,MAL04360,train
lap,MAL04362,validation
lap,MAL04363,train
lap,MAL04364,test
lap,MAL04365,train
lap,MAL04369,train
lap,MAL04371,train
lap,MAL04375,train
lap,MAL04378,test
lap,MAL04379,train
lap,MAL04382,train
lap,MAL04383,train
lap,MAL04385,train
lap,MAL04386,validation
lap,MAL04387,train
lap,MAL04389,train
lap,MAL04390,train
lap,MAL04391,train
lap,MAL04392,test
lap,MAL04393,validation
lap,MAL04394,validation
lap,MAL04395,train
lap,MAL04396,test
lap,MAL04397,test
lap,MAL04398,train
lap,MAL04399,train
lap,MAL04400,test
lap,MAL04406,test
lap,MAL04411,train
lap,MAL04415,train
lap,MAL04416,test
lap,MAL04417,validation
lap,MAL04418,test
lap,MAL04419,validation
lap,MAL04420,train
lap,MAL04421,train
lap,MAL04427,test
lap,MAL04437,validation
lap,MAL04439,train
lap,MAL04440,train
lap,MAL04443,test
lap,MAL04444,test
lap,MAL04447,train
lap,MAL04450,train
lap,MAL04451,train
lap,MAL04452,train
lap,MAL04454,train
lap,MAL04458,train
lap,MAL04459,train
lap,MAL04460,test
lap,MAL04461,train
lap,MAL04462,train
lap,MAL04463,train
lap,MAL04467,train
lap,MAL04468,train
lap,MAL04469,train
lap,MAL04470,train
lap,MAL04471,validation
lap,MAL04472,validation
lap,MAL04473,train
lap,MAL04475,train
lap,MAL04476,train
lap,MAL04477,train
lap,MAL04479,train
lap,MAL04480,train
lap,MAL04481,test
lap,MAL04483,train
lap,MAL04484,validation
lap,MAL04485,train
lap,MAL04486,train
lap,MAL04487,train
lap,MAL04488,train
lap,MAL04489,validation
lap,MAL04490,validation
lap,MAL04491,train
lap,MAL04492,validation
lap,MAL04493,validation
lap,MAL04494,validation
lap,MAL04495,train
lap,MAL04496,train
lap,MAL04497,train
lap,MAL04498,train
lap,MAL04502,test
lap,MAL04503,train
lap,MAL04504,train
lap,MAL04508,train
lap,MAL04509,train
lap,MAL04511,train
lap,MAL04513,train
lap,MAL04514,validation
lap,MAL04515,train
lap,MAL04521,train
lap,MAL04522,train
lap,MAL04524,train
lap,MAL04531,train
lap,MAL04532,train
lap,MAL04533,test
lap,MAL04534,train
lap,MAL04535,train
lap,MAL04536,train
lap,MAL04537,train
lap,MAL04540,train
lap,MAL04541,train
lap,MAL04544,train
lap,MAL04547,validation
lap,MAL04548,test
lap,MAL04549,train
lap,MAL04550,train
lap,MAL04551,train
lap,MAL04553,train
lap,MAL04554,train
lap,MAL04555,test
lap,MAL04556,train
lap,MAL04557,train
lap,MAL04558,test
lap,MAL04560,train
lap,MAL04561,train
lap,MAL04562,validation
lap,MAL04563,train
lap,MAL04565,validation
lap,MAL04567,train
lap,MAL04574,train
lap,MAL04575,train
lap,MAL04578,train
lap,MAL04581,train
lap,MAL04584,validation
lap,MAL04586,train
lap,MAL04590,train
lap,MAL04591,train
lap,MAL04596,test
lap,MAL04597,test
lap,MAL04598,train
lap,MAL04599,train
lap,MAL04600,validation
lap,MAL04601,train
lap,MAL04603,train
lap,MAL04604,train
lap,MAL04606,train
lap,MAL04607,train
lap,MAL04608,train
lap,MAL04614,train
lap,MAL04615,test
lap,MAL04616,validation
lap,MAL04617,train
lap,MAL04618,train
lap,MAL04621,train
lap,MAL04638,train
lap,MAL04639,validation
lap,MAL04640,train
lap,MAL04644,train
lap,MAL04645,train
lap,MAL04646,train
lap,MAL04651,train
lap,MAL04653,validation
lap,MAL04654,train
lap,MAL04657,train
lap,MAL04660,train
lap,MAL04662,train
lap,MAL04663,train
lap,MAL04664,test
lap,MAL04667,train
lap,MAL04672,validation
lap,MAL04675,train
lap,MAL04680,test
lap,MAL04681,test
lap,MAL04682,train
lap,MAL04684,train
lap,MAL04685,test
lap,MAL04688,train
lap,MAL04689,train
lap,MAL04690,train
lap,MAL04692,train
lap,MAL04693,train
lap,MAL04697,validation
lap,MAL04698,train
lap,MAL04699,train
lap,MAL04700,train
lap,MAL04701,test
lap,MAL04703,train
lap,MAL04705,validation
lap,MAL04709,train
lap,MAL04712,train
lap,MAL04713,validation
lap,MAL04714,train
lap,MAL04715,train
lap,MAL04717,train
lap,MAL04718,train
lap,MAL04719,test
lap,MAL04720,train
lap,MAL04722,train
lap,MAL04723,train
lap,MAL04725,train
lap,MAL04726,test
lap,MAL04729,train
lap,MAL04730,test
lap,MAL04731,train
lap,MAL04732,train
lap,MAL04733,train
lap,MAL04737,train
lap,MAL04742,train
lap,MAL04744,train
lap,MAL04752,train
lap,MAL04756,train
lap,MAL04760,validation
lap,MAL04761,train
lap,MAL04763,train
lap,MAL04765,train
lap,MAL04772,train
lap,MAL04773,train
lap,MAL04774,train
lap,MAL04775,train
lap,MAL04782,train
lap,MAL04789,train
lap,MAL04790,train
lap,MAL04792,validation
lap,MAL04793,validation
lap,MAL04794,test
lap,MAL04795,validation
lap,MAL04799,train
lap,MAL04800,train
lap,MAL04801,test
lap,MAL04802,validation
lap,MAL04803,test
lap,MAL04804,train
lap,MAL04807,train
lap,MAL04808,test
lap,MAL04810,train
lap,MAL04811,train
lap,MAL04813,train
lap,MAL04814,train
lap,MAL04816,train
lap,MAL04817,train
lap,MAL04818,train
lap,MAL04819,train
lap,MAL04820,train
lap,MAL04821,train
lap,MAL04822,train
lap,MAL04823,train
lap,MAL04824,train
lap,MAL04825,train
lap,MAL04832,validation
lap,MAL04833,train
lap,MAL04834,train
lap,MAL04835,train
lap,MAL04840,train
lap,MAL04841,train
lap,MAL04842,train
lap,MAL04848,validation
lap,MAL04849,train
lap,MAL04851,train
lap,MAL04852,test
lap,MAL04853,train
lap,MAL04854,train
lap,MAL04855,validation
lap,MAL04856,train
lap,MAL04866,train
lap,MAL04867,train
lap,MAL04868,test
lap,MAL04872,train
lap,MAL04874,train
lap,MAL04876,train
lap,MAL04879,train
lap,MAL04884,train
lap,MAL04886,train
lap,MAL04890,train
lap,MAL04896,test
lap,MAL04898,train
lap,MAL04901,train
lap,MAL04903,train
lap,MAL04905,test
lap,MAL04907,train
lap,MAL04908,train
lap,MAL04910,train
lap,MAL04917,test
lap,MAL04918,train
lap,MAL04921,train
lap,MAL04923,train
lap,MAL04926,train
lap,MAL04927,train
lap,MAL04928,train
lap,MAL04929,train
lap,MAL04933,train
lap,MAL04934,validation
lap,MAL04935,train
lap,MAL04936,train
lap,MAL04938,train
lap,MAL04939,train
lap,MAL04940,train
lap,MAL04941,train
lap,MAL04943,test
lap,MAL04946,train
lap,MAL04948,train
lap,MAL04961,train
lap,MAL04962,train
lap,MAL04966,train
lap,MAL04967,train
lap,MAL04970,train
lap,MAL04975,train
lap,MAL04981,train
lap,MAL04983,train
lap,MAL04985,train
lap,MAL04991,test
lap,MAL04997,train
lap,MAL04999,train
lap,MAL05002,train
lap,MAL05005,validation
lap,MAL05006,train
lap,MAL05013,train
lap,MAL05014,validation
lap,MAL05016,train
lap,MAL05017,validation
lap,MAL05018,train
lap,MAL05019,train
lap,MAL05020,train
lap,MAL05022,train
lap,MAL05023,train
lap,MAL05025,train
lap,MAL05027,train
lap,MAL05028,train
lap,MAL05029,test
lap,MAL05030,test
lap,MAL05031,train
lap,MAL05032,train
lap,MAL05034,test
lap,MAL05036,train
lap,MAL05037,train
lap,MAL05039,test
lap,MAL05040,train
lap,MAL05041,train
lap,MAL05042,train
lap,MAL05043,train
lap,MAL05045,train
lap,MAL05049,train
lap,MAL05051,test
lap,MAL05052,train
lap,MAL05053,train
lap,MAL05054,train
lap,MAL05056,train
lap,MAL05060,train
lap,MAL05065,train
lap,MAL05070,train
lap,MAL05071,train
lap,MAL05072,train
lap,MAL05074,train
lap,MAL05075,test
lap,MAL05079,train
lap,MAL05080,validation
lap,MAL05081,train
lap,MAL05082,train
lap,MAL05084,train
lap,MAL05085,train
lap,MAL05088,train
lap,MAL05089,validation
lap,MAL05090,train
lap,MAL05091,test
lap,MAL05096,train
lap,MAL05097,test
lap,MAL05098,train
lap,MAL05101,validation
lap,MAL05104,train
lap,MAL05107,train
lap,MAL05108,test
lap,MAL05109,train
lap,MAL05112,train
lap,MAL05114,train
lap,MAL05116,train
lap,MAL05117,validation
lap,MAL05118,train
lap,MAL05129,train
lap,MAL05131,train
lap,MAL05132,train
lap,MAL05133,validation
lap,MAL05136,train
lap,MAL05140,test
lap,MAL05141,train
lap,MAL05143,train
lap,MAL05150,train
lap,MAL05151,test
lap,MAL05152,train
lap,MAL05153,test
lap,MAL05154,train
lap,MAL05155,train
lap,MAL05157,test
lap,MAL05158,train
lap,MAL05159,train
lap,MAL05160,train
lap,MAL05162,validation
lap,MAL05163,test
lap,MAL05164,train
lap,MAL05165,test
lap,MAL05167,train
lap,MAL05168,validation
lap,MAL05172,test
lap,MAL05173,train
lap,MAL05177,validation
lap,MAL05178,train
lap,MAL05184,train
lap,MAL05189,train
lap,MAL05190,test
lap,MAL05191,train
lap,MAL05192,train
lap,MAL05193,train
lap,MAL05194,train
lap,MAL05196,test
lap,MAL05197,train
lap,MAL05199,train
lap,MAL05200,train
lap,MAL05201,train
lap,MAL05203,train
lap,MAL05204,train
lap,MAL05205,train
lap,MAL05207,train
lap,MAL05208,train
lap,MAL05209,test
lap,MAL05210,test
lap,MAL05211,validation
lap,MAL05212,train
lap,MAL05213,train
lap,MAL05214,train
lap,MAL05216,train
lap,MAL05217,train
lap,MAL05220,train
lap,MAL05223,test
lap,MAL05225,train
lap,MAL05226,train
lap,MAL05228,train
lap,MAL05231,train
lap,MAL05232,test
lap,MAL05233,train
lap,MAL05234,test
lap,MAL05235,test
lap,MAL05237,train
lap,MAL05238,train
lap,MAL05240,test
lap,MAL05241,validation
lap,MAL05244,validation
lap,MAL05246,test
lap,MAL05249,train
lap,MAL05250,train
lap,MAL05251,train
lap,MAL05252,train
lap,MAL05256,train
lap,MAL05258,train
lap,MAL05259,train
lap,MAL05260,train
lap,MAL05262,train
lap,MAL05263,test
lap,MAL05266,train
lap,MAL05267,validation
lap,MAL05270,train
lap,MAL05272,test
lap,MAL05273,validation
lap,MAL05274,train
lap,MAL05276,validation
lap,MAL05277,validation
lap,MAL05278,train
lap,MAL05279,train
lap,MAL05281,train
lap,MAL05285,train
lap,MAL05287,validation
lap,MAL05289,test
lap,MAL05290,train
lap,MAL05291,test
lap,MAL05292,test
lap,MAL05293,train
lap,MAL05296,validation
lap,MAL05298,train
lap,MAL05299,test
lap,MAL05300,train
lap,MAL05303,train
lap,MAL05304,validation
lap,MAL05305,train
lap,MAL05306,validation
lap,MAL05307,train
lap,MAL05308,train
lap,MAL05310,train
lap,MAL05311,test
lap,MAL05314,train
lap,MAL05315,train
lap,MAL05316,test
lap,MAL05321,train
lap,MAL05322,train
lap,MAL05324,train
lap,MAL05330,train
lap,MAL05332,train
lap,MAL05333,test
lap,MAL05337,train
lap,MAL05341,validation
lap,MAL05342,train
lap,MAL05343,test
lap,MAL05344,train
lap,MAL05347,train
lap,MAL05348,train
lap,MAL05351,train
lap,MAL05353,train
lap,MAL05355,train
lap,MAL05356,train
lap,MAL05365,train
lap,MAL05369,train
lap,MAL05372,train
lap,MAL05374,train
lap,MAL05375,validation
lap,MAL05383,train
lap,MAL05386,train
lap,MAL05391,test
lap,MAL05393,train
lap,MAL05395,test
lap,MAL05396,train
lap,MAL05397,train
lap,MAL05398,train
lap,MAL05399,train
lap,MAL05400,train
lap,MAL05401,train
lap,MAL05402,validation
lap,MAL05403,train
lap,MAL05408,train
lap,MAL05411,train
lap,MAL05415,test
lap,MAL05419,train
lap,MAL05420,train
lap,MAL05421,test
lap,MAL05423,validation
lap,MAL05424,train
lap,MAL05427,train
lap,MAL05436,train
lap,MAL05437,train
lap,MAL05438,train
lap,MAL05439,train
lap,MAL05440,train
lap,MAL05447,train
lap,MAL05449,train
lap,MAL05454,train
lap,MAL05455,train
lap,MAL05458,validation
lap,MAL05460,train
lap,MAL05462,train
lap,MAL05464,train
lap,MAL05466,train
lap,MAL05468,validation
lap,MAL05469,train
lap,MAL05473,train
lap,MAL05474,train
lap,MAL05475,train
lap,MAL05476,train
lap,MAL05477,train
lap,MAL05478,train
lap,MAL05484,train
lap,MAL05485,train
lap,MAL05492,train
lap,MAL05493,test
lap,MAL05494,train
lap,MAL05496,test
lap,MAL05501,train
lap,MAL05503,train
lap,MAL05504,validation
lap,MAL05505,train
lap,MAL05507,train
lap,MAL05515,train
lap,MAL05520,train
lap,MAL05521,train
lap,MAL05522,test
lap,MAL05525,train
lap,MAL05526,train
lap,MAL05529,train
lap,MAL05530,validation
lap,MAL05534,train
lap,MAL05535,train
lap,MAL05538,train
lap,MAL05539,train
lap,MAL05540,train
lap,MAL05541,train
lap,MAL05542,train
lap,MAL05543,validation
lap,MAL05544,test
lap,MAL05545,train
lap,MAL05546,train
lap,MAL05547,train
lap,MAL05548,test
lap,MAL05549,train
lap,MAL05550,train
lap,MAL05551,validation
lap,MAL05552,train
lap,MAL05553,train
lap,MAL05554,train
lap,MAL05555,train
lap,MAL05556,train
lap,MAL05557,train
lap,MAL05558,train
lap,MAL05559,train
lap,MAL05560,train
lap,MAL05561,train
lap,MAL05563,test
lap,MAL05564,validation
lap,MAL05565,train
lap,MAL05566,train
lap,MAL05567,train
lap,MAL05568,train
lap,MAL05569,train
lap,MAL05570,train
lap,MAL05571,train
lap,MAL05572,train
lap,MAL05573,test
lap,MAL05575,train
lap,MAL05576,train
lap,MAL05578,train
lap,MAL05581,train
lap,MAL05583,validation
lap,MAL05584,train
lap,MAL05585,train
lap,MAL05586,train
lap,MAL05587,train
lap,MAL05588,train
lap,MAL05589,test
lap,MAL05590,train
lap,MAL05593,train
lap,MAL05594,train
lap,MAL05597,train
lap,MAL05600,train
lap,MAL05602,train
lap,MAL05603,train
lap,MAL05605,train
lap,MAL05606,train
lap,MAL05607,test
lap,MAL05608,train
lap,MAL05609,train
lap,MAL05610,train
lap,MAL05611,train
lap,MAL05612,train
lap,MAL05613,validation
lap,MAL05614,train
lap,MAL05618,train
lap,MAL05620,train
lap,MAL05621,test
lap,MAL05622,train
lap,MAL05624,train
lap,MAL05628,train
lap,MAL05629,train
lap,MAL05630,train
lap,MAL05631,validation
lap,MAL05632,train
lap,MAL05636,train
lap,MAL05640,test
lap,MAL05643,test
lap,MAL05644,train
lap,MAL05645,train
lap,MAL05646,validation
lap,MAL05647,train
lap,MAL05648,test
lap,MAL05649,train
lap,MAL05651,train
lap,MAL05652,train
lap,MAL05653,train
lap,MAL05656,train
lap,MAL05658,train
lap,MAL05661,train
lap,MAL05662,train
lap,MAL05663,train
lap,MAL05664,train
lap,MAL05665,train
lap,MAL05667,train
lap,MAL05670,train
lap,MAL05671,validation
lap,MAL05673,train
lap,MAL05674,test
lap,MAL05675,train
lap,MAL05678,train
lap,MAL05680,train
lap,MAL05681,train
lap,MAL05682,train
lap,MAL05684,validation
lap,MAL05686,validation
lap,MAL05687,train
lap,MAL05688,train
lap,MAL05689,test
lap,MAL05690,train
lap,MAL05691,train
lap,MAL05693,train
lap,MAL05702,train
lap,MAL05710,train
lap,MAL05712,train
lap,MAL05713,test
lap,MAL05715,test
lap,MAL05717,train
lap,MAL05719,test
lap,MAL05725,train
lap,MAL05733,train
lap,MAL05734,train
lap,MAL05742,train
lap,MAL05743,train
lap,MAL05751,train
lap,MAL05753,train
lap,MAL05755,train
lap,MAL05760,test
lap,MAL05762,train
lap,MAL05763,train
lap,MAL05764,train
lap,MAL05772,train
lap,MAL05773,test
lap,MAL05774,train
lap,MAL05781,test
lap,MAL05783,train
lap,MAL05784,train
lap,MAL05785,train
lap,MAL05799,train
lap,MAL05802,train
lap,MAL05809,train
lap,MAL05810,test
lap,MAL05811,train
lap,MAL05812,train
lap,MAL05813,train
lap,MAL05814,train
lap,MAL05819,train
lap,MAL05821,train
lap,MAL05826,train
lap,MAL05827,validation
lap,MAL05828,train
lap,MAL05829,train
lap,MAL05830,train
lap,MAL05832,validation
lap,MAL05833,test
lap,MAL05834,train
lap,MAL05835,train
lap,MAL05838,train
lap,MAL05841,train
lap,MAL05842,train
lap,MAL05844,test
lap,MAL05845,train
lap,MAL05848,train
lap,MAL05849,train
lap,MAL05854,train
lap,MAL05859,train
lap,MAL05862,test
lap,MAL05865,train
lap,MAL05868,train
lap,MAL05869,train
lap,MAL05870,train
lap,MAL05871,train
lap,MAL05872,train
lap,MAL05873,test
lap,MAL05874,train
lap,MAL05875,test
lap,MAL05876,train
lap,MAL05877,train
lap,MAL05878,train
lap,MAL05880,train
lap,MAL05883,train
lap,MAL05886,validation
lap,MAL05889,train
lap,MAL05890,train
lap,MAL05891,train
lap,MAL05895,train
lap,MAL05900,train
lap,MAL05902,train
lap,MAL05904,train
lap,MAL05907,train
lap,MAL05908,validation
lap,MAL05909,train
lap,MAL05914,test
lap,MAL05916,train
lap,MAL05917,train
lap,MAL05918,train
lap,MAL05920,train
lap,MAL05921,train
lap,MAL05922,train
lap,MAL05923,train
lap,MAL05924,test
lap,MAL05925,train
lap,MAL05926,train
lap,MAL05927,test
lap,MAL05928,train
lap,MAL05929,train
lap,MAL05930,train
lap,MAL05931,train
lap,MAL05933,train
lap,MAL05934,train
lap,MAL05935,train
lap,MAL05936,train
lap,MAL05938,validation
lap,MAL05940,test
lap,MAL05941,train
lap,MAL05943,train
lap,MAL05945,train
lap,MAL05947,train
lap,MAL05953,train
lap,MAL05955,train
lap,MAL05956,train
lap,MAL05957,train
lap,MAL05958,train
lap,MAL05959,train
lap,MAL05962,train
lap,MAL05967,train
lap,MAL05968,train
lap,MAL05973,train
lap,MAL05978,train
lap,MAL05983,train
lap,MAL05984,train
lap,MAL05986,test
lap,MAL05987,test
lap,MAL05990,validation
lap,MAL05992,validation
lap,MAL05993,train
lap,MAL05994,train
lap,MAL05996,train
lap,MAL05997,train
lap,MAL05998,train
lap,MAL06000,train
lap,MAL06007,train
lap,MAL06008,train
lap,MAL06012,train
lap,MAL06015,train
lap,MAL06016,validation
lap,MAL06018,validation
lap,MAL06023,test
lap,MAL06024,train
lap,MAL06025,train
lap,MAL06028,train
lap,MAL06030,train
lap,MAL06031,train
lap,MAL06032,train
lap,MAL06033,train
lap,MAL06038,train
lap,MAL06041,test
lap,MAL06045,validation
lap,MAL06046,test
lap,MAL06050,train
lap,MAL06055,train
lap,MAL06056,train
lap,MAL06060,train
lap,MAL06061,train
lap,MAL06062,train
lap,MAL06063,train
lap,MAL06064,train
lap,MAL06065,train
lap,MAL06067,test
lap,MAL06068,test
lap,MAL06069,train
lap,MAL06071,train
lap,MAL06072,train
lap,MAL06073,train
lap,MAL06074,validation
lap,MAL06075,train
lap,MAL06076,train
lap,MAL06077,train
lap,MAL06078,train
lap,MAL06087,train
lap,MAL06090,validation
lap,MAL06091,train
lap,MAL06093,test
lap,MAL06094,train
lap,MAL06095,train
lap,MAL06096,train
lap,MAL06097,train
lap,MAL06098,train
lap,MAL06107,test
lap,MAL06112,train
lap,MAL06114,validation
lap,MAL06115,train
lap,MAL06116,train
lap,MAL06117,validation
lap,MAL06119,train
lap,MAL06120,train
lap,MAL06122,train
lap,MAL06124,train
lap,MAL06127,train
lap,MAL06129,train
lap,MAL06130,test
lap,MAL06131,test
lap,MAL06133,test
lap,MAL06137,validation
lap,MAL06148,train
lap,MAL06149,train
lap,MAL06150,train
lap,MAL06151,train
lap,MAL06152,train
lap,MAL06154,validation
lap,MAL06156,train
lap,MAL06162,validation
lap,MAL06163,train
lap,MAL06164,train
lap,MAL06165,train
lap,MAL06166,train
lap,MAL06169,validation
lap,MAL06171,validation
lap,MAL06172,train
lap,MAL06178,validation
lap,MAL06181,test
lap,MAL06182,train
lap,MAL06184,train
lap,MAL06187,train
lap,MAL06189,train
lap,MAL06194,train
lap,MAL06195,train
lap,MAL06198,train
lap,MAL06201,test
lap,MAL06202,train
lap,MAL06203,train
lap,MAL06205,train
lap,MAL06206,train
lap,MAL06209,train
lap,MAL06211,train
lap,MAL06213,train
lap,MAL06215,test
lap,MAL06217,train
lap,MAL06219,train
lap,MAL06220,train
lap,MAL06226,train
lap,MAL06229,test
lap,MAL06230,train
lap,MAL06231,test
lap,MAL06234,train
lap,MAL06235,train
lap,MAL06245,train
lap,MAL06246,train
lap,MAL06251,train
lap,MAL06261,test
lap,MAL06262,validation
lap,MAL06266,train
lap,MAL06267,validation
lap,MAL06268,train
lap,MAL06270,train
lap,MAL06272,train
lap,MAL06273,validation
lap,MAL06275,train
lap,MAL06276,train
lap,MAL06277,train
lap,MAL06280,validation
lap,MAL06281,train
lap,MAL06286,train
lap,MAL06287,train
lap,MAL06288,train
lap,MAL06291,train
lap,MAL06293,validation
lap,MAL06297,test
lap,MAL06299,train
lap,MAL06303,train
lap,MAL06305,train
lap,MAL06310,train
lap,MAL06311,train
lap,MAL06312,train
lap,MAL06318,validation
lap,MAL06324,train
lap,MAL06325,train
lap,MAL06327,train
lap,MAL06328,train
lap,MAL06331,train
lap,MAL06336,train
lap,MAL06337,train
lap,MAL06346,train
lap,MAL06347,train
lap,MAL06351,train
lap,MAL06361,train
lap,MAL06366,train
lap,MAL06368,train
lap,MAL06372,train
lap,MAL06374,train
lap,MAL06375,test
lap,MAL06377,validation
lap,MAL06379,train
lap,MAL06380,train
lap,MAL06381,test
lap,MAL06383,train
lap,MAL06384,train
lap,MAL06385,train
lap,MAL06390,train
lap,MAL06392,train
lap,MAL06397,train
lap,MAL06399,test
lap,MAL06401,validation
lap,MAL06402,train
lap,MAL06408,test
lap,MAL06412,train
lap,MAL06413,train
lap,MAL06418,train
lap,MAL06419,validation
lap,MAL06421,train
lap,MAL06422,train
lap,MAL06425,train
lap,MAL06428,train
lap,MAL06431,train
lap,MAL06437,test
lap,MAL06438,train
lap,MAL06443,train
lap,MAL06444,validation
lap,MAL06447,train
lap,MAL06448,train
lap,MAL06452,train
lap,MAL06460,train
lap,MAL06462,test
lap,MAL06463,train
lap,MAL06465,train
lap,MAL06467,train
lap,MAL06468,test
lap,MAL06472,train
lap,MAL06479,train
lap,MAL06481,train
lap,MAL06482,train
lap,MAL06484,train
lap,MAL06489,train
lap,MAL06491,train
lap,MAL06492,train
lap,MAL06496,train
lap,MAL06500,train
lap,MAL06505,test
lap,MAL06509,test
lap,MAL06511,train
lap,MAL06512,train
lap,MAL06513,train
lap,MAL06517,test
lap,MAL06518,train
lap,MAL06519,train
lap,MAL06520,train
lap,MAL06522,train
lap,MAL06523,train
lap,MAL06524,train
lap,MAL06525,train
lap,MAL06527,train
lap,MAL06528,train
lap,MAL06531,train
lap,MAL06533,train
lap,MAL06535,train
lap,MAL06546,test
lap,MAL06547,train
lap,MAL06548,train
lap,MAL06553,train
lap,MAL06554,test
lap,MAL06555,train
lap,MAL06557,test
lap,MAL06558,train
lap,MAL06560,test
lap,MAL06566,train
lap,MAL06567,train
lap,MAL06568,train
lap,MAL06571,train
lap,MAL06572,test
lap,MAL06573,validation
lap,MAL06574,test
lap,MAL06577,train
lap,MAL06579,train
lap,MAL06581,train
lap,MAL06582,validation
lap,MAL06583,train
lap,MAL06586,train
lap,MAL06590,train
lap,MAL06591,validation
lap,MAL06593,train
lap,MAL06594,validation
lap,MAL06604,test
lap,MAL06607,train
lap,MAL06609,train
lap,MAL06610,train
lap,MAL06616,train
lap,MAL06622,validation
lap,MAL06624,train
lap,MAL06625,train
lap,MAL06628,train
lap,MAL06629,train
lap,MAL06630,train
lap,MAL06633,train
lap,MAL06634,test
lap,MAL06635,train
lap,MAL06636,train
lap,MAL06637,train
lap,MAL06641,train
lap,MAL06645,train
lap,MAL06654,train
lap,MAL06658,train
lap,MAL06666,train
lap,MAL06667,train
lap,MAL06670,train
lap,MAL06671,train
lap,MAL06672,train
lap,MAL06674,train
lap,MAL06675,train
lap,MAL06676,train
lap,MAL06680,train
lap,MAL06682,train
lap,MAL06685,test
lap,MAL06686,train
lap,MAL06687,train
lap,MAL06688,train
lap,MAL06689,test
lap,MAL06690,train
lap,MAL06691,train
lap,MAL06692,train
lap,MAL06693,train
lap,MAL06694,train
lap,MAL06695,train
lap,MAL06701,train
lap,MAL06702,train
lap,MAL06704,train
lap,MAL06705,validation
lap,MAL06707,train
lap,MAL06709,train
lap,MAL06712,train
lap,MAL06713,train
lap,MAL06714,train
lap,MAL06718,train
lap,MAL06721,train
lap,MAL06727,train
lap,MAL06728,train
lap,MAL06730,train
lap,MAL06731,train
lap,MAL06733,test
lap,MAL06734,train
lap,MAL06735,train
lap,MAL06736,train
lap,MAL06741,train
lap,MAL06743,train
lap,MAL06746,train
lap,MAL06747,train
lap,MAL06749,train
lap,MAL06758,train
lap,MAL06759,validation
lap,MAL06760,train
lap,MAL06761,test
lap,MAL06762,train
lap,MAL06768,train
lap,MAL06769,train
lap,MAL06771,train
lap,MAL06772,train
lap,MAL06773,train
lap,MAL06774,train
lap,MAL06777,test
lap,MAL06779,test
lap,MAL06783,train
lap,MAL06787,train
lap,MAL06791,train
lap,MAL06792,train
lap,MAL06793,train
lap,MAL06794,train
lap,MAL06795,test
lap,MAL06796,test
lap,MAL06797,train
lap,MAL06798,train
lap,MAL06800,train
lap,MAL06802,train
lap,MAL06809,train
lap,MAL06811,train
lap,MAL06822,validation
lap,MAL06823,train
lap,MAL06827,test
lap,MAL06828,train
lap,MAL06829,train
lap,MAL06830,validation
lap,MAL06831,train
lap,MAL06832,test
lap,MAL06833,train
lap,MAL06834,train
lap,MAL06835,train
lap,MAL06836,train
lap,MAL06837,train
lap,MAL06838,train
lap,MAL06839,validation
lap,MAL06840,train
lap,MAL06841,train
lap,MAL06842,train
lap,MAL06843,train
lap,MAL06844,train
lap,MAL06846,train
lap,MAL06847,train
lap,MAL06848,train
lap,MAL06849,train
lap,MAL06850,train
lap,MAL06851,train
lap,MAL06852,train
lap,MAL06855,train
lap,MAL06856,train
lap,MAL06857,test
lap,MAL06861,train
lap,MAL06862,train
lap,MAL06864,train
lap,MAL06867,train
lap,MAL06868,train
lap,MAL06872,train
lap,MAL06875,train
lap,MAL06877,train
lap,MAL06878,train
lap,MAL06880,train
lap,MAL06882,train
lap,MAL06883,train
lap,MAL06884,train
lap,MAL06885,train
lap,MAL06889,test
lap,MAL06890,train
lap,MAL06891,train
lap,MAL06892,train
lap,MAL06893,train
lap,MAL06895,train
lap,MAL06896,test
lap,MAL06899,test
lap,MAL06900,test
lap,MAL06901,test
lap,MAL06902,train
lap,MAL06903,train
lap,MAL06907,test
lap,MAL06909,train
lap,MAL06917,train
lap,MAL06918,train
lap,MAL06919,train
lap,MAL06920,train
lap,MAL06922,test
lap,MAL06927,test
lap,MAL06930,validation
lap,MAL06932,validation
lap,MAL06935,train
lap,MAL06937,train
lap,MAL06939,train
lap,MAL06941,train
lap,MAL06942,train
lap,MAL06945,train
lap,MAL06946,train
lap,MAL06947,test
lap,MAL06948,validation
lap,MAL06950,test
lap,MAL06951,train
lap,MAL06953,train
lap,MAL06954,train
lap,MAL06956,train
lap,MAL06958,train
lap,MAL06959,train
lap,MAL06964,train
lap,MAL06965,train
lap,MAL06970,train
lap,MAL06971,train
lap,MAL06973,train
lap,MAL06974,train
lap,MAL06975,train
lap,MAL06978,train
lap,MAL06979,train
lap,MAL06980,train
lap,MAL06981,validation
lap,MAL06984,train
lap,MAL06985,train
lap,MAL06986,train
lap,MAL06987,validation
lap,MAL06988,train
lap,MAL06989,train
lap,MAL06992,train
lap,MAL06993,train
lap,MAL06994,test
lap,MAL06999,train
lap,MAL07004,train
lap,MAL07014,train
lap,MAL07016,train
lap,MAL07017,test
lap,MAL07021,train
lap,MAL07022,train
lap,MAL07024,train
lap,MAL07025,train
lap,MAL07027,validation
lap,MAL07029,train
lap,MAL07030,train
lap,MAL07031,train
lap,MAL07041,train
lap,MAL07044,test
lap,MAL07045,train
lap,MAL07048,test
lap,MAL07052,train
lap,MAL07053,train
lap,MAL07054,test
lap,MAL07058,train
lap,MAL07059,train
lap,MAL07060,test
lap,MAL07062,train
lap,MAL07066,validation
lap,MAL07071,train
lap,MAL07079,train
lap,MAL07081,train
lap,MAL07082,train
lap,MAL07088,train
lap,MAL07090,train
lap,MAL07092,train
lap,MAL07103,train
lap,MAL07106,test
lap,MAL07108,train
lap,MAL07109,train
lap,MAL07110,train
lap,MAL07112,train
lap,MAL07113,train
lap,MAL07117,validation
lap,MAL07122,validation
lap,MAL07124,train
lap,MAL07135,train
lap,MAL07139,train
lap,MAL07144,validation
lap,MAL07148,train
lap,MAL07152,validation
lap,MAL07154,train
lap,MAL07155,test
lap,MAL07156,train
lap,MAL07157,train
lap,MAL07158,train
lap,MAL07160,train
lap,MAL07162,validation
lap,MAL07164,validation
lap,MAL07169,train
lap,MAL07170,train
lap,MAL07171,validation
lap,MAL07174,test
lap,MAL07175,test
lap,MAL07176,train
lap,MAL07177,train
lap,MAL07178,train
lap,MAL07179,test
lap,MAL07189,train
lap,MAL07192,train
lap,MAL07193,train
lap,MAL07211,train
lap,MAL07216,train
lap,MAL07222,test
lap,MAL07229,test
lap,MAL07230,train
lap,MAL07244,train
lap,MAL07245,train
lap,MAL07247,validation
lap,MAL07248,train
lap,MAL07252,test
lap,MAL07254,validation
lap,MAL07255,train
lap,MAL07257,train
lap,MAL07258,train
lap,MAL07259,train
lap,MAL07261,validation
lap,MAL07262,train
lap,MAL07264,train
lap,MAL07265,train
lap,MAL07266,train
lap,MAL07268,train
lap,MAL07270,train
lap,MAL07273,train
lap,MAL07276,train
lap,MAL07279,train
lap,MAL07285,train
lap,MAL07290,validation
lap,MAL07294,train
lap,MAL07295,validation
lap,MAL07296,train
lap,MAL07303,train
lap,MAL07305,train
lap,MAL07307,train
lap,MAL07308,train
lap,MAL07311,validation
lap,MAL07314,train
lap,MAL07322,validation
lap,MAL07329,train
lap,MAL07330,train
lap,MAL07333,train
lap,MAL07334,train
lap,MAL07336,train
lap,MAL07337,train
lap,MAL07338,validation
lap,MAL07343,validation
lap,MAL07354,train
lap,MAL07363,train
lap,MAL07364,test
lap,MAL07366,train
lap,MAL07367,train
lap,MAL07374,train
lap,MAL07375,test
lap,MAL07376,train
lap,MAL07377,train
lap,MAL07395,train
lap,MAL07396,train
lap,MAL07398,validation
lap,MAL07405,train
lap,MAL07411,train
lap,MAL07415,train
lap,MAL07416,train
lap,MAL07419,train
lap,MAL07420,validation
lap,MAL07423,train
lap,MAL07427,test
lap,MAL07430,train
lap,MAL07435,train
lap,MAL07436,train
lap,MAL07445,train
lap,MAL07446,train
lap,MAL07448,test
lap,MAL07450,validation
lap,MAL07451,train
lap,MAL07452,train
lap,MAL07455,train
lap,MAL07456,train
lap,MAL07458,train
lap,MAL07459,validation
lap,MAL07461,train
lap,MAL07463,train
lap,MAL07465,test
lap,MAL07466,train
lap,MAL07468,validation
lap,MAL07471,train
lap,MAL07472,train
lap,MAL07473,train
lap,MAL07475,train
lap,MAL07477,train
lap,MAL07479,train
lap,MAL07482,train
lap,MAL07485,validation
lap,MAL07488,train
lap,MAL07491,train
lap,MAL07494,test
lap,MAL07495,train
lap,MAL07496,train
lap,MAL07497,test
lap,MAL07498,train
lap,MAL07501,train
lap,MAL07504,train
lap,MAL07505,train
lap,MAL07510,test
lap,MAL07511,train
lap,MAL07512,train
lap,MAL07518,test
lap,MAL07522,test
lap,MAL07523,train
lap,MAL07524,train
lap,MAL07525,train
lap,MAL07526,train
lap,MAL07528,train
lap,MAL07529,train
lap,MAL07530,train
lap,MAL07531,train
lap,MAL07532,train
lap,MAL07536,train
lap,MAL07547,train
lap,MAL07549,train
lap,MAL07550,train
lap,MAL07551,train
lap,MAL07559,train
lap,MAL07561,train
lap,MAL07568,validation
lap,MAL07569,train
lap,MAL07573,train
lap,MAL07575,train
lap,MAL07578,train
lap,MAL07579,train
lap,MAL07580,validation
lap,MAL07581,train
lap,MAL07582,test
lap,MAL07583,train
lap,MAL07588,train
lap,MAL07590,test
lap,MAL07591,train
lap,MAL07592,train
lap,MAL07593,train
lap,MAL07596,train
lap,MAL07597,train
lap,MAL07598,train
lap,MAL07601,test
lap,MAL07605,train
lap,MAL07610,validation
lap,MAL07611,train
lap,MAL07612,train
lap,MAL07616,train
lap,MAL07617,train
lap,MAL07619,train
lap,MAL07621,train
lap,MAL07625,test
lap,MAL07626,validation
lap,MAL07627,train
lap,MAL07629,train
lap,MAL07633,train
lap,MAL07639,train
lap,MAL07643,train
lap,MAL07645,validation
lap,MAL07646,train
lap,MAL07647,test
lap,MAL07651,train
lap,MAL07655,validation
lap,MAL07659,train
lap,MAL07661,train
lap,MAL07662,train
lap,MAL07664,train
lap,MAL07666,train
lap,MAL07667,train
lap,MAL07668,test
lap,MAL07669,train
lap,MAL07674,train
lap,MAL07681,train
lap,MAL07683,test
lap,MAL07691,train
lap,MAL07695,train
lap,MAL07696,train
lap,MAL07697,train
lap,MAL07698,train
lap,MAL07705,test
lap,MAL07708,train
lap,MAL07709,train
lap,MAL07711,train
lap,MAL07712,validation
lap,MAL07713,validation
lap,MAL07715,train
lap,MAL07718,train
lap,MAL07720,test
lap,MAL07721,train
lap,MAL07723,train
lap,MAL07724,train
lap,MAL07728,train
lap,MAL07729,validation
lap,MAL07730,train
lap,MAL07739,validation
lap,MAL07740,train
lap,MAL07744,test
lap,MAL07745,train
lap,MAL07748,train
lap,MAL07750,train
lap,MAL07751,train
lap,MAL07752,train
lap,MAL07759,validation
lap,MAL07761,train
lap,MAL07762,test
lap,MAL07768,test
lap,MAL07769,train
lap,MAL07770,train
lap,MAL07771,test
lap,MAL07774,test
lap,MAL07775,train
lap,MAL07779,train
lap,MAL07781,train
lap,MAL07782,train
lap,MAL07785,train
lap,MAL07786,train
lap,MAL07791,train
lap,MAL07793,train
lap,MAL07803,validation
lap,MAL07805,train
lap,MAL07807,train
lap,MAL07808,train
lap,MAL07809,train
lap,MAL07810,test
lap,MAL07811,train
lap,MAL07816,train
lap,MAL07817,test
lap,MAL07818,train
lap,MAL07836,train
lap,MAL07843,train
lap,MAL07844,train
lap,MAL07845,train
lap,MAL07856,test
lap,MAL07857,train
lap,MAL07858,train
lap,MAL07862,train
lap,MAL07864,train
lap,MAL07867,train
lap,MAL07870,train
lap,MAL07875,validation
lap,MAL07876,validation
lap,MAL07877,test
lap,MAL07882,test
lap,MAL07897,validation
lap,MAL07900,train
lap,MAL07902,train
lap,MAL07908,train
lap,MAL07914,test
lap,MAL07915,train
lap,MAL07939,train
lap,MAL07953,train
lap,MAL07955,train
lap,MAL07956,train
lap,MAL07960,train
lap,MAL07967,train
lap,MAL07969,train
lap,MAL07972,test
lap,MAL07980,validation
lap,MAL07981,train
lap,MAL07982,train
lap,MAL07985,train
lap,MAL08011,train
lap,MAL08017,train
lap,MAL08022,train
lap,MAL08023,train
lap,MAL08025,train
lap,MAL08026,validation
lap,MAL08038,train
lap,MAL08039,train
lap,MAL08041,train
lap,MAL08057,train
lap,MAL08062,train
lap,MAL08063,validation
lap,MAL08064,train
lap,MAL08065,train
lap,MAL08068,validation
lap,MAL08074,train
lap,MAL08078,train
lap,MAL08079,train
lap,MAL08081,train
lap,MAL08086,train
lap,MAL08092,train
lap,MAL08097,validation
lap,MAL08098,train
lap,MAL08100,train
lap,MAL08101,train
lap,MAL08108,validation
lap,MAL08109,test
lap,MAL08110,train
lap,MAL08111,train
lap,MAL08115,test
lap,MAL08120,train
lap,MAL08123,train
lap,MAL08129,test
lap,MAL08130,train
lap,MAL08132,test
lap,MAL08133,train
lap,MAL08134,train
lap,MAL08139,validation
lap,MAL08140,train
lap,MAL08141,train
lap,MAL08142,train
lap,MAL08143,train
lap,MAL08145,train
lap,MAL08146,train
lap,MAL08149,validation
lap,MAL08150,train
lap,MAL08152,train
lap,MAL08153,validation
lap,MAL08154,train
lap,MAL08155,train
lap,MAL08156,train
lap,MAL08157,train
lap,MAL08158,train
lap,MAL08162,train
lap,MAL08171,train
lap,MAL08176,train
lap,MAL08178,train
lap,MAL08179,test
lap,MAL08180,train
lap,MAL08181,test
lap,MAL08182,train
lap,MAL08183,train
lap,MAL08184,train
lap,MAL08187,test
lap,MAL08189,train
lap,MAL08190,test
lap,MAL08191,train
lap,MAL08194,test
lap,MAL08195,train
lap,MAL08196,train
lap,MAL08197,train
lap,MAL08205,train
lap,MAL08206,train
lap,MAL08208,train
lap,MAL08211,train
lap,MAL08213,train
lap,MAL08214,validation
lap,MAL08215,train
lap,MAL08216,train
lap,MAL08217,train
lap,MAL08218,train
lap,MAL08220,test
lap,MAL08226,train
lap,MAL08227,validation
lap,MAL08228,test
lap,MAL08229,train
lap,MAL08230,train
lap,MAL08231,train
lap,MAL08233,train
lap,MAL08234,train
lap,MAL08235,train
lap,MAL08239,train
lap,MAL08240,train
lap,MAL08241,train
lap,MAL08243,train
lap,MAL08244,train
lap,MAL08245,validation
lap,MAL08246,test
lap,MAL08247,train
lap,MAL08248,train
lap,MAL08249,test
lap,MAL08250,train
lap,MAL08252,train
lap,MAL08258,train
lap,MAL08275,train
lap,MAL08277,test
lap,MAL08278,train
lap,MAL08285,train
lap,MAL08287,train
lap,MAL08289,train
lap,MAL08290,train
lap,MAL08291,train
lap,MAL08292,train
lap,MAL08293,test
lap,MAL08294,train
lap,MAL08297,train
lap,MAL08302,train
lap,MAL08304,train
lap,MAL08310,train
lap,MAL08311,train
lap,MAL08312,test
lap,MAL08316,train
lap,MAL08317,train
lap,MAL08324,train
lap,MAL08331,train
lap,MAL08332,test
lap,MAL08333,train
lap,MAL08336,train
lap,MAL08337,train
lap,MAL08339,train
lap,MAL08345,train
lap,MAL08346,test
lap,MAL08348,test
lap,MAL08353,train
lap,MAL08355,train
lap,MAL08356,train
lap,MAL08357,validation
lap,MAL08358,train
lap,MAL08359,train
lap,MAL08360,train
lap,MAL08361,train
lap,MAL08362,train
lap,MAL08363,train
lap,MAL08364,train
lap,MAL08365,test
lap,MAL08366,train
lap,MAL08367,validation
lap,MAL08368,validation
lap,MAL08369,train
lap,MAL08372,test
lap,MAL08373,test
lap,MAL08375,train
lap,MAL08394,test
lap,MAL08403,train
lap,MAL08407,train
lap,MAL08408,train
lap,MAL08409,validation
lap,MAL08410,train
lap,MAL08415,test
lap,MAL08416,train
lap,MAL08417,test
lap,MAL08422,train
lap,MAL08424,train
lap,MAL08425,test
lap,MAL08426,train
lap,MAL08431,train
lap,MAL08436,train
lap,MAL08438,validation
lap,MAL08440,test
lap,MAL08442,test
lap,MAL08443,train
lap,MAL08446,train
lap,MAL08449,train
lap,MAL08450,train
lap,MAL08451,train
lap,MAL08456,validation
lap,MAL08457,train
lap,MAL08460,test
lap,MAL08464,train
lap,MAL08465,train
lap,MAL08471,train
lap,MAL08475,validation
lap,MAL08476,train
lap,MAL08478,train
lap,MAL08479,train
lap,MAL08481,train
lap,MAL08486,train
lap,MAL08487,train
lap,MAL08490,train
lap,MAL08491,train
lap,MAL08492,train
lap,MAL08493,validation
lap,MAL08494,test
lap,MAL08495,train
lap,MAL08496,test
lap,MAL08500,train
lap,MAL08501,train
lap,MAL08503,test
lap,MAL08507,train
lap,MAL08514,train
lap,MAL08516,test
lap,MAL08518,train
lap,MAL08520,train
lap,MAL08521,validation
lap,MAL08523,train
lap,MAL08524,test
lap,MAL08525,test
lap,MAL08526,train
lap,MAL08532,train
lap,MAL08533,train
lap,MAL08536,train
lap,MAL08538,test
lap,MAL08539,train
lap,MAL08542,train
lap,MAL08546,train
lap,MAL08547,train
lap,MAL08548,train
lap,MAL08550,test
lap,MAL08551,test
lap,MAL08553,train
lap,MAL08554,train
lap,MAL08557,train
lap,MAL08560,test
lap,MAL08561,test
lap,MAL08563,train
lap,MAL08567,train
lap,MAL08574,train
lap,MAL08577,train
lap,MAL08584,train
lap,MAL08595,train
lap,MAL08598,test
lap,MAL08599,train
lap,MAL08603,train
lap,MAL08604,test
lap,MAL08609,train
lap,MAL08619,train
lap,MAL08624,train
lap,MAL08626,validation
lap,MAL08628,train
lap,MAL08630,train
lap,MAL08631,train
lap,MAL08632,train
lap,MAL08634,train
lap,MAL08635,train
lap,MAL08643,train
lap,MAL08644,train
lap,MAL08645,test
lap,MAL08646,train
lap,MAL08647,train
lap,MAL08648,train
lap,MAL08651,train
lap,MAL08652,test
lap,MAL08653,train
lap,MAL08654,test
lap,MAL08655,train
lap,MAL08659,train
lap,MAL08660,train
lap,MAL08661,train
lap,MAL08663,train
lap,MAL08664,train
lap,MAL08666,test
lap,MAL08667,train
lap,MAL08669,train
lap,MAL08670,validation
lap,MAL08671,train
lap,MAL08675,train
lap,MAL08676,train
lap,MAL08677,train
lap,MAL08678,train
lap,MAL08679,train
lap,MAL08681,train
lap,MAL08682,train
lap,MAL08685,train
lap,MAL08687,train
lap,MAL08689,validation
lap,MAL08696,train
lap,MAL08697,test
lap,MAL08701,validation
lap,MAL08704,train
lap,MAL08705,train
lap,MAL08706,train
lap,MAL08707,train
lap,MAL08709,test
lap,MAL08713,train
lap,MAL08716,train
lap,MAL08717,train
lap,MAL08718,validation
lap,MAL08719,train
lap,MAL08722,test
lap,MAL08723,train
lap,MAL08724,train
lap,MAL08726,train
lap,MAL08728,train
lap,MAL08729,train
lap,MAL08730,train
lap,MAL08731,train
lap,MAL08732,train
lap,MAL08733,validation
lap,MAL08740,train
lap,MAL08743,train
lap,MAL08745,train
lap,MAL08749,train
lap,MAL08751,test
lap,MAL08752,train
lap,MAL08753,train
lap,MAL08754,train
lap,MAL08756,train
lap,MAL08763,train
lap,MAL08764,validation
lap,MAL08765,validation
lap,MAL08768,train
lap,MAL08769,train
lap,MAL08772,train
lap,MAL08773,train
lap,MAL08774,train
lap,MAL08777,train
lap,MAL08778,train
lap,MAL08782,validation
lap,MAL08783,test
lap,MAL08786,train
lap,MAL08792,train
lap,MAL08795,train
lap,MAL08799,train
lap,MAL08800,test
lap,MAL08812,train
lap,MAL08815,test
lap,MAL08829,train
lap,MAL08832,test
lap,MAL08837,train
lap,MAL08839,train
lap,MAL08841,train
lap,MAL08842,train
lap,MAL08848,train
lap,MAL08853,train
lap,MAL08855,train
lap,MAL08857,train
lap,MAL08861,train
lap,MAL08862,train
lap,MAL08876,validation
lap,MAL08879,train
lap,MAL08883,train
lap,MAL08888,train
lap,MAL08889,train
lap,MAL08890,train
lap,MAL08891,train
lap,MAL08894,train
lap,MAL08896,train
lap,MAL08897,train
lap,MAL08898,test
lap,MAL08899,train
lap,MAL08900,train
lap,MAL08908,test
lap,MAL08909,test
lap,MAL08915,validation
lap,MAL08917,train
lap,MAL08918,train
lap,MAL08919,validation
lap,MAL08920,train
lap,MAL08921,train
lap,MAL08925,train
lap,MAL08928,train
lap,MAL08934,train
lap,MAL08935,train
lap,MAL08936,train
lap,MAL08937,train
lap,MAL08939,validation
lap,MAL08949,train
lap,MAL08952,train
lap,MAL08953,validation
lap,MAL08955,validation
lap,MAL08956,train
lap,MAL08957,train
lap,MAL08958,train
lap,MAL08959,train
lap,MAL08960,train
lap,MAL08963,train
lap,MAL08964,train
lap,MAL08965,test
lap,MAL08966,train
lap,MAL08967,test
lap,MAL08968,test
lap,MAL08972,train
lap,MAL08985,train
lap,MAL08986,test
lap,MAL08987,validation
lap,MAL08993,train
lap,MAL08995,train
lap,MAL08999,train
lap,MAL09000,test
lap,MAL09001,train
lap,MAL09002,train
lap,MAL09005,train
lap,MAL09006,train
lap,MAL09007,train
lap,MAL09008,test
lap,MAL09009,train
lap,MAL09013,train
lap,MAL09014,test
lap,MAL09015,train
lap,MAL09023,train
lap,MAL09028,train
lap,MAL09032,train
lap,MAL09035,train
lap,MAL09040,test
lap,MAL09041,train
lap,MAL09043,train
lap,MAL09045,train
lap,MAL09047,train
lap,MAL09053,train
lap,MAL09055,train
lap,MAL09056,train
lap,MAL09061,train
lap,MAL09063,train
lap,MAL09065,train
lap,MAL09070,validation
lap,MAL09074,train
lap,MAL09077,train
lap,MAL09078,train
lap,MAL09087,test
lap,MAL09088,train
lap,MAL09091,train
lap,MAL09095,train
lap,MAL09098,train
lap,MAL09100,train
lap,MAL09106,validation
lap,MAL09107,train
lap,MAL09117,train
lap,MAL09119,train
lap,MAL09120,train
lap,MAL09121,train
lap,MAL09127,train
lap,MAL09130,train
lap,MAL09135,train
lap,MAL09136,train
lap,MAL09154,train
lap,MAL09159,train
lap,MAL09163,train
lap,MAL09164,train
lap,MAL09165,validation
lap,MAL09166,train
lap,MAL09167,train
lap,MAL09170,test
lap,MAL09172,test
lap,MAL09175,train
lap,MAL09177,train
lap,MAL09181,train
lap,MAL09201,train
lap,MAL09202,train
lap,MAL09203,train
lap,MAL09204,train
lap,MAL09205,train
lap,MAL09211,train
lap,MAL09212,train
lap,MAL09213,train
lap,MAL09220,train
lap,MAL09221,train
lap,MAL09228,train
lap,MAL09232,train
lap,MAL09239,train
lap,MAL09241,train
lap,MAL09242,train
lap,MAL09243,train
lap,MAL09244,train
lap,MAL09252,train
lap,MAL09253,validation
lap,MAL09254,train
lap,MAL09257,train
lap,MAL09260,test
lap,MAL09264,train
lap,MAL09270,train
lap,MAL09279,test
lap,MAL09282,train
lap,MAL09284,train
lap,MAL09287,train
lap,MAL09288,test
lap,MAL09289,train
lap,MAL09291,train
lap,MAL09292,train
lap,MAL09303,train
lap,MAL09304,test
lap,MAL09308,train
lap,MAL09309,train
lap,MAL09310,train
lap,MAL09311,train
lap,MAL09312,train
lap,MAL09314,train
lap,MAL09316,train
lap,MAL09317,train
lap,MAL09318,train
lap,MAL09322,train
lap,MAL09324,train
lap,MAL09325,validation
lap,MAL09326,train
lap,MAL09327,validation
lap,MAL09328,train
lap,MAL09330,test
lap,MAL09331,train
lap,MAL09332,train
lap,MAL09333,train
lap,MAL09334,train
lap,MAL09335,train
lap,MAL09337,train
lap,MAL09338,train
lap,MAL09339,train
lap,MAL09340,train
lap,MAL09341,train
lap,MAL09342,test
lap,MAL09343,validation
lap,MAL09344,train
lap,MAL09345,validation
lap,MAL09346,train
lap,MAL09347,train
lap,MAL09348,train
lap,MAL09349,train
lap,MAL09351,train
lap,MAL09352,validation
lap,MAL09353,train
lap,MAL09355,train
lap,MAL09356,test
lap,MAL09361,test
lap,MAL09362,train
lap,MAL09365,train
lap,MAL09366,validation
lap,MAL09367,train
lap,MAL09371,test
lap,MAL09375,train
lap,MAL09376,train
lap,MAL09379,train
lap,MAL09383,test
lap,MAL09385,test
lap,MAL09387,test
lap,MAL09389,train
lap,MAL09390,test
lap,MAL09391,train
lap,MAL09392,train
lap,MAL09393,train
lap,MAL09395,train
lap,MAL09396,train
lap,MAL09403,train
lap,MAL09404,train
lap,MAL09409,train
lap,MAL09416,train
lap,MAL09417,train
lap,MAL09421,train
lap,MAL09423,train
lap,MAL09424,train
lap,MAL09426,train
lap,MAL09433,train
lap,MAL09434,train
lap,MAL09435,validation
lap,MAL09438,validation
lap,MAL09441,test
lap,MAL09442,test
lap,MAL09445,train
lap,MAL09446,train
lap,MAL09447,train
lap,MAL09451,train
lap,MAL09455,train
lap,MAL09464,train
lap,MAL09465,train
lap,MAL09467,train
lap,MAL09471,train
lap,MAL09479,train
lap,MAL09486,train
lap,MAL09487,train
lap,MAL09488,test
lap,MAL09491,train
lap,MAL09493,train
lap,MAL09494,train
lap,MAL09495,validation
lap,MAL09496,train
lap,MAL09498,train
lap,MAL09499,train
lap,MAL09500,train
lap,MAL09501,train
lap,MAL09502,train
lap,MAL09503,train
lap,MAL09504,train
lap,MAL09506,train
lap,MAL09507,test
lap,MAL09509,train
lap,MAL09510,test
lap,MAL09513,train
lap,MAL09515,train
lap,MAL09518,train
lap,MAL09519,validation
lap,MAL09520,train
lap,MAL09521,train
lap,MAL09522,test
lap,MAL09523,train
lap,MAL09525,train
lap,MAL09526,train
lap,MAL09528,train
lap,MAL09531,train
lap,MAL09533,train
lap,MAL09535,train
lap,MAL09536,train
lap,MAL09539,train
lap,MAL09540,train
lap,MAL09542,train
lap,MAL09544,train
lap,MAL09545,train
lap,MAL09546,test
lap,MAL09547,train
lap,MAL09549,train
lap,MAL09558,train
lap,MAL09561,train
lap,MAL09562,train
lap,MAL09566,train
lap,MAL09575,train
lap,MAL09581,train
lap,MAL09584,train
lap,MAL09587,train
lap,MAL09588,train
lap,MAL09591,test
lap,MAL09595,train
lap,MAL09598,train
lap,MAL09599,train
lap,MAL09600,train
lap,MAL09606,train
lap,MAL09608,train
lap,MAL09611,train
lap,MAL09613,train
lap,MAL09617,train
lap,MAL09618,train
lap,MAL09624,test
lap,MAL09627,train
lap,MAL09629,train
lap,MAL09630,validation
lap,MAL09638,train
lap,MAL09645,train
lap,MAL09646,test
lap,MAL09650,train
lap,MAL09656,train
lap,MAL09662,train
lap,MAL09665,train
lap,MAL09667,train
lap,MAL09673,train
lap,MAL09675,train
lap,MAL09689,train
lap,MAL09690,train
lap,MAL09691,train
lap,MAL09693,train
lap,MAL09706,train
lap,MAL09708,test
lap,MAL09712,train
lap,MAL09716,train
lap,MAL09718,train
lap,MAL09721,test
lap,MAL09724,train
lap,MAL09731,train
lap,MAL09732,train
lap,MAL09733,train
lap,MAL09734,train
lap,MAL09735,validation
lap,MAL09736,train
lap,MAL09737,test
lap,MAL09741,train
lap,MAL09744,train
lap,MAL09745,validation
lap,MAL09748,train
lap,MAL09749,train
lap,MAL09750,train
lap,MAL09751,train
lap,MAL09754,train
lap,MAL09756,train
lap,MAL09759,train
lap,MAL09760,train
lap,MAL09761,test
lap,MAL09768,train
lap,MAL09770,train
lap,MAL09773,validation
lap,MAL09774,train
lap,MAL09776,test
lap,MAL09777,train
lap,MAL09778,train
lap,MAL09781,train
lap,MAL09782,train
lap,MAL09785,validation
lap,MAL09786,train
lap,MAL09789,train
lap,MAL09790,train
lap,MAL09792,train
lap,MAL09793,train
lap,MAL09794,train
lap,MAL09795,validation
lap,MAL09796,validation
lap,MAL09798,train
lap,MAL09799,train
lap,MAL09801,validation
lap,MAL09806,train
lap,MAL09807,train
lap,MAL09810,train
lap,MAL09811,train
lap,MAL09812,train
lap,MAL09817,train
lap,MAL09818,train
lap,MAL09819,train
lap,MAL09821,validation
lap,MAL09822,train
lap,MAL09824,train
lap,MAL09825,train
lap,MAL09826,validation
lap,MAL09829,train
lap,MAL09832,train
lap,MAL09834,test
lap,MAL09837,train
lap,MAL09846,test
lap,MAL09849,train
lap,MAL09850,test
lap,MAL09851,validation
lap,MAL09855,train
lap,MAL09856,train
lap,MAL09858,train
lap,MAL09861,train
lap,MAL09862,train
lap,MAL09863,train
lap,MAL09865,test
lap,MAL09866,test
lap,MAL09868,train
lap,MAL09869,test
lap,MAL09874,train
lap,MAL09875,train
lap,MAL09878,train
lap,MAL09879,train
lap,MAL09880,train
lap,MAL09881,train
lap,MAL09882,train
lap,MAL09883,validation
lap,MAL09884,train
lap,MAL09885,train
lap,MAL09886,train
lap,MAL09887,train
lap,MAL09888,train
lap,MAL09890,validation
lap,MAL09893,train
lap,MAL09895,train
lap,MAL09900,train
lap,MAL09902,validation
lap,MAL09903,test
lap,MAL09904,train
lap,MAL09905,validation
lap,MAL09906,train
lap,MAL09907,train
lap,MAL09910,validation
lap,MAL09911,train
lap,MAL09916,train
lap,MAL09917,test
lap,MAL09919,train
lap,MAL09922,train
lap,MAL09924,train
lap,MAL09925,train
lap,MAL09926,train
lap,MAL09930,train
lap,MAL09931,train
lap,MAL09934,train
lap,MAL09935,validation
lap,MAL09936,train
lap,MAL09938,train
lap,MAL09939,validation
lap,MAL09940,train
lap,MAL09941,train
lap,MAL09943,train
lap,MAL09944,train
lap,MAL09947,train
lap,MAL09948,train
lap,MAL09949,test
lap,MAL09950,train
lap,MAL09951,train
lap,MAL09952,train
lap,MAL09955,train
lap,MAL09956,test
lap,MAL09957,test
lap,MAL09958,train
lap,MAL09959,train
lap,MAL09963,train
lap,MAL09965,train
lap,MAL09968,test
lap,MAL09969,test
lap,MAL09970,test
lap,MAL09972,test
lap,MAL09973,validation
lap,MAL09976,train
lap,MAL09978,validation
lap,MAL09979,train
lap,MAL09981,train
lap,MAL09982,train
lap,MAL09988,train
lap,MAL09989,train
lap,MAL09990,test
lap,MAL09991,validation
lap,MAL09993,train
lap,MAL09996,train
lap,MAL09998,train
lap,MAL09999,train
lap,MAL10003,train
lap,MAL10005,train
lap,MAL10012,train
lap,MAL10013,train
lap,MAL10014,train
lap,MAL10015,train
lap,MAL10016,train
lap,MAL10017,train
lap,MAL10020,train
lap,MAL10029,validation
lap,MAL10030,validation
lap,MAL10033,train
lap,MAL10036,train
lap,MAL10040,test
lap,MAL10043,train
lap,MAL10044,validation
lap,MAL10045,train
lap,MAL10048,train
lap,MAL10049,train
lap,MAL10050,train
lap,MAL10055,train
lap,MAL10056,test
lap,MAL10057,train
lap,MAL10058,train
lap,MAL10059,test
lap,MAL10060,train
lap,MAL10061,train
lap,MAL10067,test
lap,MAL10073,train
lap,MAL10074,train
lap,MAL10075,train
lap,MAL10076,train
lap,MAL10077,train
lap,MAL10079,train
lap,MAL10080,train
lap,MAL10083,train
lap,MAL10087,train
lap,MAL10092,test
lap,MAL10101,train
lap,MAL10104,train
lap,MAL10105,train
lap,MAL10106,train
lap,MAL10108,train
lap,MAL10109,train
lap,MAL10110,train
lap,MAL10112,train
lap,MAL10113,train
lap,MAL10114,train
lap,MAL10115,train
lap,MAL10116,validation
lap,MAL10118,validation
lap,MAL10119,test
lap,MAL10122,test
lap,MAL10132,train
lap,MAL10135,train
lap,MAL10136,train
lap,MAL10137,train
lap,MAL10138,train
lap,MAL10139,train
lap,MAL10149,train
lap,MAL10152,train
lap,MAL10153,train
lap,MAL10155,train
lap,MAL10156,test
lap,MAL10161,validation
lap,MAL10162,test
lap,MAL10163,train
lap,MAL10165,train
lap,MAL10177,train
lap,MAL10178,train
lap,MAL10180,train
lap,MAL10187,test
lap,MAL10189,train
lap,MAL10191,train
lap,MAL10194,validation
lap,MAL10196,train
lap,MAL10197,train
lap,MAL10199,train
lap,MAL10200,train
lap,MAL10201,train
lap,MAL10202,train
lap,MAL10203,train
lap,MAL10207,train
lap,MAL10209,train
lap,MAL10210,train
lap,MAL10213,train
lap,MAL10216,train
lap,MAL10217,test
lap,MAL10218,train
lap,MAL10219,train
lap,MAL10224,validation
lap,MAL10232,train
lap,MAL10236,train
lap,MAL10237,validation
lap,MAL10238,test
lap,MAL10239,test
lap,MAL10241,test
lap,MAL10242,test
lap,MAL10244,train
lap,MAL10245,test
lap,MAL10246,train
lap,MAL10249,train
lap,MAL10250,train
lap,MAL10256,train
lap,MAL10257,train
lap,MAL10258,train
lap,MAL10259,train
lap,MAL10260,train
lap,MAL10261,train
lap,MAL10262,train
lap,MAL10263,test
lap,MAL10271,test
lap,MAL10276,train
lap,MAL10278,train
lap,MAL10280,validation
lap,MAL10282,train
lap,MAL10285,train
lap,MAL10286,train
lap,MAL10294,train
lap,MAL10297,train
lap,MAL10298,test
lap,MAL10304,train
lap,MAL10306,train
lap,MAL10308,train
lap,MAL10313,train
lap,MAL10319,validation
lap,MAL10321,train
lap,MAL10323,train
lap,MAL10324,train
lap,MAL10325,train
lap,MAL10327,train
lap,MAL10330,train
lap,MAL10334,train
lap,MAL10335,train
lap,MAL10336,train
lap,MAL10338,train
lap,MAL10342,train
lap,MAL10346,validation
lap,MAL10347,train
lap,MAL10348,train
lap,MAL10349,train
lap,MAL10350,test
lap,MAL10351,train
lap,MAL10353,train
lap,MAL10354,test
lap,MAL10355,train
lap,MAL10357,train
lap,MAL10359,train
lap,MAL10360,train
lap,MAL10361,train
lap,MAL10368,train
lap,MAL10369,validation
lap,MAL10370,test
lap,MAL10372,train
lap,MAL10373,validation
lap,MAL10375,train
lap,MAL10378,test
lap,MAL10379,train
lap,MAL10380,train
lap,MAL10384,test
lap,MAL10389,train
lap,MAL10390,train
lap,MAL10391,train
lap,MAL10392,train
lap,MAL10396,validation
lap,MAL10397,train
lap,MAL10405,validation
lap,MAL10406,train
lap,MAL10407,train
lap,MAL10408,train
lap,MAL10409,train
lap,MAL10417,train
lap,MAL10418,train
lap,MAL10419,train
lap,MAL10420,train
lap,MAL10421,train
lap,MAL10424,train
lap,MAL10429,train
lap,MAL10431,train
lap,MAL10435,train
lap,MAL10436,train
lap,MAL10444,test
lap,MAL10445,train
lap,MAL10447,train
lap,MAL10448,train
lap,MAL10456,validation
lap,MAL10457,train
lap,MAL10458,train
lap,MAL10459,validation
lap,MAL10460,train
lap,MAL10463,train
lap,MAL10464,train
lap,MAL10465,train
lap,MAL10466,train
lap,MAL10469,train
lap,MAL10470,train
lap,MAL10479,train
lap,MAL10481,train
lap,MAL10483,train
lap,MAL10488,train
lap,MAL10490,train
lap,MAL10491,validation
lap,MAL10495,train
lap,MAL10499,train
lap,MAL10500,test
lap,MAL10501,test
lap,MAL10502,train
lap,MAL10504,test
lap,MAL10506,train
lap,MAL10507,validation
lap,MAL10509,train
lap,MAL10511,train
lap,MAL10513,test
lap,MAL10516,train
lap,MAL10519,train
lap,MAL10521,train
lap,MAL10524,train
lap,MAL10525,validation
lap,MAL10526,train
lap,MAL10527,train
lap,MAL10528,test
lap,MAL10531,train
lap,MAL10532,validation
lap,MAL10533,train
lap,MAL10534,train
lap,MAL10536,train
lap,MAL10539,train
lap,MAL10540,train
lap,MAL10541,train
lap,MAL10545,train
lap,MAL10546,train
lap,MAL10547,train
lap,MAL10549,train
lap,MAL10552,train
lap,MAL10553,train
lap,MAL10554,train
lap,MAL10562,train
lap,MAL10563,train
lap,MAL10564,test
lap,MAL10568,train
lap,MAL10570,train
lap,MAL10572,validation
lap,MAL10573,validation
lap,MAL10575,validation
lap,MAL10578,train
lap,MAL10581,train
lap,MAL10582,validation
lap,MAL10585,train
lap,MAL10586,train
lap,MAL10588,test
lap,MAL10589,train
lap,MAL10590,train
lap,MAL10592,validation
lap,MAL10594,train
lap,MAL10595,validation
lap,MAL10602,train
lap,MAL10603,test
lap,MAL10607,train
lap,MAL10611,train
lap,MAL10620,train
lap,MAL10623,train
lap,MAL10624,validation
lap,MAL10627,train
lap,MAL10628,train
lap,MAL10629,validation
lap,MAL10633,train
lap,MAL10638,train
lap,MAL10639,train
lap,MAL10643,validation
lap,MAL10647,train
lap,MAL10648,validation
lap,MAL10653,test
lap,MAL10659,train
lap,MAL10666,train
lap,MAL10668,test
lap,MAL10671,train
lap,MAL10674,train
lap,MAL10679,train
lap,MAL10681,test
lap,MAL10683,test
lap,MAL10684,train
lap,MAL10685,test
lap,MAL10686,test
lap,MAL10687,train
lap,MAL10688,train
lap,MAL10689,train
lap,MAL10690,train
lap,MAL10691,train
lap,MAL10694,train
lap,MAL10695,train
lap,MAL10697,validation
lap,MAL10701,train
lap,MAL10702,test
lap,MAL10703,train
lap,MAL10705,train
lap,MAL10706,train
lap,MAL10709,train
lap,MAL10710,train
lap,MAL10711,train
lap,MAL10713,train
lap,MAL10714,train
lap,MAL10715,train
lap,MAL10716,train
lap,MAL10717,train
lap,MAL10718,train
lap,MAL10719,validation
lap,MAL10720,validation
lap,MAL10721,test
lap,MAL10723,train
lap,MAL10728,train
lap,MAL10731,train
lap,MAL10732,train
lap,MAL10735,train
lap,MAL10736,validation
lap,MAL10737,train
lap,MAL10739,train
lap,MAL10740,train
lap,MAL10741,train
lap,MAL10742,train
lap,MAL10751,train
lap,MAL10755,test
lap,MAL10760,train
lap,MAL10763,train
lap,MAL10764,train
lap,MAL10766,train
lap,MAL10770,train
lap,MAL10774,train
lap,MAL10775,train
lap,MAL10779,test
lap,MAL10780,train
lap,MAL10790,train
lap,MAL10792,train
lap,MAL10793,train
lap,MAL10794,test
lap,MAL10796,test
lap,MAL10797,train
lap,MAL10798,train
lap,MAL10799,train
lap,MAL10800,train
lap,MAL10801,test
lap,MAL10802,train
lap,MAL10805,test
lap,MAL10807,train
lap,MAL10808,test
lap,MAL10810,train
lap,MAL10812,validation
lap,MAL10813,train
lap,MAL10815,train
lap,MAL10819,train
lap,MAL10820,test
lap,MAL10821,train
lap,MAL10822,train
lap,MAL10823,validation
lap,MAL10824,validation
lap,MAL10825,train
lap,MAL10827,test
lap,MAL10832,test
lap,MAL10834,train
lap,MAL10838,train
lap,MAL10842,train
lap,MAL10847,train
lap,MAL10849,train
lap,MAL10850,test
lap,MAL10851,train
lap,MAL10852,train
lap,MAL10855,train
lap,MAL10856,train
lap,MAL10859,train
lap,MAL10862,train
lap,MAL10863,train
lap,MAL10869,test
lap,MAL10870,test
lap,MAL10882,train
lap,MAL10884,train
lap,MAL10886,train
lap,MAL10887,train
lap,MAL10889,train
lap,MAL10897,validation
lap,MAL10901,train
lap,MAL10904,train
lap,MAL10905,train
lap,MAL10906,train
lap,MAL10908,test
lap,MAL10909,train
lap,MAL10916,test
lap,MAL10917,train
lap,MAL10918,train
lap,MAL10923,train
lap,MAL10924,test
lap,MAL10928,train
lap,MAL10933,test
lap,MAL10934,train
lap,MAL10935,validation
lap,MAL10936,train
lap,MAL10937,train
lap,MAL10938,train
lap,MAL10941,train
lap,MAL10943,train
lap,MAL10947,train
lap,MAL10949,train
lap,MAL10950,test
lap,MAL10953,test
lap,MAL10954,train
lap,MAL10958,train
lap,MAL10964,train
lap,MAL10965,validation
lap,MAL10967,test
lap,MAL10979,test
lap,MAL10987,train
lap,MAL10989,train
lap,MAL10995,train
lap,MAL10997,train
lap,MAL10999,train
lap,MAL11001,train
lap,MAL11005,train
lap,MAL11009,train
lap,MAL11013,train
lap,MAL11017,train
lap,MAL11019,train
lap,MAL11021,train
lap,MAL11031,train
lap,MAL11033,train
lap,MAL11043,train
lap,MAL11049,train
lap,MAL11053,train
lap,MAL11061,test
lap,MAL11065,validation
lap,MAL11067,train
lap,MAL11069,train
lap,MAL11073,train
lap,MAL11077,train
lap,MAL11079,train
lap,MAL11083,train
lap,MAL11087,train
lap,MAL11093,train
lap,MAL11095,validation
lap,MAL11097,train
lap,MAL11101,train
lap,MAL11103,validation
lap,MAL11111,test
lap,MAL11113,train
lap,MAL11123,test
lap,MAL11135,train
lap,MAL11141,train
lap,MAL11161,train
lap,MAL11177,test
lap,MAL11179,train
lap,MAL11185,test
lap,MAL11189,train
lap,MAL11197,test
lap,MAL11203,train
lap,MAL11209,train
lap,MAL11213,train
lap,MAL11221,test
lap,MAL11227,train
lap,MAL11235,train
lap,MAL11237,train
lap,MAL11239,train
lap,MAL11241,train
lap,MAL11245,train
lap,MAL11255,train
lap,MAL11266,train
lap,MAL11268,train
lap,MAL11269,train
lap,MAL11275,train
lap,MAL11281,train
lap,MAL11285,train
lap,MAL11307,train
lap,MAL11313,train
lap,MAL11319,train
lap,MAL11321,train
lap,MAL11339,train
lap,MAL11341,train
lap,MAL11349,train
lap,MAL11355,train
lap,MAL11357,train
lap,MAL11359,validation
lap,MAL11371,train
lap,MAL11375,train
lap,MAL11385,train
lap,MAL11389,train
lap,MAL11405,validation
lap,MAL11411,train
lap,MAL11421,train
lap,MAL11433,train
lap,MAL11441,train
lap,MAL11457,train
lap,MAL11465,validation
lap,MAL11467,train
lap,MAL11469,train
lap,MAL11471,train
lap,MAL11487,train
lap,MAL11491,train
lap,MAL11497,train
lap,MAL11499,validation
lap,MAL11505,train
lap,MAL11507,train
lap,MAL11511,train
lap,MAL11521,test
lap,MAL11523,train
lap,MAL11525,train
lap,MAL11531,validation
lap,MAL11533,train
lap,MAL11537,test
lap,MAL11541,train
lap,MAL11543,validation
lap,MAL11545,train
lap,MAL11547,train
lap,MAL11553,test
lap,MAL11561,train
lap,MAL11569,test
lap,MAL11577,train
lap,MAL11579,test
lap,MAL11583,train
lap,MAL11593,train
lap,MAL11595,train
lap,MAL11597,train
lap,MAL11609,train
lap,MAL11615,train
lap,MAL11617,validation
lap,MAL11625,train
lap,MAL11633,train
lap,MAL11635,test
lap,MAL11659,train
lap,MAL11661,test
lap,MAL11665,test
lap,MAL11673,test
lap,MAL11679,train
lap,MAL11681,train
lap,MAL11685,test
lap,MAL11687,train
lap,MAL11689,train
lap,MAL11691,test
lap,MAL11693,train
lap,MAL11695,test
lap,MAL11697,train
lap,MAL11701,train
lap,MAL11703,train
lap,MAL11705,test
lap,MAL11711,train
lap,MAL11713,train
lap,MAL11715,test
lap,MAL11717,validation
lap,MAL11729,train
lap,MAL11731,train
lap,MAL11733,train
lap,MAL11735,train
lap,MAL11737,train
lap,MAL11739,train
lap,MAL11741,train
lap,MAL11743,test
lap,MAL11745,train
lap,MAL11747,train
lap,MAL11749,train
lap,MAL11751,train
lap,MAL11755,train
lap,MAL11757,train
lap,MAL11759,train
lap,MAL11761,test
lap,MAL11763,train
lap,MAL11767,train
lap,MAL11769,train
lap,MAL11771,train
lap,MAL11773,test
lap,MAL11777,train
lap,MAL11783,train
lap,MAL11785,train
lap,MAL11787,train
lap,MAL11789,train
lap,MAL11791,validation
lap,MAL11793,train
lap,MAL11795,train
lap,MAL11799,train
lap,MAL11807,train
lap,MAL11809,train
lap,MAL11813,test
lap,MAL11815,test
lap,MAL11825,test
lap,MAL11827,train
lap,MAL11829,train
lap,MAL11835,train
lap,MAL11837,train
lap,MAL11843,train
lap,MAL11853,train
lap,MAL11855,train
lap,MAL11857,train
lap,MAL11859,train
lap,MAL11867,train
lap,MAL11869,train
lap,MAL11873,train
lap,MAL11879,train
lap,MAL11883,train
lap,MAL11887,train
lap,MAL11897,train
lap,MAL11911,train
lap,MAL11915,train
lap,MAL11917,train
lap,MAL11919,train
lap,MAL11933,train
lap,MAL11959,train
lap,MAL11969,train
lap,MAL11977,train
lap,MAL11979,train
lap,MAL11981,train
lap,MAL11995,train
lap,MAL11997,test
lap,MAL12001,train
lap,MAL12005,validation
lap,MAL12015,train
lap,MAL12017,train
lap,MAL12021,test
lap,MAL12027,train
lap,MAL12029,train
lap,MAL12031,train
lap,MAL12035,validation
lap,MAL12037,train
lap,MAL12039,train
lap,MAL12049,test
lap,MAL12053,train
lap,MAL12055,train
lap,MAL12057,test
lap,MAL12059,train
lap,MAL12061,train
lap,MAL12067,train
lap,MAL12069,train
lap,MAL12079,train
lap,MAL12101,validation
lap,MAL12113,train
lap,MAL12115,test
lap,MAL12117,train
lap,MAL12119,test
lap,MAL12121,train
lap,MAL12123,test
lap,MAL12131,train
lap,MAL12133,train
lap,MAL12135,test
lap,MAL12137,train
lap,MAL12139,train
lap,MAL12141,train
lap,MAL12143,train
lap,MAL12145,validation
lap,MAL12149,validation
lap,MAL12157,train
lap,MAL12163,train
lap,MAL12165,train
lap,MAL12175,test
lap,MAL12181,train
lap,MAL12185,train
lap,MAL12187,test
lap,MAL12189,train
lap,MAL12191,train
lap,MAL12221,train
lap,MAL12223,train
lap,MAL12225,train
lap,MAL12231,train
lap,MAL12237,train
lap,MAL12243,test
lap,MAL12255,train
lap,MAL12259,test
lap,MAL12267,train
lap,MAL12279,test
lap,MAL12281,train
lap,MAL12291,test
lap,MAL12293,train
lap,MAL12295,train
lap,MAL12317,validation
lap,MAL12321,train
lap,MAL12337,train
lap,MAL12341,train
lap,MAL12343,train
lap,MAL12347,train
lap,MAL12355,train
lap,MAL12359,train
lap,MAL12361,test
lap,MAL12365,train
lap,MAL12367,train
lap,MAL12371,train
lap,MAL12373,train
lap,MAL12375,train
lap,MAL12391,train
lap,MAL12393,train
lap,MAL12397,test
lap,MAL12399,train
lap,MAL12401,train
lap,MAL12403,validation
lap,MAL12411,validation
lap,MAL12413,train
lap,MAL12419,test
lap,MAL12431,train
lap,MAL12433,train
lap,MAL12437,train
lap,MAL12439,train
lap,MAL12441,train
lap,MAL12445,train
lap,MAL12447,validation
lap,MAL12449,validation
lap,MAL12451,train
lap,MAL12455,train
lap,MAL12461,train
lap,MAL12467,test
lap,MAL12471,test
lap,MAL12477,train
lap,MAL12481,test
lap,MAL12483,train
lap,MAL12487,train
lap,MAL12497,train
lap,MAL12499,train
lap,MAL12501,train
lap,MAL12503,train
lap,MAL12505,train
lap,MAL12521,test
lap,MAL12529,train
lap,MAL12531,train
lap,MAL12549,train
lap,MAL12551,test
lap,MAL12561,test
lap,MAL12563,train
lap,MAL12565,train
lap,MAL12569,train
lap,MAL12579,test
lap,MAL12581,train
lap,MAL12585,test
lap,MAL12589,train
lap,MAL12591,train
lap,MAL12599,train
lap,MAL12603,train
lap,MAL12611,train
lap,MAL12613,train
lap,MAL12623,validation
lap,MAL12637,train
lap,MAL12643,train
lap,MAL12651,train
lap,MAL12657,train
lap,MAL12659,train
lap,MAL12661,train
lap,MAL12663,train
lap,MAL12669,train
lap,MAL12671,test
lap,MAL12673,train
lap,MAL12677,train
lap,MAL12679,train
lap,MAL12683,train
lap,MAL12685,train
lap,MAL12689,train
lap,MAL12695,train
lap,MAL12699,test
lap,MAL12711,test
lap,MAL12715,train
lap,MAL12725,test
lap,MAL12729,test
lap,MAL12745,train
lap,MAL12753,train
lap,MAL12755,validation
lap,MAL12759,train
lap,MAL12763,train
lap,MAL12765,train
lap,MAL12767,validation
lap,MAL12769,test
lap,MAL12771,train
lap,MAL12781,train
lap,MAL12783,train
lap,MAL12789,train
lap,MAL12791,train
lap,MAL12793,train
lap,MAL12795,train
lap,MAL12799,train
lap,MAL12803,train
lap,MAL12807,train
lap,MAL12809,test
lap,MAL12815,train
lap,MAL12823,train
lap,MAL12833,train
lap,MAL12835,train
lap,MAL12851,train
lap,MAL12857,train
lap,MAL12859,train
lap,MAL12861,train
lap,MAL12863,test
lap,MAL12865,train
lap,MAL12867,train
lap,MAL12875,test
lap,MAL12879,train
lap,MAL12883,test
lap,MAL12885,train
lap,MAL12887,validation
lap,MAL12893,train
lap,MAL12897,validation
lap,MAL12899,validation
lap,MAL12901,train
lap,MAL12903,train
lap,MAL12905,train
lap,MAL12907,train
lap,MAL12917,validation
lap,MAL12919,test
lap,MAL12921,validation
lap,MAL12929,test
lap,MAL12935,train
lap,MAL12951,train
lap,MAL12955,train
lap,MAL12957,test
lap,MAL12959,train
lap,MAL12961,train
lap,MAL12963,test
lap,MAL12965,train
lap,MAL12967,validation
lap,MAL12971,train
lap,MAL12979,validation
lap,MAL12981,train
lap,MAL12993,train
lap,MAL12995,train
lap,MAL12997,train
lap,MAL13019,train
lap,MAL13029,train
lap,MAL13041,train
lap,MAL13047,train
lap,MAL13051,train
lap,MAL13053,train
lap,MAL13055,validation
lap,MAL13057,train
lap,MAL13083,train
lap,MAL13085,train
lap,MAL13087,test
lap,MAL13089,test
lap,MAL13091,train
lap,MAL13093,validation
lap,MAL13103,train
lap,MAL13115,train
lap,MAL13117,train
lap,MAL13119,train
lap,MAL13125,train
lap,MAL13137,test
lap,MAL13139,train
lap,MAL13141,train
lap,MAL13143,train
lap,MAL13145,train
lap,MAL13153,train
lap,MAL13159,train
lap,MAL13161,train
lap,MAL13163,test
lap,MAL13165,train
lap,MAL13167,train
lap,MAL13169,train
lap,MAL13171,train
lap,MAL13173,train
lap,MAL13175,train
lap,MAL13177,train
lap,MAL13179,test
lap,MAL13183,train
lap,MAL13185,train
lap,MAL13195,train
lap,MAL13201,test
lap,MAL13203,test
lap,MAL13207,train
lap,MAL13215,train
lap,MAL13217,train
lap,MAL13219,train
lap,MAL13221,train
lap,MAL13223,train
lap,MAL13231,train
lap,MAL13233,train
lap,MAL13239,train
lap,MAL13245,train
lap,MAL13247,train
lap,MAL13249,train
lap,MAL13251,train
lap,MAL13253,train
lap,MAL13255,train
lap,MAL13259,train
lap,MAL13261,test
lap,MAL13263,test
lap,MAL13267,train
lap,MAL13271,train
lap,MAL13281,train
lap,MAL13283,train
lap,MAL13299,train
lap,MAL13303,test
lap,MAL13307,train
lap,MAL13309,train
lap,MAL13311,train
lap,MAL13325,train
lap,MAL13331,test
lap,MAL13333,train
lap,MAL13335,train
lap,MAL13349,validation
lap,MAL13357,train
lap,MAL13359,train
lap,MAL13365,test
lap,MAL13367,train
lap,MAL13369,test
lap,MAL13373,train
lap,MAL13375,train
lap,MAL13377,train
lap,MAL13379,validation
lap,MAL13391,train
lap,MAL13405,train
lap,MAL13409,train
lap,MAL13411,test
lap,MAL13421,train
lap,MAL13423,test
lap,MAL13427,train
lap,MAL13429,train
lap,MAL13431,train
lap,MAL13433,train
lap,MAL13435,test
lap,MAL13439,train
lap,MAL13441,train
lap,MAL13449,train
lap,MAL13455,train
lap,MAL13457,test
lap,MAL13459,test
lap,MAL13463,test
lap,MAL13465,train
lap,MAL13469,test
lap,MAL13479,train
lap,MAL13495,test
lap,MAL13497,train
lap,MAL13499,train
lap,MAL13501,train
lap,MAL13503,train
lap,MAL13505,train
lap,MAL13507,train
lap,MAL13509,train
lap,MAL13511,train
lap,MAL13513,train
lap,MAL13515,validation
lap,MAL13517,train
lap,MAL13519,train
lap,MAL13535,test
lap,MAL13541,train
lap,MAL13543,train
lap,MAL13551,train
lap,MAL13553,train
lap,MAL13559,train
lap,MAL13563,test
lap,MAL13585,train
lap,MAL13595,train
lap,MAL13599,validation
lap,MAL13601,train
lap,MAL13619,train
lap,MAL13629,test
lap,MAL13639,train
lap,MAL13643,validation
lap,MAL13655,train
lap,MAL13659,train
lap,MAL13663,validation
lap,MAL13667,train
lap,MAL13669,train
lap,MAL13673,test
lap,MAL13675,train
lap,MAL13677,train
lap,MAL13679,train
lap,MAL13681,train
lap,MAL13691,train
lap,MAL13693,train
lap,MAL13709,train
lap,MAL13715,train
lap,MAL13727,test
lap,MAL13755,train
lap,MAL13757,train
lap,MAL13759,train
lap,MAL13767,test
lap,MAL13769,train
lap,MAL13785,train
lap,MAL13789,train
lap,MAL13793,train
lap,MAL13795,train
lap,MAL13799,validation
lap,MAL13807,train
lap,MAL13821,train
lap,MAL13823,train
lap,MAL13831,train
lap,MAL13833,train
lap,MAL13835,train
lap,MAL13837,test
lap,MAL13839,validation
lap,MAL13843,train
lap,MAL13851,train
lap,MAL13857,train
lap,MAL13859,train
lap,MAL13863,validation
lap,MAL13917,validation
lap,MAL13931,test
lap,MAL13935,train
lap,MAL13937,validation
lap,MAL13939,train
lap,MAL13947,train
lap,MAL13959,train
lap,MAL13965,test
lap,MAL13967,train
lap,MAL13969,validation
lap,MAL13971,train
lap,MAL13983,train
lap,MAL13993,train
lap,MAL14007,train
lap,MAL14023,train
lap,MAL14027,test
lap,MAL14039,train
lap,MAL14045,test
lap,MAL14047,train
lap,MAL14049,train
lap,MAL14059,train
lap,MAL14067,train
lap,MAL14069,validation
lap,MAL14073,train
lap,MAL14075,train
lap,MAL14077,train
lap,MAL14093,train
lap,MAL14095,validation
lap,MAL14117,train
lap,MAL14123,train
lap,MAL14125,validation
lap,MAL14127,test
lap,MAL14129,validation
lap,MAL14131,train
lap,MAL14145,test
lap,MAL14173,train
lap,MAL14175,train
lap,MAL14181,test
lap,MAL14183,test
lap,MAL14189,test
lap,MAL14199,validation
lap,MAL14207,train
lap,MAL14209,train
lap,MAL14211,train
lap,MAL14227,train
lap,MAL14231,train
lap,MAL14235,train
lap,MAL14237,validation
lap,MAL14247,train
lap,MAL14249,train
lap,MAL14253,train
lap,MAL14267,train
lap,MAL14277,validation
lap,MAL14283,train
lap,MAL14289,validation
lap,MAL14293,train
lap,MAL14317,train
lap,MAL14333,train
lap,MAL14345,train
lap,MAL14347,validation
lap,MAL14349,train
lap,MAL14353,test
lap,MAL14355,train
lap,MAL14359,train
lap,MAL14367,train
lap,MAL14373,train
lap,MAL14379,test
lap,MAL14381,train
lap,MAL14397,test
lap,MAL14407,validation
lap,MAL14467,train
lap,MAL14471,train
lap,MAL14479,train
lap,MAL14511,train
lap,MAL14513,test
lap,MAL14515,test
lap,MAL14519,validation
lap,MAL14527,train
lap,MAL14529,train
lap,MAL14537,train
lap,MAL14539,train
lap,MAL14543,train
lap,MAL14563,train
lap,MAL14575,train
lap,MAL14583,train
lap,MAL14617,train
lap,MAL14623,train
lap,MAL14627,train
lap,MAL14629,train
lap,MAL14631,train
lap,MAL14645,train
lap,MAL14647,train
lap,MAL14653,train
lap,MAL14657,train
lap,MAL14659,train
lap,MAL14661,train
lap,MAL14669,train
lap,MAL14685,train
lap,MAL14693,train
lap,MAL14713,train
lap,MAL14719,train
lap,MAL14735,train
lap,MAL14741,test
lap,MAL14743,test
lap,MAL14749,train
lap,MAL14751,train
lap,MAL14753,train
lap,MAL14765,validation
lap,MAL14781,validation
lap,MAL14807,train
lap,MAL14811,test
lap,MAL14813,train
lap,MAL14817,test
lap,MAL14821,train
lap,MAL14827,test
lap,MAL14829,train
lap,MAL14833,train
lap,MAL14835,train
lap,MAL14837,train
lap,MAL14853,test
lap,MAL14875,train
lap,MAL14889,train
lap,MAL14893,train
lap,MAL14913,train
lap,MAL14921,validation
lap,MAL14935,train
lap,MAL14941,train
lap,MAL14947,train
lap,MAL14949,test
lap,MAL14951,test
lap,MAL14957,test
lap,MAL14967,train
lap,MAL14989,train
lap,MAL14991,train
lap,MAL14993,train
lap,MAL14995,train
lap,MAL15005,test
lap,MAL15015,train
lap,MAL15021,train
lap,MAL15037,train
lap,MAL15039,train
lap,MAL15043,test
lap,MAL15045,train
lap,MAL15051,train
lap,MAL15059,train
lap,MAL15061,train
lap,MAL15067,train
lap,MAL15077,train
lap,MAL15085,train
lap,MAL15097,train
lap,MAL15109,test
lap,MAL15111,train
lap,MAL15117,train
lap,MAL15119,train
lap,MAL15125,train
lap,MAL15127,train
lap,MAL15129,train
lap,MAL15133,train
lap,MAL15137,train
lap,MAL15139,test
lap,MAL15141,train
lap,MAL15159,train
lap,MAL15177,train
lap,MAL15195,test
lap,MAL15197,validation
lap,MAL15201,train
lap,MAL15207,validation
lap,MAL15211,validation
lap,MAL15219,train
lap,MAL15225,train
lap,MAL15227,validation
lap,MAL15279,train
lap,MAL15291,train
lap,MAL15307,train
lap,MAL15313,validation
lap,MAL15315,train
lap,MAL15323,train
lap,MAL15335,train
lap,MAL15347,train
lap,MAL15359,train
lap,MAL15377,train
lap,MAL15379,test
lap,MAL15389,train
lap,MAL15391,train
lap,MAL15393,train
lap,MAL15399,train
lap,MAL15407,train
lap,MAL15409,train
lap,MAL15411,train
lap,MAL15417,validation
lap,MAL15423,train
lap,MAL15431,train
lap,MAL15437,train
lap,MAL15439,train
lap,MAL15451,test
lap,MAL15453,validation
lap,MAL15455,train
lap,MAL15479,validation
lap,MAL15487,train
lap,MAL15489,test
lap,MAL15505,train
lap,MAL15525,train
lap,MAL15527,train
lap,MAL15529,validation
lap,MAL15533,train
lap,MAL15535,train
lap,MAL15537,validation
lap,MAL15539,train
lap,MAL15541,train
lap,MAL15545,train
lap,MAL15547,train
lap,MAL15565,train
lap,MAL15577,train
lap,MAL15579,train
lap,MAL15583,train
lap,MAL15591,train
lap,MAL15605,train
lap,MAL15607,test
lap,MAL15609,train
lap,MAL15611,train
lap,MAL15613,train
lap,MAL15617,train
lap,MAL15633,train
lap,MAL15649,train
lap,MAL15651,validation
lap,MAL15653,validation
lap,MAL15657,train
lap,MAL15663,train
lap,MAL15673,test
lap,MAL15687,train
lap,MAL15689,validation
lap,MAL15699,test
lap,MAL15711,train
lap,MAL15717,test
lap,MAL15719,train
lap,MAL15731,train
lap,MAL15743,train
lap,MAL15749,train
lap,MAL15751,train
lap,MAL15769,train
lap,MAL15771,train
lap,MAL15775,train
lap,MAL15781,validation
lap,MAL15783,train
lap,MAL15785,train
lap,MAL15787,train
lap,MAL15793,train
lap,MAL15795,train
lap,MAL15807,train
lap,MAL15809,train
lap,MAL15811,train
lap,MAL15813,validation
lap,MAL15815,train
lap,MAL15819,train
lap,MAL15823,train
lap,MAL15839,train
lap,MAL15841,train
lap,MAL15843,train
lap,MAL15845,train
lap,MAL15847,train
lap,MAL15863,train
lap,MAL15865,train
lap,MAL15867,train
lap,MAL15873,train
lap,MAL15875,train
lap,MAL15879,train
lap,MAL15881,validation
lap,MAL15883,validation
lap,MAL15891,validation
lap,MAL15893,train
lap,MAL15895,train
lap,MAL15897,train
lap,MAL15905,train
lap,MAL15911,train
lap,MAL15913,validation
lap,MAL15915,train
lap,MAL15925,train
lap,MAL15927,train
lap,MAL15933,train
lap,MAL15937,train
lap,MAL15951,validation
lap,MAL15957,validation
lap,MAL15959,train
lap,MAL15961,train
lap,MAL15963,validation
lap,MAL15971,test
lap,MAL15977,validation
lap,MAL15979,test
lap,MAL15989,train
lap,MAL15993,train
lap,MAL16001,train
lap,MAL16005,train
lap,MAL16007,train
lap,MAL16009,train
lap,MAL16011,train
lap,MAL16021,train
lap,MAL16023,train
lap,MAL16027,train
lap,MAL16033,test
lap,MAL16035,test
lap,MAL16049,train
lap,MAL16051,test
lap,MAL16059,test
lap,MAL16067,train
lap,MAL16091,test
lap,MAL16099,train
lap,MAL16101,validation
lap,MAL16123,validation
lap,MAL16131,train
lap,MAL16143,train
lap,MAL16149,test
lap,MAL16157,train
lap,MAL16159,train
lap,MAL16163,validation
lap,MAL16169,test
lap,MAL16183,train
lap,MAL16187,train
lap,MAL16189,train
lap,MAL16199,validation
lap,MAL16211,test
lap,MAL16233,validation
lap,MAL16239,train
lap,MAL16241,train
lap,MAL16245,train
lap,MAL16247,train
lap,MAL16251,train
lap,MAL16253,train
lap,MAL16255,train
lap,MAL16257,test
lap,MAL16259,train
lap,MAL16261,test
lap,MAL16263,train
lap,MAL16273,train
lap,MAL16303,train
lap,MAL16317,test
lap,MAL16319,train
lap,MAL16331,train
lap,MAL16335,train
lap,MAL16345,validation
lap,MAL16347,train
lap,MAL16353,train
lap,MAL16355,train
lap,MAL16363,train
lap,MAL16371,validation
lap,MAL16373,train
lap,MAL16377,test
lap,MAL16381,train
lap,MAL16385,test
lap,MAL16389,train
lap,MAL16393,train
lap,MAL16395,train
lap,MAL16397,train
lap,MAL16399,validation
lap,MAL16405,test
lap,MAL16415,train
lap,MAL16417,train
lap,MAL16419,train
lap,MAL16434,train
lap,MAL16436,train
lap,MAL16442,train
lap,MAL16444,validation
lap,MAL16454,train
lap,MAL16458,validation
lap,MAL16468,train
lap,MAL16472,train
lap,MAL16474,train
lap,MAL16476,train
lap,MAL16480,test
lap,MAL16482,test
lap,MAL16486,train
lap,MAL16490,train
lap,MAL16498,test
lap,MAL16506,train
lap,MAL16510,train
lap,MAL16512,test
lap,MAL16514,train
lap,MAL16518,train
lap,MAL16524,train
lap,MAL16526,train
lap,MAL16528,train
lap,MAL16530,train
lap,MAL16552,train
lap,MAL16554,train
lap,MAL16556,train
lap,MAL16558,train
lap,MAL16560,train
lap,MAL16562,train
lap,MAL16564,train
lap,MAL16566,train
lap,MAL16568,train
lap,MAL16570,test
lap,MAL16572,train
lap,MAL16574,train
lap,MAL16576,train
lap,MAL16586,train
lap,MAL16590,validation
lap,MAL16592,train
lap,MAL16602,validation
lap,MAL16606,train
lap,MAL16608,train
lap,MAL16614,train
lap,MAL16620,train
lap,MAL16636,validation
lap,MAL16638,train
lap,MAL16642,train
lap,MAL16644,train
lap,MAL16646,train
lap,MAL16648,train
lap,MAL16650,train
lap,MAL16656,test
lap,MAL16662,train
lap,MAL16664,train
lap,MAL16668,train
lap,MAL16678,train
lap,MAL16680,train
lap,MAL16692,train
lap,MAL16694,train
lap,MAL16696,train
lap,MAL16700,train
lap,MAL16702,train
lap,MAL16706,validation
lap,MAL16718,train
lap,MAL16726,validation
lap,MAL16728,train
lap,MAL16730,train
lap,MAL16732,validation
lap,MAL16738,train
lap,MAL16740,test
lap,MAL16742,train
lap,MAL16746,train
lap,MAL16748,validation
lap,MAL16752,test
lap,MAL16754,test
lap,MAL16756,train
lap,MAL16762,train
lap,MAL16774,train
lap,MAL16776,train
lap,MAL16778,validation
lap,MAL16780,train
lap,MAL16782,train
lap,MAL16784,test
lap,MAL16786,train
lap,MAL16788,train
lap,MAL16790,test
lap,MAL16794,train
lap,MAL16796,train
lap,MAL16798,train
lap,MAL16800,train
lap,MAL16802,validation
lap,MAL16804,train
lap,MAL16806,train
lap,MAL16808,train
lap,MAL16810,train
lap,MAL16812,train
lap,MAL16814,train
lap,MAL16816,train
lap,MAL16818,train
lap,MAL16820,test
lap,MAL16822,validation
lap,MAL16824,test
lap,MAL16828,test
lap,MAL16830,train
lap,MAL16832,test
lap,MAL16834,test
lap,MAL16838,train
lap,MAL16866,validation
lap,MAL16868,test
lap,MAL16870,train
lap,MAL16890,train
lap,MAL16894,train
lap,MAL16904,train
lap,MAL16906,train
lap,MAL16908,test
lap,MAL16910,train
lap,MAL16912,validation
lap,MAL16914,train
lap,MAL16916,train
lap,MAL16918,train
lap,MAL16928,validation
lap,MAL16954,train
lap,MAL16964,train
lap,MAL16970,test
lap,MAL16982,train
lap,MAL16988,train
lap,MAL16994,train
lap,MAL17002,test
lap,MAL17004,train
lap,MAL17006,train
lap,MAL17010,train
lap,MAL17012,train
lap,MAL17048,train
lap,MAL17068,test
lap,MAL17074,validation
lap,MAL17076,train
lap,MAL17080,train
lap,MAL17082,train
lap,MAL17086,train
lap,MAL17088,test
lap,MAL17090,train
lap,MAL17092,train
lap,MAL17100,train
lap,MAL17102,train
lap,MAL17104,train
lap,MAL17106,train
lap,MAL17113,validation
lap,MAL17115,test
lap,MAL17117,train
lap,MAL17121,train
lap,MAL17127,train
lap,MAL17131,train
lap,MAL17137,train
lap,MAL17141,train
lap,MAL17151,train
lap,MAL17157,train
lap,MAL17187,train
lap,MAL17201,train
lap,MAL17205,train
lap,MAL17209,train
lap,MAL17211,train
lap,MAL17213,train
lap,MAL17215,train
lap,MAL17217,test
lap,MAL17219,validation
lap,MAL17221,test
lap,MAL17233,train
lap,MAL17237,test
lap,MAL17245,train
lap,MAL17247,train
lap,MAL17249,train
lap,MAL17251,train
lap,MAL17259,train
lap,MAL17265,train
lap,MAL17267,train
lap,MAL17269,test
lap,MAL17273,train
lap,MAL17277,test
lap,MAL17291,train
lap,MAL17293,train
lap,MAL17295,validation
lap,MAL17307,train
lap,MAL17313,train
lap,MAL17315,train
lap,MAL17317,train
lap,MAL17321,test
lap,MAL17325,train
lap,MAL17339,train
lap,MAL17341,test
lap,MAL17345,train
lap,MAL17351,validation
lap,MAL17353,train
lap,MAL17357,train
lap,MAL17371,train
lap,MAL17379,train
lap,MAL17389,train
lap,MAL17391,train
lap,MAL17395,validation
lap,MAL17397,train
lap,MAL17403,validation
lap,MAL17405,validation
lap,MAL17409,train
lap,MAL17419,train
lap,MAL17423,train
lap,MAL17427,test
lap,MAL17437,validation
lap,MAL17439,train
lap,MAL17441,train
lap,MAL17443,train
lap,MAL17445,test
lap,MAL17447,validation
lap,MAL17457,train
lap,MAL17467,train
lap,MAL17469,test
lap,MAL17471,train
lap,MAL17473,train
lap,MAL17479,train
lap,MAL17481,train
lap,MAL17483,train
lap,MAL17485,train
lap,MAL17487,test
lap,MAL17489,train
lap,MAL17491,train
lap,MAL17493,train
lap,MAL17497,train
lap,MAL17501,train
lap,MAL17505,validation
lap,MAL17513,test
lap,MAL17521,train
lap,MAL17537,train
lap,MAL17539,validation
lap,MAL17541,train
lap,MAL17543,train
lap,MAL17549,train
lap,MAL17551,train
lap,MAL17563,validation
lap,MAL17573,train
lap,MAL17599,test
lap,MAL17601,train
lap,MAL17603,train
lap,MAL17613,train
lap,MAL17615,train
lap,MAL17619,train
lap,MAL17621,train
lap,MAL17623,test
lap,MAL17624,validation
lap,MAL17635,train
lap,MAL17637,train
lap,MAL17641,train
lap,MAL17643,train
lap,MAL17649,train
lap,MAL17651,train
lap,MAL17655,train
lap,MAL17657,train
lap,MAL17659,train
lap,MAL17665,test
lap,MAL17667,test
lap,MAL17669,train
lap,MAL17671,train
lap,MAL17673,train
lap,MAL17675,validation
lap,MAL17677,train
lap,MAL17679,validation
lap,MAL17681,train
lap,MAL17687,train
lap,MAL17689,train
lap,MAL17697,train
lap,MAL17699,train
lap,MAL17703,train
lap,MAL17705,train
lap,MAL17707,validation
lap,MAL17717,test
lap,MAL17719,train
lap,MAL17721,train
lap,MAL17725,train
lap,MAL17729,train
lap,MAL17731,train
lap,MAL17733,validation
lap,MAL17739,test
lap,MAL17741,train
lap,MAL17745,train
lap,MAL17747,test
lap,MAL17777,train
lap,MAL17785,train
lap,MAL17787,train
lap,MAL17791,train
lap,MAL17811,train
lap,MAL17813,train
lap,MAL17815,train
lap,MAL17819,train
lap,MAL17821,validation
lap,MAL17823,train
lap,MAL17825,train
lap,MAL17827,validation
lap,MAL17831,test
lap,MAL17833,train
lap,MAL17835,train
lap,MAL17849,train
lap,MAL17855,train
lap,MAL17867,train
lap,MAL17871,train
lap,MAL17873,train
lap,MAL17875,train
lap,MAL17879,train
lap,MAL17887,train
lap,MAL17891,test
lap,MAL17893,test
lap,MAL17895,test
lap,MAL17897,train
lap,MAL17901,train
lap,MAL17903,train
lap,MAL17909,train
lap,MAL17913,validation
lap,MAL17917,train
lap,MAL17919,train
lap,MAL17933,validation
lap,MAL17947,train
lap,MAL17949,train
lap,MAL17951,train
lap,MAL17953,train
lap,MAL17955,train
lap,MAL17957,train
lap,MAL17959,validation
lap,MAL17961,train
lap,MAL17963,train
lap,MAL17965,validation
lap,MAL17969,train
lap,MAL17977,test
lap,MAL17979,test
lap,MAL17981,test
lap,MAL17983,train
lap,MAL17985,train
lap,MAL17987,test
lap,MAL17989,train
lap,MAL17991,train
lap,MAL18001,train
lap,MAL18003,train
lap,MAL18005,train
lap,MAL18007,train
lap,MAL18029,train
lap,MAL18031,train
lap,MAL18033,validation
lap,MAL18039,train
lap,MAL18041,test
lap,MAL18045,train
lap,MAL18047,train
lap,MAL18053,test
lap,MAL18055,train
lap,MAL18061,train
lap,MAL18063,train
lap,MAL18071,validation
lap,MAL18081,train
lap,MAL18083,validation
lap,MAL18085,train
lap,MAL18087,train
lap,MAL18095,validation
lap,MAL18097,test
lap,MAL18099,test
lap,MAL18109,train
lap,MAL18115,test
lap,MAL18119,train
lap,MAL18121,train
lap,MAL18133,test
lap,MAL18137,test
lap,MAL18139,train
lap,MAL18149,train
lap,MAL18151,train
lap,MAL18153,train
lap,MAL18155,train
lap,MAL18177,validation
lap,MAL18179,train
lap,MAL18191,train
lap,MAL18195,validation
lap,MAL18197,train
lap,MAL18199,train
lap,MAL18205,validation
lap,MAL18227,train
lap,MAL18229,train
lap,MAL18231,train
lap,MAL18241,train
lap,MAL18245,train
lap,MAL18247,train
lap,MAL18269,train
lap,MAL18271,test
lap,MAL18273,train
lap,MAL18275,test
lap,MAL18277,train
lap,MAL18283,train
lap,MAL18295,test
lap,MAL18301,train
lap,MAL18303,test
lap,MAL18305,train
lap,MAL18307,train
lap,MAL18309,train
lap,MAL18311,train
lap,MAL18313,train
lap,MAL18315,train
lap,MAL18317,train
lap,MAL18319,train
lap,MAL18321,train
lap,MAL18323,train
lap,MAL18325,train
lap,MAL18327,train
lap,MAL18329,validation
lap,MAL18331,train
lap,MAL18339,train
lap,MAL18341,train
lap,MAL18353,train
lap,MAL18355,train
lap,MAL18357,train
lap,MAL18365,train
lap,MAL18375,test
lap,MAL18377,test
lap,MAL18389,train
lap,MAL18391,train
lap,MAL18393,test
lap,MAL18397,train
lap,MAL18411,train
lap,MAL18413,train
lap,MAL18425,train
lap,MAL18429,train
lap,MAL18441,train
lap,MAL18443,train
lap,MAL18447,train
lap,MAL18449,train
lap,MAL18451,test
lap,MAL18455,train
lap,MAL18457,train
lap,MAL18463,validation
lap,MAL18465,train
lap,MAL18469,train
lap,MAL18475,train
lap,MAL18479,train
lap,MAL18481,train
lap,MAL18483,train
lap,MAL18489,train
lap,MAL18491,validation
lap,MAL18495,train
lap,MAL18497,train
lap,MAL18499,train
lap,MAL18507,train
lap,MAL18521,train
lap,MAL18523,train
lap,MAL18525,train
lap,MAL18527,validation
lap,MAL18533,train
lap,MAL18549,train
lap,MAL18557,train
lap,MAL18561,train
lap,MAL18567,train
lap,MAL18569,train
lap,MAL18573,test
lap,MAL18575,train
lap,MAL18577,validation
lap,MAL18583,train
lap,MAL18587,train
lap,MAL18589,train
lap,MAL18591,train
lap,MAL18599,train
lap,MAL18603,train
lap,MAL18617,train
lap,MAL18619,train
lap,MAL18627,train
lap,MAL18629,train
lap,MAL18631,train
lap,MAL18635,test
lap,MAL18637,train
lap,MAL18639,train
lap,MAL18643,test
lap,MAL18653,train
lap,MAL18655,train
lap,MAL18661,train
lap,MAL18669,validation
lap,MAL18671,train
lap,MAL18677,train
lap,MAL18679,train
lap,MAL18683,test
lap,MAL18689,train
lap,MAL18691,train
lap,MAL18693,train
lap,MAL18695,test
lap,MAL18703,train
lap,MAL18713,train
lap,MAL18723,train
lap,MAL18731,train
lap,MAL18743,test
lap,MAL18745,test
lap,MAL18747,train
lap,MAL18753,test
lap,MAL18755,validation
lap,MAL18759,test
lap,MAL18767,train
lap,MAL18771,test
lap,MAL18773,train
lap,MAL18781,train
lap,MAL18795,train
lap,MAL18799,train
lap,MAL18815,test
lap,MAL18817,train
lap,MAL18819,train
lap,MAL18821,train
lap,MAL18823,train
lap,MAL18825,train
lap,MAL18827,train
lap,MAL18829,train
lap,MAL18831,test
lap,MAL18835,train
lap,MAL18841,train
lap,MAL18845,train
lap,MAL18849,train
lap,MAL18851,train
lap,MAL18857,train
lap,MAL18881,test
lap,MAL18893,train
lap,MAL18897,train
lap,MAL18907,train
lap,MAL18919,train
lap,MAL18937,train
lap,MAL18939,validation
lap,MAL18941,train
lap,MAL18943,train
lap,MAL18953,validation
lap,MAL18959,train
lap,MAL18967,train
lap,MAL18983,validation
lap,MAL18989,train
lap,MAL19009,train
lap,MAL19021,validation
lap,MAL19023,train
lap,MAL19029,train
lap,MAL19049,train
lap,MAL19051,train
lap,MAL19053,validation
lap,MAL19059,test
lap,MAL19063,train
lap,MAL19067,train
lap,MAL19069,train
lap,MAL19071,validation
lap,MAL19073,train
lap,MAL19081,validation
lap,MAL19087,train
lap,MAL19099,train
lap,MAL19101,train
lap,MAL19103,train
lap,MAL19109,validation
lap,MAL19111,train
lap,MAL19115,train
lap,MAL19117,train
lap,MAL19121,test
lap,MAL19123,train
lap,MAL19125,train
lap,MAL19133,train
lap,MAL19135,train
lap,MAL19137,test
lap,MAL19151,train
lap,MAL19157,train
lap,MAL19159,train
lap,MAL19163,validation
lap,MAL19165,train
lap,MAL19167,test
lap,MAL19169,train
lap,MAL19171,train
lap,MAL19177,test
lap,MAL19185,train
lap,MAL19187,train
lap,MAL19191,train
lap,MAL19193,validation
lap,MAL19195,train
lap,MAL19207,train
lap,MAL19209,train
lap,MAL19213,validation
lap,MAL19217,train
lap,MAL19219,train
lap,MAL19221,validation
lap,MAL19231,train
lap,MAL19233,test
lap,MAL19235,train
lap,MAL19237,train
lap,MAL19239,test
lap,MAL19251,train
lap,MAL19257,train
lap,MAL19261,train
lap,MAL19271,test
lap,MAL19279,train
lap,MAL19283,train
lap,MAL19287,train
lap,MAL19291,test
lap,MAL19297,train
lap,MAL19305,train
lap,MAL19311,train
lap,MAL19315,train
lap,MAL19319,train
lap,MAL19325,train
lap,MAL19351,train
lap,MAL19363,test
lap,MAL19365,test
lap,MAL19367,train
lap,MAL19369,train
lap,MAL19383,train
lap,MAL19391,train
lap,MAL19397,train
lap,MAL19401,train
lap,MAL19429,test
lap,MAL19431,train
lap,MAL19433,train
lap,MAL19437,train
lap,MAL19445,train
lap,MAL19447,test
lap,MAL19457,train
lap,MAL19463,test
lap,MAL19467,train
lap,MAL19469,validation
lap,MAL19479,train
lap,MAL19481,train
lap,MAL19489,train
lap,MAL19495,train
lap,MAL19497,train
lap,MAL19501,validation
lap,MAL19505,train
lap,MAL19511,train
lap,MAL19513,train
lap,MAL19515,validation
lap,MAL19517,train
lap,MAL19519,train
lap,MAL19521,train
lap,MAL19523,train
lap,MAL19533,train
lap,MAL19535,train
lap,MAL19547,validation
lap,MAL19555,train
lap,MAL19557,train
lap,MAL19559,test
lap,MAL19569,train
lap,MAL19573,test
lap,MAL19575,train
lap,MAL19581,validation
lap,MAL19583,train
lap,MAL19585,train
lap,MAL19587,train
lap,MAL19597,train
lap,MAL19613,train
lap,MAL19619,train
lap,MAL19627,test
lap,MAL19629,train
lap,MAL19631,train
lap,MAL19633,train
lap,MAL19635,train
lap,MAL19645,train
lap,MAL19647,train
lap,MAL19653,test
lap,MAL19669,train
lap,MAL19671,test
lap,MAL19681,train
lap,MAL19685,test
lap,MAL19687,test
lap,MAL19695,validation
lap,MAL19697,train
lap,MAL19703,train
lap,MAL19705,train
lap,MAL19717,train
lap,MAL19727,test
lap,MAL19729,train
lap,MAL19731,train
lap,MAL19745,train
lap,MAL19747,train
lap,MAL19749,train
lap,MAL19751,train
lap,MAL19753,train
lap,MAL19755,train
lap,MAL19759,train
lap,MAL19769,train
lap,MAL19773,train
lap,MAL19775,train
lap,MAL19781,validation
lap,MAL19783,train
lap,MAL19799,train
lap,MAL19811,validation
lap,MAL19815,test
lap,MAL19817,validation
lap,MAL19825,train
lap,MAL19831,validation
lap,MAL19839,test
lap,MAL19841,train
lap,MAL19843,train
lap,MAL19845,train
lap,MAL19849,test
lap,MAL19855,train
lap,MAL19857,test
lap,MAL19859,train
lap,MAL19871,train
lap,MAL19873,train
lap,MAL19875,train
lap,MAL19877,train
lap,MAL19879,train
lap,MAL19887,test
lap,MAL19889,train
lap,MAL19897,train
lap,MAL19899,test
lap,MAL19901,train
lap,MAL19905,test
lap,MAL19907,train
lap,MAL19909,train
lap,MAL19917,test
lap,MAL19919,test
lap,MAL19921,test
lap,MAL19923,train
lap,MAL19925,train
lap,MAL19941,train
lap,MAL19943,test
lap,MAL19945,train
lap,MAL19947,train
lap,MAL19951,train
lap,MAL19953,train
lap,MAL19957,train
lap,MAL19959,train
lap,MAL19961,validation
lap,MAL19965,train
lap,MAL19971,train
lap,MAL19973,test
lap,MAL19977,validation
lap,MAL19981,train
lap,MAL19983,test
lap,MAL19985,test
lap,MAL19987,train
lap,MAL19989,train
lap,MAL19991,train
lap,MAL19993,train
lap,MAL19995,train
lap,MAL19997,test
lap,MAL19999,train
lap,MAL20001,train
lap,MAL20003,train
lap,MAL20005,train
lap,MAL20007,train
lap,MAL20009,validation
lap,MAL20021,test
lap,MAL20023,train
lap,MAL20025,train
lap,MAL20027,train
lap,MAL20031,train
lap,MAL20033,train
lap,MAL20035,train
lap,MAL20039,test
lap,MAL20045,test
lap,MAL20047,train
lap,MAL20053,train
lap,MAL20057,train
lap,MAL20075,train
lap,MAL20077,test
lap,MAL20079,train
lap,MAL20081,train
lap,MAL20083,validation
lap,MAL20085,test
lap,MAL20087,train
lap,MAL20093,train
lap,MAL20095,test
lap,MAL20109,train
lap,MAL20111,train
lap,MAL20113,test
lap,MAL20115,train
lap,MAL20117,validation
lap,MAL20123,train
lap,MAL20125,train
lap,MAL20127,train
lap,MAL20141,validation
lap,MAL20143,train
lap,MAL20145,test
lap,MAL20147,train
lap,MAL20153,train
lap,MAL20155,train
lap,MAL20159,train
lap,MAL20173,train
lap,MAL20175,train
lap,MAL20177,train
lap,MAL20183,train
lap,MAL20185,train
lap,MAL20187,train
lap,MAL20189,train
lap,MAL20199,train
lap,MAL20201,train
lap,MAL20205,train
lap,MAL20207,train
lap,MAL20221,validation
lap,MAL20223,test
lap,MAL20225,test
lap,MAL20227,train
lap,MAL20229,test
lap,MAL20231,train
lap,MAL20233,train
lap,MAL20235,train
lap,MAL20237,train
lap,MAL20239,train
lap,MAL20241,train
lap,MAL20243,train
lap,MAL20261,train
lap,MAL20267,train
lap,MAL20329,train
lap,MAL20353,train
lap,MAL20355,train
lap,MAL20359,validation
lap,MAL20365,test
lap,MAL20371,validation
lap,MAL20377,train
lap,MAL20379,train
lap,MAL20381,test
lap,MAL20383,train
lap,MAL20385,train
lap,MAL20391,train
lap,MAL20423,train
lap,MAL20431,train
lap,MAL20441,train
lap,MAL20449,train
lap,MAL20453,test
lap,MAL20457,train
lap,MAL20463,train
lap,MAL20469,train
lap,MAL20473,test
lap,MAL20479,validation
lap,MAL20499,train
lap,MAL20505,validation
lap,MAL20507,validation
lap,MAL20509,validation
lap,MAL20517,train
lap,MAL20529,test
lap,MAL20533,train
lap,MAL20539,train
lap,MAL20541,test
lap,MAL20543,train
lap,MAL20545,train
lap,MAL20547,train
lap,MAL20555,train
lap,MAL20557,train
lap,MAL20581,train
lap,MAL20583,test
lap,MAL20587,train
lap,MAL20589,train
lap,MAL20603,train
lap,MAL20613,train
lap,MAL20649,train
lap,MAL20651,train
lap,MAL20655,test
lap,MAL20667,test
lap,MAL20671,validation
lap,MAL20673,validation
lap,MAL20689,train
lap,MAL20703,train
lap,MAL20705,test
lap,MAL20707,test
lap,MAL20709,train
lap,MAL20713,train
lap,MAL20723,test
lap,MAL20725,train
lap,MAL20743,train
lap,MAL20745,train
lap,MAL20755,test
lap,MAL20757,validation
lap,MAL20767,train
lap,MAL20785,train
lap,MAL20787,train
lap,MAL20797,train
lap,MAL20799,train
lap,MAL20801,test
lap,MAL20811,test
lap,MAL20835,test
lap,MAL20843,train
lap,MAL20847,validation
lap,MAL20849,train
lap,MAL20853,train
lap,MAL20855,train
lap,MAL20857,test
lap,MAL20869,train
lap,MAL20871,train
lap,MAL20873,train
lap,MAL20877,train
lap,MAL20889,train
lap,MAL20899,train
lap,MAL20903,train
lap,MAL20907,test
lap,MAL20909,train
lap,MAL20913,train
lap,MAL20919,test
lap,MAL20929,train
lap,MAL20931,test
lap,MAL20939,train
lap,MAL20945,test
lap,MAL20951,train
lap,MAL20955,train
lap,MAL20959,train
lap,MAL20961,train
lap,MAL20963,train
lap,MAL20965,validation
lap,MAL20969,train
lap,MAL20971,train
lap,MAL20973,train
lap,MAL20975,validation
lap,MAL20977,train
lap,MAL20987,train
lap,MAL20995,train
lap,MAL20999,train
lap,MAL21001,test
lap,MAL21013,train
lap,MAL21019,train
lap,MAL21021,test
lap,MAL21025,train
lap,MAL21027,train
lap,MAL21031,validation
lap,MAL21033,train
lap,MAL21037,train
lap,MAL21039,train
lap,MAL21041,test
lap,MAL21053,train
lap,MAL21055,train
lap,MAL21059,validation
lap,MAL21065,train
lap,MAL21067,train
lap,MAL21069,test
lap,MAL21073,train
lap,MAL21075,validation
lap,MAL21077,validation
lap,MAL21081,train
lap,MAL21085,train
lap,MAL21089,train
lap,MAL21097,train
lap,MAL21099,train
lap,MAL21101,train
lap,MAL21103,train
lap,MAL21105,train
lap,MAL21107,train
lap,MAL21121,test
lap,MAL21129,test
lap,MAL21161,train
lap,MAL21163,train
lap,MAL21167,train
lap,MAL21177,train
lap,MAL21179,train
lap,MAL21185,train
lap,MAL21189,test
lap,MAL21215,train
lap,MAL21235,train
lap,MAL21241,train
lap,MAL21255,train
lap,MAL21267,train
lap,MAL21273,train
lap,MAL21275,validation
lap,MAL21277,train
lap,MAL21291,train
lap,MAL21293,train
lap,MAL21295,test
lap,MAL21297,train
lap,MAL21305,train
lap,MAL21325,train
lap,MAL21327,train
lap,MAL21329,train
lap,MAL21333,train
lap,MAL21335,train
lap,MAL21339,train
lap,MAL21349,train
lap,MAL21353,validation
lap,MAL21363,train
lap,MAL21373,train
lap,MAL21393,test
lap,MAL21395,train
lap,MAL21405,train
lap,MAL21407,train
lap,MAL21409,train
lap,MAL21415,train
lap,MAL21419,train
lap,MAL21421,test
lap,MAL21427,test
lap,MAL21431,train
lap,MAL21433,train
lap,MAL21435,train
lap,MAL21437,train
lap,MAL21439,train
lap,MAL21447,train
lap,MAL21451,train
lap,MAL21467,train
lap,MAL21469,train
lap,MAL21471,train
lap,MAL21473,train
lap,MAL21475,train
lap,MAL21479,train
lap,MAL21483,train
lap,MAL21485,validation
lap,MAL21487,train
lap,MAL21489,train
lap,MAL21491,test
lap,MAL21493,train
lap,MAL21495,test
lap,MAL21497,train
lap,MAL21507,train
lap,MAL21511,validation
lap,MAL21513,train
lap,MAL21517,test
lap,MAL21521,train
lap,MAL21523,train
lap,MAL21525,train
lap,MAL21539,train
lap,MAL21541,train
lap,MAL21545,validation
lap,MAL21547,train
lap,MAL21549,train
lap,MAL21551,train
lap,MAL21553,train
lap,MAL21557,train
lap,MAL21561,train
lap,MAL21563,train
lap,MAL21569,test
lap,MAL21571,validation
lap,MAL21573,train
lap,MAL21575,train
lap,MAL21587,train
lap,MAL21591,train
lap,MAL21595,train
lap,MAL21597,train
lap,MAL21599,train
lap,MAL21603,train
lap,MAL21607,train
lap,MAL21635,validation
lap,MAL21639,train
lap,MAL21641,train
lap,MAL21647,validation
lap,MAL21649,train
lap,MAL21653,train
lap,MAL21659,train
lap,MAL21663,test
lap,MAL21667,train
lap,MAL21671,train
lap,MAL21677,test
lap,MAL21679,train
lap,MAL21681,train
lap,MAL21695,train
lap,MAL21701,test
lap,MAL21703,train
lap,MAL21707,train
lap,MAL21711,train
lap,MAL21713,train
lap,MAL21715,train
lap,MAL21717,train
lap,MAL21729,test
lap,MAL21737,validation
lap,MAL21743,validation
lap,MAL21749,train
lap,MAL21751,train
lap,MAL21755,train
lap,MAL21765,train
lap,MAL21771,train
lap,MAL21773,train
lap,MAL21775,train
lap,MAL21781,train
lap,MAL21809,train
lap,MAL21821,train
lap,MAL21829,test
lap,MAL21831,train
lap,MAL21833,train
lap,MAL21835,train
lap,MAL21843,train
lap,MAL21845,train
lap,MAL21851,test
lap,MAL21853,train
lap,MAL21855,train
lap,MAL21861,train
lap,MAL21863,train
lap,MAL21867,train
lap,MAL21869,train
lap,MAL21875,train
lap,MAL21877,train
lap,MAL21879,train
lap,MAL21881,test
lap,MAL21891,test
lap,MAL21899,train
lap,MAL21913,test
lap,MAL21925,train
lap,MAL21933,validation
lap,MAL21935,train
lap,MAL21937,test
lap,MAL21939,train
lap,MAL21941,train
lap,MAL21943,validation
lap,MAL21945,train
lap,MAL21947,train
lap,MAL21951,train
lap,MAL21953,train
lap,MAL21955,train
lap,MAL21957,train
lap,MAL21959,train
lap,MAL21961,train
lap,MAL21963,train
lap,MAL21967,train
lap,MAL21969,train
lap,MAL21971,test
lap,MAL21973,train
lap,MAL21975,train
lap,MAL21981,train
lap,MAL21995,train
lap,MAL21997,validation
lap,MAL21999,train
lap,MAL22013,train
lap,MAL22031,train
lap,MAL22035,train
lap,MAL22037,train
lap,MAL22039,train
lap,MAL22043,train
lap,MAL22049,train
lap,MAL22053,train
lap,MAL22057,train
lap,MAL22059,train
lap,MAL22065,train
lap,MAL22069,train
lap,MAL22071,test
lap,MAL22081,test
lap,MAL22093,validation
lap,MAL22097,train
lap,MAL22099,validation
lap,MAL22101,test
lap,MAL22111,validation
lap,MAL22113,train
lap,MAL22117,test
lap,MAL22119,test
lap,MAL22123,train
lap,MAL22125,train
lap,MAL22131,train
lap,MAL22135,test
lap,MAL22137,validation
lap,MAL22145,validation
lap,MAL22147,test
lap,MAL22157,train
lap,MAL22159,test
lap,MAL22161,validation
lap,MAL22163,test
lap,MAL22165,validation
lap,MAL22167,train
lap,MAL22169,train
lap,MAL22171,train
lap,MAL22173,train
lap,MAL22175,train
lap,MAL22177,test
lap,MAL22181,validation
lap,MAL22189,test
lap,MAL22197,train
lap,MAL22199,train
lap,MAL22205,test
lap,MAL22215,train
lap,MAL22219,train
lap,MAL22221,train
lap,MAL22225,test
lap,MAL22231,train
lap,MAL22239,train
lap,MAL22241,train
lap,MAL22247,train
lap,MAL22249,train
lap,MAL22255,train
lap,MAL22265,test
lap,MAL22271,train
lap,MAL22273,train
lap,MAL22275,test
lap,MAL22279,validation
lap,MAL22293,train
lap,MAL22295,train
lap,MAL22297,validation
lap,MAL22313,train
lap,MAL22319,train
lap,MAL22325,train
lap,MAL22327,train
lap,MAL22329,train
lap,MAL22345,validation
lap,MAL22347,train
lap,MAL22359,validation
lap,MAL22361,test
lap,MAL22377,test
lap,MAL22381,train
lap,MAL22385,train
lap,MAL22393,train
lap,MAL22411,train
lap,MAL22413,train
lap,MAL22417,train
lap,MAL22419,train
lap,MAL22421,test
lap,MAL22427,test
lap,MAL22429,train
lap,MAL22433,train
lap,MAL22435,train
lap,MAL22439,train
lap,MAL22441,validation
lap,MAL22443,train
lap,MAL22445,train
lap,MAL22447,train
lap,MAL22449,train
lap,MAL22455,train
lap,MAL22459,train
lap,MAL22461,train
lap,MAL22465,train
lap,MAL22467,train
lap,MAL22469,train
lap,MAL22471,train
lap,MAL22473,train
lap,MAL22477,train
lap,MAL22479,test
lap,MAL22483,train
lap,MAL22487,train
lap,MAL22489,train
lap,MAL22491,validation
lap,MAL22495,train
lap,MAL22497,train
lap,MAL22503,train
lap,MAL22509,train
lap,MAL22513,train
lap,MAL22523,train
lap,MAL22535,train
lap,MAL22537,validation
lap,MAL22541,train
lap,MAL22543,train
lap,MAL22547,train
lap,MAL22561,validation
lap,MAL22563,train
lap,MAL22571,train
lap,MAL22583,test
lap,MAL22585,test
lap,MAL22593,train
lap,MAL22595,test
lap,MAL22603,train
lap,MAL22605,train
lap,MAL22607,train
lap,MAL22609,train
lap,MAL22611,train
lap,MAL22613,train
lap,MAL22615,train
lap,MAL22617,train
lap,MAL22619,train
lap,MAL22621,train
lap,MAL22625,train
lap,MAL22627,train
lap,MAL22631,test
lap,MAL22637,validation
lap,MAL22639,test
lap,MAL22641,test
lap,MAL22643,validation
lap,MAL22645,train
lap,MAL22647,train
lap,MAL22649,validation
lap,MAL22651,train
lap,MAL22653,train
lap,MAL22655,test
lap,MAL22657,train
lap,MAL22661,test
lap,MAL22663,test
lap,MAL22669,train
lap,MAL22671,train
lap,MAL22673,train
lap,MAL22675,train
lap,MAL22677,validation
lap,MAL22683,train
lap,MAL22687,train
lap,MAL22689,train
lap,MAL22693,test
lap,MAL22695,train
lap,MAL22699,train
lap,MAL22709,train
lap,MAL22711,test
lap,MAL22729,test
lap,MAL22733,train
lap,MAL22735,train
lap,MAL22745,train
lap,MAL22755,train
lap,MAL22757,train
lap,MAL22759,train
lap,MAL22777,train
lap,MAL22785,train
lap,MAL22789,validation
lap,MAL22791,train
lap,MAL22815,train
lap,MAL22817,test
lap,MAL22819,validation
lap,MAL22821,train
lap,MAL22827,train
lap,MAL22831,test
lap,MAL22835,train
lap,MAL22839,train
lap,MAL22841,test
lap,MAL22845,train
lap,MAL22847,train
lap,MAL22849,train
lap,MAL22851,train
lap,MAL22865,train
lap,MAL22877,test
lap,MAL22887,test
lap,MAL22893,train
lap,MAL22901,train
lap,MAL22953,test
lap,MAL22955,train
lap,MAL22959,test
lap,MAL22961,test
lap,MAL22973,validation
lap,MAL22975,train
lap,MAL22977,train
lap,MAL22979,train
lap,MAL22981,train
lap,MAL22985,validation
lap,MAL22991,train
lap,MAL22993,train
lap,MAL22997,train
lap,MAL22999,train
lap,MAL23001,validation
lap,MAL23005,test
lap,MAL23007,train
lap,MAL23009,train
lap,MAL23011,train
lap,MAL23013,train
lap,MAL23015,train
lap,MAL23023,test
lap,MAL23029,train
lap,MAL23031,train
lap,MAL23033,validation
lap,MAL23037,train
lap,MAL23043,test
lap,MAL23047,train
lap,MAL23051,test
lap,MAL23053,train
lap,MAL23055,train
lap,MAL23057,train
lap,MAL23059,train
lap,MAL23061,train
lap,MAL23063,train
lap,MAL23065,validation
lap,MAL23067,train
lap,MAL23079,train
lap,MAL23083,test
lap,MAL23085,train
lap,MAL23089,train
lap,MAL23099,train
lap,MAL23101,train
lap,MAL23107,train
lap,MAL23121,train
lap,MAL23125,train
lap,MAL23129,train
lap,MAL23133,train
lap,MAL23135,train
lap,MAL23137,test
lap,MAL23149,train
lap,MAL23151,train
lap,MAL23153,train
lap,MAL23157,train
lap,MAL23171,train
lap,MAL23179,validation
lap,MAL23199,train
lap,MAL23201,validation
lap,MAL23209,train
lap,MAL23213,train
lap,MAL23225,train
lap,MAL23227,validation
lap,MAL23229,train
lap,MAL23233,train
lap,MAL23237,test
lap,MAL23245,train
lap,MAL23247,train
lap,MAL23249,train
lap,MAL23251,train
lap,MAL23259,train
lap,MAL23265,train
lap,MAL23267,train
lap,MAL23269,train
lap,MAL23273,test
lap,MAL23275,test
lap,MAL23277,test
lap,MAL23279,train
lap,MAL23281,train
lap,MAL23283,train
lap,MAL23285,test
lap,MAL23289,validation
lap,MAL23293,train
lap,MAL23299,train
lap,MAL23301,train
lap,MAL23303,train
lap,MAL23305,train
lap,MAL23309,train
lap,MAL23311,train
lap,MAL23313,train
lap,MAL23315,train
lap,MAL23317,train
lap,MAL23319,test
lap,MAL23321,test
lap,MAL23325,train
lap,MAL23327,test
lap,MAL23333,train
lap,MAL23341,train
lap,MAL23343,validation
lap,MAL23345,train
lap,MAL23347,train
lap,MAL23349,train
lap,MAL23351,test
lap,MAL23353,test
lap,MAL23359,train
lap,MAL23361,train
lap,MAL23363,train
lap,MAL23365,train
lap,MAL23367,train
lap,MAL23369,train
lap,MAL23375,train
lap,MAL23383,train
lap,MAL23387,test
lap,MAL23393,train
lap,MAL23399,test
lap,MAL23401,test
lap,MAL23405,train
lap,MAL23407,train
lap,MAL23409,train
lap,MAL23421,train
lap,MAL23423,train
lap,MAL23427,train
lap,MAL23433,train
lap,MAL23439,train
lap,MAL23441,train
lap,MAL23447,train
lap,MAL23459,train
lap,MAL23477,validation
lap,MAL23483,test
lap,MAL23487,train
lap,MAL23499,train
lap,MAL23511,train
lap,MAL23515,validation
lap,MAL23517,train
lap,MAL23519,train
lap,MAL23523,train
lap,MAL23537,test
lap,MAL23539,test
lap,MAL23551,train
lap,MAL23555,train
lap,MAL23569,train
lap,MAL23575,train
lap,MAL23579,train
lap,MAL23581,train
lap,MAL23587,train
lap,MAL23593,train
lap,MAL23595,train
lap,MAL23597,train
lap,MAL23605,validation
lap,MAL23607,test
lap,MAL23609,train
lap,MAL23611,train
lap,MAL23613,train
lap,MAL23615,test
lap,MAL23617,train
lap,MAL23619,test
lap,MAL23621,train
lap,MAL23623,train
lap,MAL23627,train
lap,MAL23633,test
lap,MAL23639,train
lap,MAL23643,train
lap,MAL23645,train
lap,MAL23647,train
lap,MAL23659,train
lap,MAL23661,train
lap,MAL23665,train
lap,MAL23673,train
lap,MAL23675,test
lap,MAL23677,train
lap,MAL23697,train
lap,MAL23699,train
lap,MAL23701,train
lap,MAL23703,train
lap,MAL23707,train
lap,MAL23709,test
lap,MAL23711,train
lap,MAL23713,train
lap,MAL23719,train
lap,MAL23721,validation
lap,MAL23723,test
lap,MAL23725,train
lap,MAL23727,train
lap,MAL23729,train
lap,MAL23731,train
lap,MAL23733,train
lap,MAL23737,train
lap,MAL23741,train
lap,MAL23755,train
lap,MAL23759,train
lap,MAL23761,train
lap,MAL23763,train
lap,MAL23765,train
lap,MAL23767,train
lap,MAL23769,train
lap,MAL23775,validation
lap,MAL23777,validation
lap,MAL23779,validation
lap,MAL23781,train
lap,MAL23787,train
lap,MAL23799,validation
lap,MAL23801,test
lap,MAL23815,train
lap,MAL23819,train
lap,MAL23825,train
lap,MAL23829,train
lap,MAL23831,train
lap,MAL23835,train
lap,MAL23847,validation
lap,MAL23849,train
lap,MAL23855,train
lap,MAL23857,train
lap,MAL23861,train
lap,MAL23863,train
lap,MAL23865,train
lap,MAL23867,test
lap,MAL23869,train
lap,MAL23871,train
lap,MAL23877,train
lap,MAL23881,train
lap,MAL23889,train
lap,MAL23895,train
lap,MAL23897,train
lap,MAL23901,train
lap,MAL23903,train
lap,MAL23909,validation
lap,MAL23915,test
lap,MAL23917,train
lap,MAL23931,train
lap,MAL23933,train
lap,MAL23935,train
lap,MAL23943,train
lap,MAL23945,test
lap,MAL23967,test
lap,MAL23969,train
lap,MAL23973,train
lap,MAL23975,train
lap,MAL23979,train
lap,MAL23983,test
lap,MAL23985,train
lap,MAL23987,train
lap,MAL23989,validation
lap,MAL23991,train
lap,MAL24011,train
lap,MAL24019,validation
lap,MAL24021,train
lap,MAL24031,train
lap,MAL24037,validation
lap,MAL24041,train
lap,MAL24045,train
lap,MAL24047,train
lap,MAL24049,train
lap,MAL24051,train
lap,MAL24053,train
lap,MAL24071,test
lap,MAL24073,train
lap,MAL24075,train
lap,MAL24085,train
lap,MAL24087,test
lap,MAL24089,train
lap,MAL24093,validation
lap,MAL24109,train
lap,MAL24121,train
lap,MAL24123,test
lap,MAL24127,train
lap,MAL24133,validation
lap,MAL24135,validation
lap,MAL24139,train
lap,MAL24151,train
lap,MAL24159,train
lap,MAL24169,validation
lap,MAL24171,train
lap,MAL24175,train
lap,MAL24179,train
lap,MAL24181,train
lap,MAL24197,validation
lap,MAL24199,train
lap,MAL24201,train
lap,MAL24211,train
lap,MAL24227,train
lap,MAL24231,train
lap,MAL24237,train
lap,MAL24257,train
lap,MAL24261,train
lap,MAL24269,test
lap,MAL24271,train
lap,MAL24273,train
lap,MAL24275,test
lap,MAL24277,test
lap,MAL24315,train
lap,MAL24317,train
lap,MAL24321,train
lap,MAL24327,train
lap,MAL24347,train
lap,MAL24355,train
lap,MAL24357,train
lap,MAL24363,train
lap,MAL24365,train
lap,MAL24371,train
lap,MAL24373,train
lap,MAL24377,test
lap,MAL24403,train
lap,MAL24405,train
lap,MAL24415,test
lap,MAL24417,train
lap,MAL24429,train
lap,MAL24437,train
lap,MAL24439,test
lap,MAL24441,train
lap,MAL24443,train
lap,MAL24447,train
lap,MAL24451,train
lap,MAL24453,train
lap,MAL24455,test
lap,MAL24457,train
lap,MAL24459,train
lap,MAL24465,train
lap,MAL24469,train
lap,MAL24471,validation
lap,MAL24475,train
lap,MAL24489,validation
lap,MAL24501,train
lap,MAL24527,train
lap,MAL24531,train
lap,MAL24543,train
lap,MAL24591,train
lap,MAL24603,train
lap,MAL24619,validation
lap,MAL24625,train
lap,MAL24627,train
lap,MAL24629,train
lap,MAL24633,train
lap,MAL24641,train
lap,MAL24655,train
lap,MAL24663,train
lap,MAL24669,train
lap,MAL24675,train
lap,MAL24681,train
lap,MAL24683,train
lap,MAL24695,train
lap,MAL24699,train
lap,MAL24701,validation
lap,MAL24703,test
lap,MAL24705,validation
lap,MAL24713,train
lap,MAL24719,train
lap,MAL24727,train
lap,MAL24743,train
lap,MAL24745,train
lap,MAL24763,train
lap,MAL24765,train
lap,MAL24773,train
lap,MAL24775,train
lap,MAL24781,train
lap,MAL24783,train
lap,MAL24785,train
lap,MAL24789,train
lap,MAL24791,train
lap,MAL24793,train
lap,MAL24797,train
lap,MAL24803,train
lap,MAL24807,train
lap,MAL24809,train
lap,MAL24811,test
lap,MAL24817,validation
lap,MAL24819,train
lap,MAL24821,train
lap,MAL24823,train
lap,MAL24833,train
lap,MAL24835,train
lap,MAL24839,train
lap,MAL24843,train
lap,MAL24845,train
lap,MAL24849,train
lap,MAL24851,train
lap,MAL24855,train
lap,MAL24857,train
lap,MAL24859,train
lap,MAL24861,test
lap,MAL24865,train
lap,MAL24869,train
lap,MAL24873,train
lap,MAL24875,validation
lap,MAL24877,train
lap,MAL24881,test
lap,MAL24883,test
lap,MAL24893,train
lap,MAL24901,train
lap,MAL24903,train
lap,MAL24905,train
lap,MAL24909,train
lap,MAL24911,train
lap,MAL24913,train
lap,MAL24919,train
lap,MAL24921,test
lap,MAL24923,train
lap,MAL24927,train
lap,MAL24967,validation
lap,MAL24969,train
lap,MAL24973,train
lap,MAL24975,train
lap,MAL24977,train
lap,MAL24981,train
lap,MAL24985,train
lap,MAL24987,train
lap,MAL24989,train
lap,MAL24991,train
lap,MAL24995,train
lap,MAL24997,test
lap,MAL24999,train
lap,MAL25011,train
lap,MAL25013,train
lap,MAL25015,train
lap,MAL25027,train
lap,MAL25029,train
lap,MAL25033,test
lap,MAL25035,validation
lap,MAL25045,train
lap,MAL25049,train
lap,MAL25051,test
lap,MAL25053,train
lap,MAL25055,train
lap,MAL25057,test
lap,MAL25059,train
lap,MAL25061,test
lap,MAL25063,test
lap,MAL25065,train
lap,MAL25069,train
lap,MAL25071,train
lap,MAL25073,test
lap,MAL25077,test
lap,MAL25091,train
lap,MAL25093,train
lap,MAL25095,train
lap,MAL25099,train
lap,MAL25101,train
lap,MAL25103,train
lap,MAL25109,train
lap,MAL25117,train
lap,MAL25139,validation
lap,MAL25143,train
lap,MAL25149,train
lap,MAL25157,train
lap,MAL25159,test
lap,MAL25161,train
lap,MAL25169,train
lap,MAL25173,validation
lap,MAL25183,train
lap,MAL25193,train
lap,MAL25241,validation
lap,MAL25253,train
lap,MAL25257,train
lap,MAL25265,train
lap,MAL25267,train
lap,MAL25271,train
lap,MAL25283,train
lap,MAL25291,train
lap,MAL25293,train
lap,MAL25299,train
lap,MAL25301,train
lap,MAL25303,train
lap,MAL25305,train
lap,MAL25313,validation
lap,MAL25329,train
lap,MAL25341,test
lap,MAL25345,train
lap,MAL25363,validation
lap,MAL25365,train
lap,MAL25375,test
lap,MAL25377,train
lap,MAL25383,train
lap,MAL25389,train
lap,MAL25397,train
lap,MAL25429,validation
lap,MAL25431,test
lap,MAL25437,train
lap,MAL25457,train
lap,MAL25461,train
lap,MAL25473,train
lap,MAL25491,validation
lap,MAL25495,train
lap,MAL25503,train
lap,MAL25517,train
lap,MAL25519,train
lap,MAL25533,train
lap,MAL25537,validation
lap,MAL25541,train
lap,MAL25545,test
lap,MAL25547,train
lap,MAL25549,validation
lap,MAL25589,train
lap,MAL25591,train
lap,MAL25597,test
lap,MAL25599,train
lap,MAL25605,train
lap,MAL25607,test
lap,MAL25609,train
lap,MAL25611,train
lap,MAL25613,train
lap,MAL25615,train
lap,MAL25617,validation
lap,MAL25619,test
lap,MAL25623,train
lap,MAL25627,train
lap,MAL25633,train
lap,MAL25639,train
lap,MAL25641,train
lap,MAL25649,test
lap,MAL25661,test
lap,MAL25667,train
lap,MAL25669,test
lap,MAL25681,test
lap,MAL25687,train
lap,MAL25689,train
lap,MAL25719,train
lap,MAL25729,test
lap,MAL25731,train
lap,MAL25755,train
lap,MAL25777,train
lap,MAL25781,train
lap,MAL25801,train
lap,MAL25805,test
lap,MAL25809,validation
lap,MAL25815,train
lap,MAL25833,train
lap,MAL25835,train
lap,MAL25839,train
lap,MAL25857,train
lap,MAL25859,test
lap,MAL25861,train
lap,MAL25867,train
lap,MAL25871,train
lap,MAL25873,train
lap,MAL25875,train
lap,MAL25877,train
lap,MAL25879,validation
lap,MAL25889,train
lap,MAL25891,train
lap,MAL25907,train
lap,MAL25915,train
lap,MAL25921,train
lap,MAL25923,train
lap,MAL25939,train
lap,MAL25941,test
lap,MAL25943,train
lap,MAL25963,train
lap,MAL25965,train
lap,MAL25967,train
lap,MAL25969,train
lap,MAL25971,train
lap,MAL25973,train
lap,MAL25975,train
lap,MAL25977,validation
lap,MAL25979,train
lap,MAL25981,validation
lap,MAL25983,train
lap,MAL25985,train
lap,MAL25987,validation
lap,MAL25991,train
lap,MAL25999,train
lap,MAL26007,train
lap,MAL26009,train
lap,MAL26011,test
lap,MAL26013,train
lap,MAL26015,train
lap,MAL26017,train
lap,MAL26019,test
lap,MAL26023,train
lap,MAL26031,train
lap,MAL26033,train
lap,MAL26035,validation
lap,MAL26053,test
lap,MAL26055,train
lap,MAL26057,train
lap,MAL26059,train
lap,MAL26081,train
lap,MAL26085,validation
lap,MAL26087,train
lap,MAL26089,train
lap,MAL26091,train
lap,MAL26093,train
lap,MAL26095,train
lap,MAL26097,train
lap,MAL26099,train
lap,MAL26101,train
lap,MAL26103,train
lap,MAL26105,train
lap,MAL26107,train
lap,MAL26109,validation
lap,MAL26111,train
lap,MAL26113,train
lap,MAL26115,train
lap,MAL26117,train
lap,MAL26119,validation
lap,MAL26123,validation
lap,MAL26133,train
lap,MAL26135,train
lap,MAL26137,train
lap,MAL26139,train
lap,MAL26141,test
lap,MAL26143,test
lap,MAL26145,train
lap,MAL26147,train
lap,MAL26149,train
lap,MAL26151,test
lap,MAL26153,train
lap,MAL26155,train
lap,MAL26157,train
lap,MAL26159,test
lap,MAL26163,train
lap,MAL26165,test
lap,MAL26183,test
lap,MAL26197,train
lap,MAL26199,train
lap,MAL26213,test
lap,MAL26215,train
lap,MAL26217,train
lap,MAL26219,test
lap,MAL26221,train
lap,MAL26223,train
lap,MAL26225,train
lap,MAL26227,train
lap,MAL26229,test
lap,MAL26231,test
lap,MAL26233,validation
lap,MAL26235,train
lap,MAL26237,train
lap,MAL26239,train
lap,MAL26241,test
lap,MAL26243,train
lap,MAL26247,test
lap,MAL26249,train
lap,MAL26251,train
lap,MAL26253,train
lap,MAL26255,train
lap,MAL26257,validation
lap,MAL26259,train
lap,MAL26261,train
lap,MAL26263,test
lap,MAL26265,train
lap,MAL26267,train
lap,MAL26269,train
lap,MAL26271,test
lap,MAL26273,train
lap,MAL26275,train
lap,MAL26277,train
lap,MAL26279,train
lap,MAL26281,test
lap,MAL26283,train
lap,MAL26285,train
lap,MAL26287,train
lap,MAL26289,train
lap,MAL26291,train
lap,MAL26293,train
lap,MAL26295,train
lap,MAL26297,train
lap,MAL26299,validation
lap,MAL26301,validation
lap,MAL26303,train
lap,MAL26305,train
lap,MAL26307,train
lap,MAL26309,train
lap,MAL26311,train
lap,MAL26313,train
lap,MAL26315,train
lap,MAL26317,test
lap,MAL26319,train
lap,MAL26321,validation
lap,MAL26323,train
lap,MAL26325,train
lap,MAL26327,train
lap,MAL26329,train
lap,MAL26331,train
lap,MAL26333,train
lap,MAL26335,test
lap,MAL26337,train
lap,MAL26339,validation
lap,MAL26341,test
lap,MAL26345,train
lap,MAL26347,train
lap,MAL26349,train
lap,MAL26351,test
lap,MAL26359,test
lap,MAL26395,train
lap,MAL26441,train
lap,MAL26443,train
lap,MAL26447,train
lap,MAL26449,train
lap,MAL26453,train
lap,MAL27363,test
lap,MAL27369,train
lap,MAL27371,train
lap,MAL27373,train
lap,MAL27375,train
lap,MAL27377,train
lap,MAL27379,train
lap,MAL27387,train
lap,MAL27389,train
lap,MAL27393,train
lap,MAL27399,test
lap,MAL27405,train
lap,MAL27411,train
lap,MAL27413,train
lap,MAL27417,train
lap,MAL27437,train
lap,MAL27441,train
lap,MAL27451,train
lap,MAL27453,train
lap,MAL27455,train
lap,MAL27457,train
lap,MAL27459,train
lap,MAL27461,validation
lap,MAL27463,validation
lap,MAL27465,train
lap,MAL27467,train
lap,MAL27491,train
lap,MAL27493,train
lap,MAL27495,test
lap,MAL27497,train
lap,MAL27501,train
lap,MAL27503,train
lap,MAL27509,train
lap,MAL27519,train
lap,MAL27521,test
lap,MAL27525,train
lap,MAL27539,train
lap,MAL27551,test
lap,MAL27557,train
lap,MAL27559,train
lap,MAL27561,validation
lap,MAL27567,validation
lap,MAL27569,test
lap,MAL27571,train
lap,MAL27573,train
lap,MAL27575,train
lap,MAL27577,train
lap,MAL27579,train
lap,MAL27589,train
lap,MAL27601,train
lap,MAL27603,train
lap,MAL27613,train
lap,MAL27619,train
lap,MAL27621,train
lap,MAL27629,train
lap,MAL27631,train
lap,MAL27633,train
lap,MAL27651,train
lap,MAL27653,train
lap,MAL27655,train
lap,MAL27663,train
lap,MAL27681,train
lap,MAL27683,train
lap,MAL27687,validation
lap,MAL27693,train
lap,MAL27709,validation
lap,MAL27721,test
lap,MAL27723,train
lap,MAL27727,test
lap,MAL27737,validation
lap,MAL27741,train
lap,MAL27747,test
lap,MAL27757,train
lap,MAL27775,train
lap,MAL27783,train
lap,MAL27785,train
lap,MAL27787,validation
lap,MAL27789,test
lap,MAL27793,train
lap,MAL27811,train
lap,MAL27815,train
lap,MAL27825,train
lap,MAL27829,train
lap,MAL27831,train
lap,MAL27833,train
lap,MAL27837,train
lap,MAL27839,train
lap,MAL27841,validation
lap,MAL27843,train
lap,MAL27845,train
lap,MAL27847,train
lap,MAL27851,train
lap,MAL27853,train
lap,MAL27855,train
lap,MAL27857,train
lap,MAL27879,train
lap,MAL27881,train
lap,MAL27887,test
lap,MAL27899,test
lap,MAL27909,train
lap,MAL27911,test
lap,MAL27915,test
lap,MAL27921,train
lap,MAL27927,train
lap,MAL27939,train
lap,MAL27943,train
lap,MAL27947,test
lap,MAL27949,train
lap,MAL27951,train
lap,MAL27957,train
lap,MAL27963,train
lap,MAL27965,test
lap,MAL27967,train
lap,MAL27969,test
lap,MAL27989,train
lap,MAL27991,train
lap,MAL27993,train
lap,MAL27997,validation
lap,MAL28013,train
lap,MAL28017,train
lap,MAL28021,test
lap,MAL28025,train
lap,MAL28035,train
lap,MAL28041,test
lap,MAL28045,train
lap,MAL28047,train
lap,MAL28049,train
lap,MAL28051,train
lap,MAL28053,train
lap,MAL28055,train
lap,MAL28057,train
lap,MAL28063,train
lap,MAL28067,train
lap,MAL28069,train
lap,MAL28071,train
lap,MAL28073,test
lap,MAL28077,train
lap,MAL28085,validation
lap,MAL28087,train
lap,MAL28089,validation
lap,MAL28091,train
lap,MAL28093,test
lap,MAL28097,validation
lap,MAL28099,test
lap,MAL28101,validation
lap,MAL28103,validation
lap,MAL28105,train
lap,MAL28109,train
lap,MAL28111,train
lap,MAL28113,test
lap,MAL28115,train
lap,MAL28117,train
lap,MAL28119,train
lap,MAL28121,train
lap,MAL28143,train
lap,MAL28145,test
lap,MAL28149,train
lap,MAL28151,train
lap,MAL28155,train
lap,MAL28157,train
lap,MAL28169,train
lap,MAL28171,train
lap,MAL28179,train
lap,MAL28185,train
lap,MAL28197,test
lap,MAL28201,test
lap,MAL28205,train
lap,MAL28207,train
lap,MAL28211,train
lap,MAL28215,test
lap,MAL28221,train
lap,MAL28223,train
lap,MAL28227,train
lap,MAL28235,train
lap,MAL28237,test
lap,MAL28241,train
lap,MAL28245,train
lap,MAL28247,train
lap,MAL28249,train
lap,MAL28251,validation
lap,MAL28257,train
lap,MAL28263,train
lap,MAL28283,train
lap,MAL28285,train
lap,MAL28293,train
lap,MAL28297,train
lap,MAL28299,test
lap,MAL28305,test
lap,MAL28309,train
lap,MAL28311,train
lap,MAL28313,train
lap,MAL28339,train
lap,MAL28347,train
lap,MAL28351,train
lap,MAL28353,test
lap,MAL28355,train
lap,MAL28361,train
lap,MAL28367,validation
lap,MAL28369,train
lap,MAL28371,test
lap,MAL28377,train
lap,MAL28381,train
lap,MAL28385,train
lap,MAL28387,train
lap,MAL28391,train
lap,MAL28401,train
lap,MAL28419,train
lap,MAL28423,train
lap,MAL28427,train
lap,MAL28431,train
lap,MAL28433,train
lap,MAL28439,train
lap,MAL28479,train
lap,MAL28483,train
lap,MAL28485,test
lap,MAL28489,train
lap,MAL28495,train
lap,MAL28497,train
lap,MAL28511,validation
lap,MAL28517,train
lap,MAL28519,train
lap,MAL28537,train
lap,MAL28539,train
lap,MAL28543,validation
lap,MAL28545,train
lap,MAL28547,train
lap,MAL28549,train
lap,MAL28551,train
lap,MAL28553,test
lap,MAL28555,train
lap,MAL28557,train
lap,MAL28559,train
lap,MAL28561,train
lap,MAL28563,test
lap,MAL28565,train
lap,MAL28567,train
lap,MAL28569,test
lap,MAL28571,train
lap,MAL28573,train
lap,MAL28575,train
lap,MAL28577,train
lap,MAL28579,test
lap,MAL28581,train
lap,MAL28583,test
lap,MAL28585,train
lap,MAL28587,train
lap,MAL28591,train
lap,MAL28593,train
lap,MAL28595,train
lap,MAL28607,validation
lap,MAL28615,train
lap,MAL28617,validation
lap,MAL28619,train
lap,MAL28621,train
lap,MAL28623,train
lap,MAL28625,train
lap,MAL28631,validation
lap,MAL28637,test
lap,MAL28639,train
lap,MAL28641,train
lap,MAL28645,validation
lap,MAL28653,train
lap,MAL28655,train
lap,MAL28665,train
lap,MAL28669,train
lap,MAL28673,train
lap,MAL28675,train
lap,MAL28677,train
lap,MAL28683,test
lap,MAL28687,validation
lap,MAL28689,train
lap,MAL28693,train
lap,MAL28695,train
lap,MAL28701,train
lap,MAL28713,train
lap,MAL28715,train
lap,MAL28717,train
lap,MAL28723,train
lap,MAL28725,train
lap,MAL28735,train
lap,MAL28749,train
lap,MAL28755,train
lap,MAL28759,train
lap,MAL28761,train
lap,MAL28765,test
lap,MAL28771,test
lap,MAL28775,train
lap,MAL28779,train
lap,MAL28789,train
lap,MAL28791,test
lap,MAL28805,train
lap,MAL28809,train
lap,MAL28813,test
lap,MAL28815,train
lap,MAL28817,train
lap,MAL28819,train
lap,MAL28825,train
lap,MAL28827,train
lap,MAL28829,test
lap,MAL28831,train
lap,MAL28833,test
lap,MAL28835,train
lap,MAL28841,train
lap,MAL28843,train
lap,MAL28851,train
lap,MAL28853,train
lap,MAL28859,test
lap,MAL28861,train
lap,MAL28869,train
lap,MAL28881,train
lap,MAL28883,train
lap,MAL28887,train
lap,MAL28891,test
lap,MAL28897,validation
lap,MAL28907,validation
lap,MAL28913,train
lap,MAL28915,train
lap,MAL28921,train
lap,MAL28925,train
lap,MAL28927,test
lap,MAL28929,test
lap,MAL28951,train
lap,MAL28953,train
lap,MAL28955,train
lap,MAL28957,train
lap,MAL28961,train
lap,MAL28963,train
lap,MAL28965,train
lap,MAL28977,train
lap,MAL28979,train
lap,MAL28981,train
lap,MAL28983,train
lap,MAL28987,train
lap,MAL28989,train
lap,MAL28991,test
lap,MAL28993,train
lap,MAL28999,test
lap,MAL29003,train
lap,MAL29017,train
lap,MAL29027,train
lap,MAL29035,test
lap,MAL29053,test
lap,MAL29067,train
lap,MAL29073,train
lap,MAL29083,train
lap,MAL29085,train
lap,MAL29087,train
lap,MAL29089,train
lap,MAL29093,train
lap,MAL29095,train
lap,MAL29099,validation
lap,MAL29101,train
lap,MAL29103,test
lap,MAL29105,train
lap,MAL29107,validation
lap,MAL29111,validation
lap,MAL29123,train
lap,MAL29129,train
lap,MAL29135,train
lap,MAL29141,train
lap,MAL29151,train
lap,MAL29153,train
lap,MAL29163,train
lap,MAL29165,train
lap,MAL29173,train
lap,MAL29177,train
lap,MAL29179,train
lap,MAL29181,train
lap,MAL29207,train
lap,MAL29209,validation
lap,MAL29223,train
lap,MAL29231,test
lap,MAL29233,train
lap,MAL29235,train
lap,MAL29247,train
lap,MAL29249,validation
lap,MAL29255,train
lap,MAL29261,validation
lap,MAL29267,train
lap,MAL29269,validation
lap,MAL29271,train
lap,MAL29273,train
lap,MAL29291,train
lap,MAL29301,train
lap,MAL29307,train
lap,MAL29325,train
lap,MAL29347,validation
lap,MAL29349,train
lap,MAL29351,train
lap,MAL29353,train
lap,MAL29355,train
lap,MAL29357,test
lap,MAL29359,validation
lap,MAL29361,train
lap,MAL29365,test
lap,MAL29367,train
lap,MAL29369,train
lap,MAL29371,train
lap,MAL29373,train
lap,MAL29375,train
lap,MAL29379,test
lap,MAL29383,test
lap,MAL29385,train
lap,MAL29387,train
lap,MAL29389,train
lap,MAL29391,train
lap,MAL29393,test
lap,MAL29395,train
lap,MAL29397,train
lap,MAL29399,train
lap,MAL29401,test
lap,MAL29403,train
lap,MAL29409,train
lap,MAL29411,test
lap,MAL29419,train
lap,MAL29421,test
lap,MAL29423,train
lap,MAL29425,train
lap,MAL29427,train
lap,MAL29429,train
lap,MAL29431,validation
lap,MAL29433,test
lap,MAL29435,train
lap,MAL29437,train
lap,MAL29445,train
lap,MAL29451,validation
lap,MAL29453,train
lap,MAL29455,train
lap,MAL29457,train
lap,MAL29459,train
lap,MAL29467,test
lap,MAL29469,test
lap,MAL29471,train
lap,MAL29473,test
lap,MAL29475,train
lap,MAL29477,train
lap,MAL29479,test
lap,MAL29481,test
lap,MAL29483,train
lap,MAL29485,train
lap,MAL29487,train
lap,MAL29489,train
lap,MAL29491,test
lap,MAL29497,train
lap,MAL29499,train
lap,MAL29501,train
lap,MAL29503,test
lap,MAL29505,test
lap,MAL29507,validation
lap,MAL29511,train
lap,MAL29513,train
lap,MAL29515,train
lap,MAL29517,test
lap,MAL29527,validation
lap,MAL29529,train
lap,MAL29535,train
lap,MAL29543,validation
lap,MAL29545,train
lap,MAL29549,train
lap,MAL29551,train
lap,MAL29555,train
lap,MAL29557,train
lap,MAL29559,test
lap,MAL29573,train
lap,MAL29575,train
lap,MAL29583,train
lap,MAL29585,validation
lap,MAL29587,train
lap,MAL29589,test
lap,MAL29597,test
lap,MAL29603,train
lap,MAL29605,train
lap,MAL29609,train
lap,MAL29611,train
lap,MAL29613,test
lap,MAL29615,train
lap,MAL29617,train
lap,MAL29619,train
lap,MAL29623,train
lap,MAL29629,train
lap,MAL29643,train
lap,MAL29647,train
lap,MAL29649,train
lap,MAL29651,train
lap,MAL29653,test
lap,MAL29655,validation
lap,MAL29657,train
lap,MAL29661,train
lap,MAL29667,train
lap,MAL29675,train
lap,MAL29677,train
lap,MAL29679,train
lap,MAL29687,train
lap,MAL29697,train
lap,MAL29701,train
lap,MAL29703,train
lap,MAL29705,train
lap,MAL29707,train
lap,MAL29709,train
lap,MAL29712,test
lap,MAL29715,train
lap,MAL29716,train
lap,MAL29719,train
lap,MAL29722,train
lap,MAL29727,test
lap,MAL29730,test
lap,MAL29731,train
lap,MAL29733,train
lap,MAL29738,train
lap,MAL29739,train
lap,MAL29740,train
lap,MAL29741,validation
lap,MAL29742,train
lap,MAL29743,test
lap,MAL29744,train
lap,MAL29745,train
lap,MAL29746,train
lap,MAL29747,test
lap,MAL29748,train
lap,MAL29749,train
lap,MAL29751,train
lap,MAL29752,test
lap,MAL29755,train
lap,MAL29756,validation
lap,MAL29757,train
lap,MAL29758,train
lap,MAL29759,train
lap,MAL29765,train
lap,MAL29770,train
lap,MAL29771,test
lap,MAL29772,validation
lap,MAL29777,train
lap,MAL29778,train
lap,MAL29780,test
lap,MAL29785,train
lap,MAL29786,train
lap,MAL29787,train
lap,MAL29791,train
lap,MAL29792,train
lap,MAL29793,train
lap,MAL29795,train
lap,MAL29796,train
lap,MAL29797,validation
lap,MAL29798,train
lap,MAL29799,test
lap,MAL29800,train
lap,MAL29801,train
lap,MAL29803,train
lap,MAL29807,train
lap,MAL29808,train
lap,MAL29809,train
lap,MAL29812,train
lap,MAL29814,train
lap,MAL29820,test
lap,MAL29821,train
lap,MAL29822,train
lap,MAL29823,train
lap,MAL29825,validation
lap,MAL29829,train
lap,MAL29830,train
lap,MAL29831,test
lap,MAL29832,train
lap,MAL29833,train
lap,MAL29835,test
lap,MAL29836,train
lap,MAL29842,train
lap,MAL29843,test
lap,MAL29844,train
lap,MAL29846,train
lap,MAL29850,train
lap,MAL29851,validation
lap,MAL29852,train
lap,MAL29854,train
lap,MAL29855,train
lap,MAL29856,test
lap,MAL29857,train
lap,MAL29860,train
lap,MAL29861,train
lap,MAL29862,train
lap,MAL29863,train
lap,MAL29865,validation
lap,MAL29867,train
lap,MAL29868,train
lap,MAL29870,train
lap,MAL29871,test
lap,MAL29876,train
lap,MAL29886,train
lap,MAL29888,train
lap,MAL29889,train
lap,MAL29893,test
lap,MAL29895,test
lap,MAL29897,train
lap,MAL29898,train
lap,MAL29900,train
lap,MAL29901,train
lap,MAL29904,train
lap,MAL29905,train
lap,MAL29906,test
lap,MAL29907,test
lap,MAL29908,test
lap,MAL29910,train
lap,MAL29915,train
lap,MAL29916,train
lap,MAL29917,train
lap,MAL29918,train
lap,MAL29919,train
lap,MAL29920,train
lap,MAL29921,train
lap,MAL29922,train
lap,MAL29923,train
lap,MAL29925,train
lap,MAL29926,train
lap,MAL29927,train
lap,MAL29928,test
lap,MAL29929,train
lap,MAL29933,train
lap,MAL29935,train
lap,MAL29936,train
lap,MAL29937,train
lap,MAL29941,train
lap,MAL29943,validation
lap,MAL29944,test
lap,MAL29946,train
lap,MAL29947,train
lap,MAL29952,train
lap,MAL29953,train
lap,MAL29955,validation
lap,MAL29956,train
lap,MAL29957,test
lap,MAL29961,train
lap,MAL29963,test
lap,MAL29966,test
lap,MAL29970,train
lap,MAL29971,test
lap,MAL29972,train
lap,MAL29973,test
lap,MAL29974,train
lap,MAL29976,train
lap,MAL29978,train
lap,MAL29979,train
lap,MAL29980,train
lap,MAL29985,test
lap,MAL29987,train
lap,MAL29988,test
lap,MAL29989,train
lap,MAL29992,train
lap,MAL29994,train
lap,MAL29995,train
lap,MAL29999,train
lap,MAL30010,train
lap,MAL30012,train
lap,MAL30013,train
lap,MAL30014,train
lap,MAL30015,train
lap,MAL30016,validation
lap,MAL30018,test
lap,MAL30019,train
lap,MAL30024,train
lap,MAL30025,train
lap,MAL30026,train
lap,MAL30027,train
lap,MAL30028,train
lap,MAL30029,train
lap,MAL30030,train
lap,MAL30034,train
lap,MAL30036,train
lap,MAL30039,train
lap,MAL30042,test
lap,MAL30045,train
lap,MAL30046,test
lap,MAL30048,train
lap,MAL30051,test
lap,MAL30052,train
lap,MAL30053,train
lap,MAL30054,train
lap,MAL30055,train
lap,MAL30056,train
lap,MAL30057,train
lap,MAL30058,test
lap,MAL30059,train
lap,MAL30060,train
lap,MAL30061,train
lap,MAL30064,train
lap,MAL30065,train
lap,MAL30066,train
lap,MAL30070,train
lap,MAL30071,train
lap,MAL30072,train
lap,MAL30073,test
lap,MAL30074,train
lap,MAL30075,train
lap,MAL30076,train
lap,MAL30077,test
lap,MAL30078,test
lap,MAL30079,train
lap,MAL30080,train
lap,MAL30081,train
lap,MAL30082,validation
lap,MAL30083,validation
lap,MAL30085,train
lap,MAL30086,train
lap,MAL30088,train
lap,MAL30089,train
lap,MAL30090,train
lap,MAL30091,train
lap,MAL30092,train
lap,MAL30094,validation
lap,MAL30095,train
lap,MAL30096,test
lap,MAL30097,test
lap,MAL30098,train
lap,MAL30099,train
lap,MAL30100,train
lap,MAL30104,train
lap,MAL30105,train
lap,MAL30106,train
lap,MAL30116,test
lap,MAL30117,test
lap,MAL30118,train
lap,MAL30119,train
lap,MAL30120,train
lap,MAL30121,train
lap,MAL30122,train
lap,MAL30123,train
lap,MAL30124,train
lap,MAL30125,train
lap,MAL30127,test
lap,MAL30128,test
lap,MAL30129,train
lap,MAL30131,train
lap,MAL30132,train
lap,MAL30133,train
lap,MAL30134,test
lap,MAL30137,train
lap,MAL30138,train
lap,MAL30140,train
lap,MAL30143,train
lap,MAL30144,train
lap,MAL30148,train
lap,MAL30149,train
lap,MAL30150,validation
lap,MAL30151,validation
lap,MAL30152,test
lap,MAL30153,train
lap,MAL30154,test
lap,MAL30155,train
lap,MAL30156,train
lap,MAL30157,train
lap,MAL30158,train
lap,MAL30159,train
lap,MAL30160,test
lap,MAL30161,train
lap,MAL30162,train
lap,MAL30163,train
lap,MAL30164,train
lap,MAL30165,validation
lap,MAL30166,test
lap,MAL30167,train
lap,MAL30169,train
lap,MAL30173,train
lap,MAL30176,train
lap,MAL30177,test
lap,MAL30178,train
lap,MAL30187,test
lap,MAL30191,train
lap,MAL30193,test
lap,MAL30196,train
lap,MAL30199,test
lap,MAL30200,train
lap,MAL30201,train
lap,MAL30202,train
lap,MAL30204,train
lap,MAL30205,validation
lap,MAL30206,train
lap,MAL30207,test
lap,MAL30208,train
lap,MAL30209,test
lap,MAL30210,train
lap,MAL30211,train
lap,MAL30212,train
lap,MAL30213,train
lap,MAL30214,train
lap,MAL30223,train
lap,MAL30228,train
lap,MAL30230,train
lap,MAL30232,train
lap,MAL30234,validation
lap,MAL30235,train
lap,MAL30240,train
lap,MAL30241,train
lap,MAL30242,test
lap,MAL30243,train
lap,MAL30246,test
lap,MAL30247,train
lap,MAL30249,train
lap,MAL30250,test
lap,MAL30251,validation
lap,MAL30262,train
lap,MAL30267,test
lap,MAL30268,test
lap,MAL30269,train
lap,MAL30276,train
lap,MAL30278,train
lap,MAL30279,test
lap,MAL30284,train
lap,MAL30289,validation
lap,MAL30290,test
lap,MAL30291,validation
lap,MAL30292,train
lap,MAL30296,train
lap,MAL30300,train
lap,MAL30305,train
lap,MAL30307,train
lap,MAL30309,train
lap,MAL30313,train
lap,MAL30321,train
lap,MAL30324,validation
lap,MAL30326,train
lap,MAL30327,test
lap,MAL30328,train
lap,MAL30330,train
lap,MAL30331,test
lap,MAL30332,train
lap,MAL30334,train
lap,MAL30335,test
lap,MAL30336,train
lap,MAL30337,validation
lap,MAL30339,test
lap,MAL30340,train
lap,MAL30341,train
lap,MAL30342,validation
lap,MAL30343,test
lap,MAL30346,train
lap,MAL30347,train
lap,MAL30349,train
lap,MAL30355,test
lap,MAL30358,train
lap,MAL30360,train
lap,MAL30362,train
lap,MAL30363,train
lap,MAL30364,train
lap,MAL30365,train
lap,MAL30367,train
lap,MAL30370,validation
lap,MAL30375,train
lap,MAL30376,train
lap,MAL30378,train
lap,MAL30379,test
lap,MAL30381,train
lap,MAL30382,test
lap,MAL30383,train
lap,MAL30384,train
lap,MAL30385,test
lap,MAL30386,train
lap,MAL30392,train
lap,MAL30393,test
lap,MAL30394,train
lap,MAL30396,train
lap,MAL30397,validation
lap,MAL30398,train
lap,MAL30399,test
lap,MAL30400,train
lap,MAL30401,train
lap,MAL30403,train
lap,MAL30404,train
lap,MAL30405,train
lap,MAL30407,train
lap,MAL30408,train
lap,MAL30409,test
lap,MAL30410,train
lap,MAL30411,train
lap,MAL30412,test
lap,MAL30413,train
lap,MAL30415,train
lap,MAL30417,test
lap,MAL30418,train
lap,MAL30419,train
lap,MAL30420,train
lap,MAL30424,train
lap,MAL30425,train
lap,MAL30427,train
lap,MAL30428,train
lap,MAL30429,train
lap,MAL30430,train
lap,MAL30431,train
lap,MAL30433,train
lap,MAL30435,train
lap,MAL30437,train
lap,MAL30438,train
lap,MAL30442,train
lap,MAL30443,train
lap,MAL30444,train
lap,MAL30445,train
lap,MAL30446,train
lap,MAL30447,train
lap,MAL30449,train
lap,MAL30450,train
lap,MAL30453,train
lap,MAL30454,test
lap,MAL30455,train
lap,MAL30458,train
lap,MAL30460,train
lap,MAL30463,train
lap,MAL30464,train
lap,MAL30470,train
lap,MAL30473,train
lap,MAL30481,train
lap,MAL30483,train
lap,MAL30484,validation
lap,MAL30485,train
lap,MAL30499,train
lap,MAL30503,train
lap,MAL30512,train
lap,MAL30514,train
lap,MAL30519,train
lap,MAL30524,train
lap,MAL30530,train
lap,MAL30531,test
lap,MAL30533,train
lap,MAL30534,train
lap,MAL30537,train
lap,MAL30543,test
lap,MAL30544,train
lap,MAL30547,test
lap,MAL30549,validation
lap,MAL30556,test
lap,MAL30559,train
lap,MAL30567,train
lap,MAL30571,test
lap,MAL30576,train
lap,MAL30582,test
lap,MAL30583,test
lap,MAL30585,train
lap,MAL30600,train
lap,MAL30602,test
lap,MAL30605,train
lap,MAL30614,train
lap,MAL30617,test
lap,MAL30625,train
lap,MAL30634,train
lap,MAL30646,train
lap,MAL30647,train
lap,MAL30648,validation
lap,MAL30649,train
lap,MAL30651,train
lap,MAL30652,train
lap,MAL30654,train
lap,MAL30658,train
lap,MAL30659,train
lap,MAL30663,train
lap,MAL30664,train
lap,MAL30668,train
lap,MAL30669,train
lap,MAL30673,train
lap,MAL30679,train
lap,MAL30686,train
lap,MAL30694,train
lap,MAL30695,train
lap,MAL30702,test
lap,MAL30704,train
lap,MAL30705,train
lap,MAL30709,train
lap,MAL30711,validation
lap,MAL30714,train
lap,MAL30721,train
lap,MAL30727,train
lap,MAL30732,train
lap,MAL30736,train
lap,MAL30738,validation
lap,MAL30739,test
lap,MAL30740,train
lap,MAL30741,train
lap,MAL30743,validation
lap,MAL30745,train
lap,MAL30746,train
lap,MAL30749,train
lap,MAL30751,train
lap,MAL30753,train
lap,MAL30754,train
lap,MAL30757,train
lap,MAL30759,train
lap,MAL30760,train
lap,MAL30761,train
lap,MAL30762,train
lap,MAL30763,test
lap,MAL30765,train
lap,MAL30766,train
lap,MAL30767,train
lap,MAL30770,train
lap,MAL30771,train
lap,MAL30777,train
lap,MAL30778,train
lap,MAL30781,validation
lap,MAL30782,train
lap,MAL30790,train
lap,MAL30795,validation
lap,MAL30796,train
lap,MAL30803,train
lap,MAL30806,train
lap,MAL30812,train
lap,MAL30813,test
lap,MAL30814,train
lap,MAL30817,train
lap,MAL30818,train
lap,MAL30826,train
lap,MAL30831,train
lap,MAL30840,test
lap,MAL30842,validation
lap,MAL30845,validation
lap,MAL30850,test
lap,MAL30851,validation
lap,MAL30859,validation
lap,MAL30860,train
lap,MAL30862,train
lap,MAL30864,train
lap,MAL30865,train
lap,MAL30868,train
lap,MAL30869,train
lap,MAL30870,test
lap,MAL30873,train
lap,MAL30885,train
lap,MAL30886,train
lap,MAL30891,train
lap,MAL30892,train
lap,MAL30893,train
lap,MAL30895,validation
lap,MAL30898,validation
lap,MAL30901,train
lap,MAL30902,train
lap,MAL30903,train
lap,MAL30905,train
lap,MAL30906,train
lap,MAL30907,train
lap,MAL30909,train
lap,MAL30911,train
lap,MAL30913,train
lap,MAL30914,train
lap,MAL30919,train
lap,MAL30920,train
lap,MAL30921,train
lap,MAL30922,train
lap,MAL30923,train
lap,MAL30924,train
lap,MAL30925,train
lap,MAL30926,train
lap,MAL30927,train
lap,MAL30928,train
lap,MAL30929,train
lap,MAL30930,test
lap,MAL30931,train
lap,MAL30932,train
lap,MAL30933,test
lap,MAL30935,train
lap,MAL30938,test
lap,MAL30939,train
lap,MAL30940,validation
lap,MAL30941,train
lap,MAL30942,train
lap,MAL30943,train
lap,MAL30944,train
lap,MAL30947,test
lap,MAL30948,train
lap,MAL30952,train
lap,MAL30953,train
lap,MAL30954,train
lap,MAL30955,train
lap,MAL30958,validation
lap,MAL30959,train
lap,MAL30960,train
lap,MAL30961,validation
lap,MAL30965,test
lap,MAL30967,train
lap,MAL30968,validation
lap,MAL30969,train
lap,MAL30970,train
lap,MAL30971,train
lap,MAL30974,train
lap,MAL30976,validation
lap,MAL30977,train
lap,MAL30978,train
lap,MAL30979,train
lap,MAL30980,train
lap,MAL30981,train
lap,MAL30982,train
lap,MAL30983,test
lap,MAL30984,train
lap,MAL30985,train
lap,MAL30988,validation
lap,MAL30989,train
lap,MAL30991,train
lap,MAL30997,train
lap,MAL30999,train
lap,MAL31000,train
lap,MAL31001,train
lap,MAL31002,train
lap,MAL31003,train
lap,MAL31004,train
lap,MAL31005,train
lap,MAL31007,train
lap,MAL31008,validation
lap,MAL31014,train
lap,MAL31016,train
lap,MAL31017,train
lap,MAL31018,train
lap,MAL31019,train
lap,MAL31020,train
lap,MAL31033,train
lap,MAL31034,train
lap,MAL31043,test
lap,MAL31044,train
lap,MAL31048,train
lap,MAL31049,train
lap,MAL31050,test
lap,MAL31051,train
lap,MAL31052,validation
lap,MAL31055,train
lap,MAL31056,test
lap,MAL31057,train
lap,MAL31068,train
lap,MAL31071,train
lap,MAL31073,train
lap,MAL31078,train
lap,MAL31080,train
lap,MAL31091,validation
lap,MAL31096,train
lap,MAL31098,train
lap,MAL31101,train
lap,MAL31102,train
lap,MAL31107,test
lap,MAL31108,train
lap,MAL31109,validation
lap,MAL31111,train
lap,MAL31113,train
lap,MAL31115,train
lap,MAL31116,validation
lap,MAL31117,validation
lap,MAL31118,train
lap,MAL31121,train
lap,MAL31129,train
lap,MAL31133,train
lap,MAL31135,train
lap,MAL31139,train
lap,MAL31143,train
lap,MAL31144,test
lap,MAL31145,test
lap,MAL31147,train
lap,MAL31149,train
lap,MAL31150,validation
lap,MAL31156,test
lap,MAL31157,train
lap,MAL31158,train
lap,MAL31163,train
lap,MAL31164,train
lap,MAL31165,train
lap,MAL31166,train
lap,MAL31168,train
lap,MAL31170,validation
lap,MAL31173,train
lap,MAL31174,train
lap,MAL31177,train
lap,MAL31178,train
lap,MAL31181,train
lap,MAL31189,train
lap,MAL31196,test
lap,MAL31201,test
lap,MAL31202,train
lap,MAL31205,train
lap,MAL31211,train
lap,MAL31221,train
lap,MAL31223,validation
lap,MAL31227,test
lap,MAL31229,train
lap,MAL31231,train
lap,MAL31233,train
lap,MAL31234,train
lap,MAL31235,train
lap,MAL31236,train
lap,MAL31237,train
lap,MAL31238,train
lap,MAL31239,train
lap,MAL31240,train
lap,MAL31245,train
lap,MAL31246,train
lap,MAL31251,validation
lap,MAL31252,train
lap,MAL31255,train
lap,MAL31257,train
lap,MAL31262,train
lap,MAL31264,train
lap,MAL31265,train
lap,MAL31267,train
lap,MAL31268,train
lap,MAL31269,train
lap,MAL31280,train
lap,MAL31283,train
lap,MAL31289,train
lap,MAL31297,train
lap,MAL31299,train
lap,MAL31300,validation
lap,MAL31310,train
lap,MAL31317,train
lap,MAL31318,train
lap,MAL31321,train
lap,MAL31324,train
lap,MAL31327,train
lap,MAL31331,train
lap,MAL31338,train
lap,MAL31339,train
lap,MAL31344,train
lap,MAL31348,train
lap,MAL31361,train
lap,MAL31362,train
lap,MAL31368,train
lap,MAL31369,train
lap,MAL31370,train
lap,MAL31373,train
lap,MAL31374,train
lap,MAL31376,train
lap,MAL31377,train
lap,MAL31378,train
lap,MAL31387,train
lap,MAL31389,test
lap,MAL31397,train
lap,MAL31400,train
lap,MAL31401,train
lap,MAL31402,validation
lap,MAL31403,validation
lap,MAL31404,test
lap,MAL31405,test
lap,MAL31410,train
lap,MAL31414,train
lap,MAL31417,train
lap,MAL31418,train
lap,MAL31422,train
lap,MAL31424,train
lap,MAL31427,train
lap,MAL31430,train
lap,MAL31433,train
lap,MAL31436,train
lap,MAL31439,train
lap,MAL31440,test
lap,MAL31442,train
lap,MAL31445,train
lap,MAL31450,train
lap,MAL31452,train
lap,MAL31454,train
lap,MAL31456,train
lap,MAL31463,train
lap,MAL31464,train
lap,MAL31467,train
lap,MAL31471,train
lap,MAL31476,train
lap,MAL31478,train
lap,MAL31483,train
lap,MAL31485,train
lap,MAL31486,train
lap,MAL31490,train
lap,MAL31491,train
lap,MAL31493,train
lap,MAL31494,train
lap,MAL31498,train
lap,MAL31499,train
lap,MAL31500,train
lap,MAL31501,train
lap,MAL31505,train
lap,MAL31506,train
lap,MAL31507,test
lap,MAL31509,train
lap,MAL31510,validation
lap,MAL31511,train
lap,MAL31512,train
lap,MAL31513,test
lap,MAL31517,train
lap,MAL31518,train
lap,MAL31519,train
lap,MAL31534,train
lap,MAL31537,train
lap,MAL31539,train
lap,MAL31540,train
lap,MAL31547,train
lap,MAL31549,train
lap,MAL31551,train
lap,MAL31552,validation
lap,MAL31555,train
lap,MAL31559,train
lap,MAL31560,train
lap,MAL31561,train
lap,MAL31562,train
lap,MAL31563,train
lap,MAL31564,validation
lap,MAL31566,train
lap,MAL31568,train
lap,MAL31573,test
lap,MAL31575,test
lap,MAL31578,train
lap,MAL31580,train
lap,MAL31581,train
lap,MAL31582,train
lap,MAL31585,train
lap,MAL31586,test
lap,MAL31588,test
lap,MAL31592,validation
lap,MAL31593,train
lap,MAL31598,train
lap,MAL31599,train
lap,MAL31603,train
lap,MAL31604,train
lap,MAL31610,validation
lap,MAL31617,train
lap,MAL31618,train
lap,MAL31621,test
lap,MAL31624,train
lap,MAL31629,validation
lap,MAL31630,train
lap,MAL31631,train
lap,MAL31634,train
lap,MAL31636,test
lap,MAL31637,train
lap,MAL31638,test
lap,MAL31639,train
lap,MAL31640,train
lap,MAL31641,train
lap,MAL31642,validation
lap,MAL31643,validation
lap,MAL31644,validation
lap,MAL31645,train
lap,MAL31646,train
lap,MAL31647,train
lap,MAL31652,train
lap,MAL31658,test
lap,MAL31662,train
lap,MAL31665,train
lap,MAL31667,test
lap,MAL31669,test
lap,MAL31670,train
lap,MAL31672,train
lap,MAL31673,train
lap,MAL31674,train
lap,MAL31675,train
lap,MAL31678,train
lap,MAL31680,train
lap,MAL31683,validation
lap,MAL31685,train
lap,MAL31686,train
lap,MAL31687,validation
lap,MAL31689,validation
lap,MAL31691,train
lap,MAL31692,train
lap,MAL31693,train
lap,MAL31694,train
lap,MAL31695,train
lap,MAL31696,test
lap,MAL31697,test
lap,MAL31698,train
lap,MAL31699,train
lap,MAL31700,train
lap,MAL31701,train
lap,MAL31704,validation
lap,MAL31706,train
lap,MAL31710,train
lap,MAL31711,train
lap,MAL31715,train
lap,MAL31716,test
lap,MAL31722,train
lap,MAL31730,train
lap,MAL31733,test
lap,MAL31736,validation
lap,MAL31737,train
lap,MAL31738,validation
lap,MAL31740,train
lap,MAL31741,test
lap,MAL31746,train
lap,MAL31747,train
lap,MAL31749,train
lap,MAL31750,train
lap,MAL31753,train
lap,MAL31756,train
lap,MAL31757,train
lap,MAL31758,train
lap,MAL31759,test
lap,MAL31760,test
lap,MAL31761,train
lap,MAL31762,train
lap,MAL31763,train
lap,MAL31764,train
lap,MAL31765,train
lap,MAL31769,train
lap,MAL31771,test
lap,MAL31772,test
lap,MAL31777,train
lap,MAL31780,train
lap,MAL31783,train
lap,MAL31785,train
lap,MAL31788,train
lap,MAL31789,train
lap,MAL31790,test
lap,MAL31793,train
lap,MAL31797,train
lap,MAL31798,train
lap,MAL31804,train
lap,MAL31807,test
lap,MAL31810,train
lap,MAL31812,test
lap,MAL31815,validation
lap,MAL31821,test
lap,MAL31827,train
lap,MAL31829,train
lap,MAL31830,train
lap,MAL31833,train
lap,MAL31834,test
lap,MAL31838,train
lap,MAL31845,train
lap,MAL31846,train
lap,MAL31848,test
lap,MAL31851,train
lap,MAL31853,train
lap,MAL31859,train
lap,MAL31861,train
lap,MAL31865,train
lap,MAL31866,train
lap,MAL31867,train
lap,MAL31868,test
lap,MAL31872,train
lap,MAL31873,train
lap,MAL31874,train
lap,MAL31878,train
lap,MAL31880,test
lap,MAL31882,train
lap,MAL31883,train
lap,MAL31884,validation
lap,MAL31885,validation
lap,MAL31886,train
lap,MAL31890,train
lap,MAL31892,test
lap,MAL31893,train
lap,MAL31894,train
lap,MAL31898,test
lap,MAL31903,train
lap,MAL31904,test
lap,MAL31908,train
lap,MAL31909,train
lap,MAL31911,train
lap,MAL31912,train
lap,MAL31914,validation
lap,MAL31918,train
lap,MAL31919,train
lap,MAL31923,test
lap,MAL31924,train
lap,MAL31925,validation
lap,MAL31926,train
lap,MAL31927,train
lap,MAL31931,test
lap,MAL31933,train
lap,MAL31941,train
lap,MAL31942,test
lap,MAL31952,train
lap,MAL31953,train
lap,MAL31964,train
lap,MAL31965,train
lap,MAL31966,train
lap,MAL31967,train
lap,MAL31971,train
lap,MAL31972,train
lap,MAL31973,train
lap,MAL31977,train
lap,MAL31978,train
lap,MAL31980,train
lap,MAL31984,test
lap,MAL31988,train
lap,MAL31989,train
lap,MAL31994,train
lap,MAL31995,train
lap,MAL31997,train
lap,MAL32005,train
lap,MAL32010,train
lap,MAL32011,train
lap,MAL32013,train
lap,MAL32014,train
lap,MAL32015,train
lap,MAL32016,train
lap,MAL32023,train
lap,MAL32030,train
lap,MAL32031,train
lap,MAL32032,test
lap,MAL32034,train
lap,MAL32038,train
lap,MAL32039,test
lap,MAL32041,train
lap,MAL32051,train
lap,MAL32058,train
lap,MAL32059,validation
lap,MAL32063,train
lap,MAL32065,train
lap,MAL32071,train
lap,MAL32073,train
lap,MAL32074,train
lap,MAL32083,train
lap,MAL32084,test
lap,MAL32086,train
lap,MAL32088,test
lap,MAL32092,train
lap,MAL32093,train
lap,MAL32094,train
lap,MAL32105,train
lap,MAL32107,train
lap,MAL32108,train
lap,MAL32122,train
lap,MAL32133,train
lap,MAL32136,test
lap,MAL32139,train
lap,MAL32143,train
lap,MAL32144,train
lap,MAL32146,train
lap,MAL32148,train
lap,MAL32150,train
lap,MAL32151,train
lap,MAL32152,train
lap,MAL32153,test
lap,MAL32158,train
lap,MAL32160,validation
lap,MAL32166,train
lap,MAL32167,train
lap,MAL32171,train
lap,MAL32174,train
lap,MAL32175,train
lap,MAL32182,train
lap,MAL32188,train
lap,MAL32189,test
lap,MAL32190,train
lap,MAL32191,test
lap,MAL32195,train
lap,MAL32197,test
lap,MAL32202,train
lap,MAL32212,train
lap,MAL32214,test
lap,MAL32215,train
lap,MAL32218,train
lap,MAL32219,train
lap,MAL32221,train
lap,MAL32222,train
lap,MAL32224,train
lap,MAL32225,train
lap,MAL32227,validation
lap,MAL32228,test
lap,MAL32229,train
lap,MAL32230,test
lap,MAL32233,validation
lap,MAL32237,test
lap,MAL32238,train
lap,MAL32239,train
lap,MAL32240,train
lap,MAL32245,train
lap,MAL32247,train
lap,MAL32248,test
lap,MAL32251,train
lap,MAL32254,test
lap,MAL32255,train
lap,MAL32256,train
lap,MAL32259,train
lap,MAL32262,test
lap,MAL32264,train
lap,MAL32267,train
lap,MAL32268,train
lap,MAL32269,train
lap,MAL32270,train
lap,MAL32271,train
lap,MAL32274,test
lap,MAL32276,validation
lap,MAL32281,test
lap,MAL32282,train
lap,MAL32287,train
lap,MAL32288,validation
lap,MAL32289,train
lap,MAL32291,train
lap,MAL32293,train
lap,MAL32294,train
lap,MAL32295,train
lap,MAL32297,train
lap,MAL32301,train
lap,MAL32309,train
lap,MAL32310,train
lap,MAL32311,validation
lap,MAL32313,test
lap,MAL32316,train
lap,MAL32321,train
lap,MAL32322,train
lap,MAL32323,test
lap,MAL32324,train
lap,MAL32338,test
lap,MAL32343,train
lap,MAL32344,validation
lap,MAL32345,train
lap,MAL32346,train
lap,MAL32353,test
lap,MAL32355,train
lap,MAL32359,train
lap,MAL32360,train
lap,MAL32366,validation
lap,MAL32369,train
lap,MAL32370,test
lap,MAL32376,test
lap,MAL32377,test
lap,MAL32379,train
lap,MAL32380,train
lap,MAL32382,test
lap,MAL32384,test
lap,MAL32385,train
lap,MAL32388,train
lap,MAL32397,train
lap,MAL32400,train
lap,MAL32402,train
lap,MAL32405,train
lap,MAL32407,train
lap,MAL32408,train
lap,MAL32409,test
lap,MAL32410,train
lap,MAL32415,train
lap,MAL32417,train
lap,MAL32418,train
lap,MAL32419,train
lap,MAL32420,test
lap,MAL32421,train
lap,MAL32422,train
lap,MAL32423,test
lap,MAL32430,validation
lap,MAL32437,train
lap,MAL32438,train
lap,MAL32446,train
lap,MAL32447,train
lap,MAL32448,test
lap,MAL32454,test
lap,MAL32455,train
lap,MAL32461,test
lap,MAL32468,train
lap,MAL32472,train
lap,MAL32473,train
lap,MAL32475,train
lap,MAL32476,test
lap,MAL32481,train
lap,MAL32483,train
lap,MAL32484,train
lap,MAL32485,validation
lap,MAL32491,train
lap,MAL32494,train
lap,MAL32502,train
lap,MAL32503,train
lap,MAL32511,train
lap,MAL32518,train
lap,MAL32521,train
lap,MAL32526,train
lap,MAL32534,train
lap,MAL32542,test
lap,MAL32543,train
lap,MAL32547,test
lap,MAL32548,train
lap,MAL32551,train
lap,MAL32553,train
lap,MAL32555,train
lap,MAL32557,train
lap,MAL32561,train
lap,MAL32563,train
lap,MAL32564,train
lap,MAL32566,validation
lap,MAL32568,train
lap,MAL32571,train
lap,MAL32572,train
lap,MAL32574,train
lap,MAL32580,test
lap,MAL32581,train
lap,MAL32582,test
lap,MAL32583,train
lap,MAL32585,train
lap,MAL32587,train
lap,MAL32590,train
lap,MAL32593,train
lap,MAL32595,train
lap,MAL32596,validation
lap,MAL32600,train
lap,MAL32601,train
lap,MAL32603,train
lap,MAL32606,train
lap,MAL32607,train
lap,MAL32608,train
lap,MAL32613,train
lap,MAL32615,validation
lap,MAL32618,test
lap,MAL32620,validation
lap,MAL32621,train
lap,MAL32622,test
lap,MAL32623,train
lap,MAL32626,test
lap,MAL32628,test
lap,MAL32630,train
lap,MAL32633,train
lap,MAL32636,test
lap,MAL32639,test
lap,MAL32642,train
lap,MAL32644,train
lap,MAL32646,test
lap,MAL32648,validation
lap,MAL32660,train
lap,MAL32663,train
lap,MAL32664,train
lap,MAL32665,train
lap,MAL32666,train
lap,MAL32667,test
lap,MAL32668,test
lap,MAL32670,train
lap,MAL32673,validation
lap,MAL32676,train
lap,MAL32681,test
lap,MAL32682,train
lap,MAL32686,train
lap,MAL32691,test
lap,MAL32693,validation
lap,MAL32695,test
lap,MAL32696,validation
lap,MAL32697,train
lap,MAL32698,validation
lap,MAL32700,train
lap,MAL32707,validation
lap,MAL32716,train
lap,MAL32717,train
lap,MAL32728,train
lap,MAL32729,train
lap,MAL32730,train
lap,MAL32733,validation
lap,MAL32735,train
lap,MAL32736,validation
lap,MAL32737,train
lap,MAL32738,train
lap,MAL32739,train
lap,MAL32740,train
lap,MAL32745,train
lap,MAL32747,train
lap,MAL32748,test
lap,MAL32749,validation
lap,MAL32750,train
lap,MAL32751,train
lap,MAL32752,test
lap,MAL32755,train
lap,MAL32756,train
lap,MAL32757,test
lap,MAL32759,train
lap,MAL32760,train
lap,MAL32762,validation
lap,MAL32763,train
lap,MAL32764,train
lap,MAL32765,train
lap,MAL32767,train
lap,MAL32768,validation
lap,MAL32772,train
lap,MAL32773,test
lap,MAL32775,train
lap,MAL32776,train
lap,MAL32777,train
lap,MAL32778,train
lap,MAL32779,validation
lap,MAL32781,train
lap,MAL32783,train
lap,MAL32784,train
lap,MAL32785,train
lap,MAL32786,train
lap,MAL32788,validation
lap,MAL32789,test
lap,MAL32790,train
lap,MAL32792,train
lap,MAL32796,train
lap,MAL32797,test
lap,MAL32799,train
lap,MAL32800,train
lap,MAL32801,train
lap,MAL32802,train
lap,MAL32803,train
lap,MAL32804,train
lap,MAL32805,train
lap,MAL32806,train
lap,MAL32807,train
lap,MAL32808,train
lap,MAL32809,train
lap,MAL32811,validation
lap,MAL32812,train
lap,MAL32813,train
lap,MAL32818,test
lap,MAL32819,train
lap,MAL32820,validation
lap,MAL32821,train
lap,MAL32823,test
lap,MAL32826,train
lap,MAL32827,test
lap,MAL32828,train
lap,MAL32829,train
lap,MAL32830,train
lap,MAL32831,test
lap,MAL32832,train
lap,MAL32833,train
lap,MAL32834,train
lap,MAL32835,train
lap,MAL32836,train
lap,MAL32842,train
lap,MAL32843,train
lap,MAL32844,train
lap,MAL32845,train
lap,MAL32847,train
lap,MAL32850,train
lap,MAL32851,train
lap,MAL32852,train
lap,MAL32853,train
lap,MAL32854,test
lap,MAL32855,train
lap,MAL32856,train
lap,MAL32857,train
lap,MAL32858,test
lap,MAL32859,validation
lap,MAL32860,train
lap,MAL32861,train
lap,MAL32862,train
lap,MAL32863,validation
lap,MAL32864,train
lap,MAL32866,test
lap,MAL32867,test
lap,MAL32868,train
lap,MAL32869,train
lap,MAL32870,train
lap,MAL32871,train
lap,MAL32872,test
lap,MAL32876,train
lap,MAL32878,train
lap,MAL32881,train
lap,MAL32885,train
lap,MAL32886,validation
lap,MAL32887,train
lap,MAL32888,train
lap,MAL32889,train
lap,MAL32890,train
lap,MAL32892,validation
lap,MAL32894,train
lap,MAL32895,test
lap,MAL32897,train
lap,MAL32899,train
lap,MAL32900,train
lap,MAL32901,train
lap,MAL32902,test
lap,MAL32904,test
lap,MAL32906,train
lap,MAL32907,train
lap,MAL32915,train
lap,MAL32920,train
lap,MAL32924,train
lap,MAL32926,test
lap,MAL32927,test
lap,MAL32928,train
lap,MAL32930,test
lap,MAL32932,validation
lap,MAL32933,train
lap,MAL32934,train
lap,MAL32935,train
lap,MAL32936,train
lap,MAL32937,train
lap,MAL32943,train
lap,MAL32944,train
lap,MAL32946,train
lap,MAL32947,test
lap,MAL32948,test
lap,MAL32949,train
lap,MAL32950,train
lap,MAL32951,train
lap,MAL32953,test
lap,MAL32956,train
lap,MAL32959,train
lap,MAL32961,train
lap,MAL32962,train
lap,MAL32977,train
lap,MAL32979,train
lap,MAL32981,train
lap,MAL32982,train
lap,MAL32983,train
lap,MAL32989,train
lap,MAL32993,train
lap,MAL32995,test
lap,MAL32997,train
lap,MAL32998,train
lap,MAL32999,test
lap,MAL33002,train
lap,MAL33003,train
lap,MAL33010,train
lap,MAL33011,train
lap,MAL33012,train
lap,MAL33013,validation
lap,MAL33018,train
lap,MAL33019,test
lap,MAL33021,validation
lap,MAL33023,test
lap,MAL33024,test
lap,MAL33025,train
lap,MAL33026,train
lap,MAL33027,train
lap,MAL33028,train
lap,MAL33031,train
lap,MAL33032,train
lap,MAL33033,train
lap,MAL33034,train
lap,MAL33035,train
lap,MAL33036,test
lap,MAL33037,train
lap,MAL33038,train
lap,MAL33041,train
lap,MAL33042,train
lap,MAL33044,train
lap,MAL33045,train
lap,MAL33046,validation
lap,MAL33047,train
lap,MAL33048,train
lap,MAL33049,train
lap,MAL33050,test
lap,MAL33051,train
lap,MAL33056,train
lap,MAL33059,train
lap,MAL33060,test
lap,MAL33062,train
lap,MAL33064,train
lap,MAL33071,train
lap,MAL33075,test
lap,MAL33077,train
lap,MAL33078,validation
lap,MAL33079,train
lap,MAL33080,train
lap,MAL33082,train
lap,MAL33083,train
lap,MAL33085,test
lap,MAL33086,train
lap,MAL33087,train
lap,MAL33089,test
lap,MAL33091,test
lap,MAL33094,test
lap,MAL33095,train
lap,MAL33099,validation
lap,MAL33103,train
lap,MAL33104,train
lap,MAL33106,train
lap,MAL33108,train
lap,MAL33113,train
lap,MAL33115,train
lap,MAL33116,train
lap,MAL33119,test
lap,MAL33122,train
lap,MAL33123,train
lap,MAL33124,test
lap,MAL33125,train
lap,MAL33126,train
lap,MAL33129,train
lap,MAL33130,train
lap,MAL33138,test
lap,MAL33142,train
lap,MAL33144,validation
lap,MAL33145,train
lap,MAL33146,validation
lap,MAL33148,test
lap,MAL33149,train
lap,MAL33150,train
lap,MAL33151,train
lap,MAL33152,train
lap,MAL33153,train
lap,MAL33154,test
lap,MAL33155,train
lap,MAL33156,validation
lap,MAL33157,train
lap,MAL33161,train
lap,MAL33163,train
lap,MAL33164,validation
lap,MAL33165,train
lap,MAL33170,train
lap,MAL33173,test
lap,MAL33174,train
lap,MAL33175,train
lap,MAL33176,train
lap,MAL33177,train
lap,MAL33181,train
lap,MAL33183,validation
lap,MAL33184,train
lap,MAL33185,train
lap,MAL33187,validation
lap,MAL33188,train
lap,MAL33190,train
lap,MAL33191,train
lap,MAL33192,train
lap,MAL33193,train
lap,MAL33194,train
lap,MAL33195,train
lap,MAL33196,train
lap,MAL33197,train
lap,MAL33199,train
lap,MAL33201,validation
lap,MAL33203,train
lap,MAL33204,train
lap,MAL33205,train
lap,MAL33206,train
lap,MAL33208,train
lap,MAL33209,train
lap,MAL33213,train
lap,MAL33215,train
lap,MAL33218,validation
lap,MAL33219,train
lap,MAL33221,validation
lap,MAL33222,validation
lap,MAL33226,test
lap,MAL33228,test
lap,MAL33231,validation
lap,MAL33232,train
lap,MAL33234,train
lap,MAL33236,train
lap,MAL33237,validation
lap,MAL33238,train
lap,MAL33239,train
lap,MAL33240,train
lap,MAL33241,train
lap,MAL33242,train
lap,MAL33244,train
lap,MAL33245,train
lap,MAL33247,train
lap,MAL33248,train
lap,MAL33253,train
lap,MAL33254,train
lap,MAL33255,train
lap,MAL33258,train
lap,MAL33262,train
lap,MAL33263,train
lap,MAL33266,train
lap,MAL33267,train
lap,MAL33271,train
lap,MAL33272,train
lap,MAL33274,train
lap,MAL33276,train
lap,MAL33278,train
lap,MAL33279,train
lap,MAL33280,train
lap,MAL33281,train
lap,MAL33282,train
lap,MAL33283,train
lap,MAL33286,train
lap,MAL33290,test
lap,MAL33291,train
lap,MAL33295,train
lap,MAL33299,test
lap,MAL33300,train
lap,MAL33302,train
lap,MAL33305,train
lap,MAL33308,test
lap,MAL33309,train
lap,MAL33310,train
lap,MAL33312,train
lap,MAL33314,train
lap,MAL33319,train
lap,MAL33320,train
lap,MAL33322,train
lap,MAL33323,test
lap,MAL33325,train
lap,MAL33326,validation
lap,MAL33335,test
lap,MAL33337,train
lap,MAL33338,train
lap,MAL33339,test
lap,MAL33341,train
lap,MAL33342,train
lap,MAL33343,validation
lap,MAL33344,train
lap,MAL33348,train
lap,MAL33349,train
lap,MAL33350,test
lap,MAL33352,validation
lap,MAL33354,test
lap,MAL33357,test
lap,MAL33358,train
lap,MAL33360,train
lap,MAL33362,test
lap,MAL33363,train
lap,MAL33366,test
lap,MAL33369,validation
lap,MAL33371,train
lap,MAL33372,test
lap,MAL33377,train
lap,MAL33378,train
lap,MAL33383,train
lap,MAL33387,train
lap,MAL33388,train
lap,MAL33389,train
lap,MAL33390,train
lap,MAL33391,train
lap,MAL33392,test
lap,MAL33393,test
lap,MAL33394,test
lap,MAL33396,train
lap,MAL33398,test
lap,MAL33400,validation
lap,MAL33401,train
lap,MAL33414,train
lap,MAL33415,test
lap,MAL33417,validation
lap,MAL33419,train
lap,MAL33420,train
lap,MAL33421,test
lap,MAL33422,validation
lap,MAL33429,train
lap,MAL33430,train
lap,MAL33431,test
lap,MAL33433,train
lap,MAL33434,train
lap,MAL33438,train
lap,MAL33443,train
lap,MAL33446,train
lap,MAL33447,train
lap,MAL33449,train
lap,MAL33454,train
lap,MAL33455,validation
lap,MAL33456,train
lap,MAL33462,train
lap,MAL33465,train
lap,MAL33473,train
lap,MAL33474,train
lap,MAL33475,train
lap,MAL33478,train
lap,MAL33479,train
lap,MAL33480,validation
lap,MAL33484,test
lap,MAL33485,validation
lap,MAL33486,train
lap,MAL33487,validation
lap,MAL33489,train
lap,MAL33490,test
lap,MAL33491,validation
lap,MAL33493,validation
lap,MAL33499,train
lap,MAL33500,train
lap,MAL33501,validation
lap,MAL33502,train
lap,MAL33505,train
lap,MAL33506,train
lap,MAL33508,test
lap,MAL33511,test
lap,MAL33512,train
lap,MAL33513,train
lap,MAL33514,validation
lap,MAL33515,train
lap,MAL33519,train
lap,MAL33520,train
lap,MAL33522,train
lap,MAL33523,test
lap,MAL33525,train
lap,MAL33526,train
lap,MAL33527,test
lap,MAL33528,test
lap,MAL33529,train
lap,MAL33531,train
lap,MAL33532,train
lap,MAL33533,train
lap,MAL33534,train
lap,MAL33535,train
lap,MAL33536,train
lap,MAL33537,train
lap,MAL33538,validation
lap,MAL33540,train
lap,MAL33541,train
lap,MAL33542,train
lap,MAL33543,validation
lap,MAL33544,train
lap,MAL33545,train
lap,MAL33546,test
lap,MAL33547,train
lap,MAL33548,train
lap,MAL33549,train
lap,MAL33550,train
lap,MAL33551,train
lap,MAL33552,train
lap,MAL33562,train
lap,MAL33564,train
lap,MAL33566,train
lap,MAL33569,train
lap,MAL33570,train
lap,MAL33571,test
lap,MAL33572,train
lap,MAL33573,test
lap,MAL33578,validation
lap,MAL33580,train
lap,MAL33581,train
lap,MAL33583,train
lap,MAL33589,train
lap,MAL33599,train
lap,MAL33600,train
lap,MAL33601,train
lap,MAL33602,validation
lap,MAL33603,train
lap,MAL33604,train
lap,MAL33605,train
lap,MAL33606,test
lap,MAL33607,train
lap,MAL33630,train
lap,MAL33654,test
lap,MAL33659,test
lap,MAL33661,train
lap,MAL33662,train
lap,MAL33663,test
lap,MAL33668,train
lap,MAL33669,validation
lap,MAL33670,train
lap,MAL33671,test
lap,MAL33672,train
lap,MAL33674,test
lap,MAL33681,test
lap,MAL33685,train
lap,MAL33689,train
lap,MAL33690,train
lap,MAL33691,test
lap,MAL33692,train
lap,MAL33693,train
lap,MAL33694,train
lap,MAL33695,validation
lap,MAL33696,test
lap,MAL33697,train
lap,MAL33698,train
lap,MAL33702,train
lap,MAL33703,train
lap,MAL33704,train
lap,MAL33705,train
lap,MAL33706,train
lap,MAL33708,train
lap,MAL33709,train
lap,MAL33710,test
lap,MAL33712,train
lap,MAL33713,train
lap,MAL33717,train
lap,MAL33718,train
lap,MAL33720,train
lap,MAL33723,train
lap,MAL33724,train
lap,MAL33726,train
lap,MAL33727,train
lap,MAL33728,train
lap,MAL33731,train
lap,MAL33733,train
lap,MAL33734,train
lap,MAL33736,train
lap,MAL33737,train
lap,MAL33739,train
lap,MAL33740,train
lap,MAL33741,train
lap,MAL33743,train
lap,MAL33750,test
lap,MAL33753,train
lap,MAL33755,train
lap,MAL33756,validation
lap,MAL33757,train
lap,MAL33758,train
lap,MAL33759,train
lap,MAL33760,train
lap,MAL33761,train
lap,MAL33762,train
lap,MAL33763,test
lap,MAL33764,train
lap,MAL33768,train
lap,MAL33769,test
lap,MAL33770,validation
lap,MAL33771,train
lap,MAL33772,train
lap,MAL33773,train
lap,MAL33775,train
lap,MAL33776,train
lap,MAL33779,train
lap,MAL33782,train
lap,MAL33783,test
lap,MAL33787,train
lap,MAL33788,train
lap,MAL33789,test
lap,MAL33791,train
lap,MAL33795,train
lap,MAL33797,train
lap,MAL33801,test
lap,MAL33803,train
lap,MAL33806,train
lap,MAL33808,test
lap,MAL33811,train
lap,MAL33814,validation
lap,MAL33818,train
lap,MAL33820,train
lap,MAL33823,train
lap,MAL33828,train
lap,MAL33831,train
lap,MAL33834,train
lap,MAL33835,train
lap,MAL33836,validation
lap,MAL33839,train
lap,MAL33840,validation
lap,MAL33842,train
lap,MAL33843,validation
lap,MAL33845,train
lap,MAL33846,train
lap,MAL33849,train
lap,MAL33850,train
lap,MAL33854,train
lap,MAL33855,train
lap,MAL33856,train
lap,MAL33858,train
lap,MAL33859,train
lap,MAL33860,test
lap,MAL33861,train
lap,MAL33862,test
lap,MAL33863,test
lap,MAL33864,train
lap,MAL33865,validation
lap,MAL33866,train
lap,MAL33867,test
lap,MAL33870,train
lap,MAL33871,test
lap,MAL33872,validation
lap,MAL33881,train
lap,MAL33883,test
lap,MAL33884,train
lap,MAL33885,train
lap,MAL33886,train
lap,MAL33887,validation
lap,MAL33888,train
lap,MAL33889,train
lap,MAL33894,test
lap,MAL33895,train
lap,MAL33897,train
lap,MAL33898,test
lap,MAL33899,test
lap,MAL33902,train
lap,MAL33903,train
lap,MAL33904,train
lap,MAL33905,test
lap,MAL33906,train
lap,MAL33907,train
lap,MAL33908,validation
lap,MAL33909,train
lap,MAL33910,train
lap,MAL33911,train
lap,MAL33912,train
lap,MAL33913,train
lap,MAL33914,train
lap,MAL33915,train
lap,MAL33916,train
lap,MAL33922,train
lap,MAL33925,train
lap,MAL33926,validation
lap,MAL33927,train
lap,MAL33929,train
lap,MAL33933,test
lap,MAL33934,train
lap,MAL33936,test
lap,MAL33937,validation
lap,MAL33938,test
lap,MAL33939,train
lap,MAL33940,test
lap,MAL33941,test
lap,MAL33945,test
lap,MAL33946,train
lap,MAL33947,train
lap,MAL33948,test
lap,MAL33949,test
lap,MAL33950,train
lap,MAL33957,train
lap,MAL33958,train
lap,MAL33962,train
lap,MAL33964,train
lap,MAL33966,train
lap,MAL33969,train
lap,MAL33970,train
lap,MAL33972,train
lap,MAL33975,train
lap,MAL33978,test
lap,MAL33979,train
lap,MAL33980,train
lap,MAL33981,train
lap,MAL33982,train
lap,MAL33983,validation
lap,MAL33985,train
lap,MAL33986,train
lap,MAL33988,validation
lap,MAL33993,train
lap,MAL33994,train
lap,MAL33997,test
lap,MAL33998,train
lap,MAL33999,test
lap,MAL34000,test
lap,MAL34003,test
lap,MAL34005,train
lap,MAL34006,train
lap,MAL34008,validation
lap,MAL34009,train
lap,MAL34012,train
lap,MAL34013,train
lap,MAL34014,train
lap,MAL34015,train
lap,MAL34019,train
lap,MAL34021,train
lap,MAL34028,train
lap,MAL34030,test
lap,MAL34032,train
lap,MAL34034,train
lap,MAL34036,train
lap,MAL34037,train
lap,MAL34038,train
lap,MAL34039,train
lap,MAL34048,train
lap,MAL34050,train
lap,MAL34051,train
lap,MAL34052,train
lap,MAL34055,train
lap,MAL34060,train
lap,MAL34076,train
lap,MAL34077,train
lap,MAL34078,train
lap,MAL34083,train
lap,MAL34085,train
lap,MAL34086,train
lap,MAL34088,train
lap,MAL34092,train
lap,MAL34096,train
lap,MAL34100,train
lap,MAL34102,train
lap,MAL34103,train
lap,MAL34104,train
lap,MAL34106,train
lap,MAL34107,train
lap,MAL34112,train
lap,MAL34113,test
lap,MAL34114,validation
lap,MAL34115,train
lap,MAL34116,validation
lap,MAL34117,train
lap,MAL34118,validation
lap,MAL34119,train
lap,MAL34120,test
lap,MAL34121,train
lap,MAL34122,train
lap,MAL34124,train
lap,MAL34125,train
lap,MAL34126,train
lap,MAL34129,train
lap,MAL34134,train
lap,MAL34136,validation
lap,MAL34140,train
lap,MAL34148,train
lap,MAL34151,train
lap,MAL34152,train
lap,MAL34153,train
lap,MAL34156,train
lap,MAL34161,train
lap,MAL34162,test
lap,MAL34163,train
lap,MAL34164,train
lap,MAL34165,validation
lap,MAL34166,train
lap,MAL34167,train
lap,MAL34168,validation
lap,MAL34173,train
lap,MAL34176,train
lap,MAL34177,validation
lap,MAL34178,train
lap,MAL34179,train
lap,MAL34182,train
lap,MAL34183,train
lap,MAL34184,train
lap,MAL34185,train
lap,MAL34186,test
lap,MAL34187,train
lap,MAL34188,train
lap,MAL34189,train
lap,MAL34190,train
lap,MAL34191,train
lap,MAL34192,train
lap,MAL34193,train
lap,MAL34194,train
lap,MAL34197,train
lap,MAL34198,train
lap,MAL34201,test
lap,MAL34205,train
lap,MAL34207,validation
lap,MAL34208,train
lap,MAL34209,train
lap,MAL34213,validation
lap,MAL34222,train
lap,MAL34223,train
lap,MAL34224,train
lap,MAL34225,train
lap,MAL34226,train
lap,MAL34227,train
lap,MAL34233,train
lap,MAL34234,test
lap,MAL34235,train
lap,MAL34236,train
lap,MAL34237,train
lap,MAL34238,train
lap,MAL34240,train
lap,MAL34243,train
lap,MAL34244,test
lap,MAL34246,train
lap,MAL34248,validation
lap,MAL34249,test
lap,MAL34252,test
lap,MAL34257,train
lap,MAL34258,train
lap,MAL34259,train
lap,MAL34261,train
lap,MAL34262,test
lap,MAL34264,train
lap,MAL34277,test
lap,MAL34279,train
lap,MAL34280,train
lap,MAL34281,train
lap,MAL34283,train
lap,MAL34284,test
lap,MAL34286,test
lap,MAL34289,test
lap,MAL34290,train
lap,MAL34292,validation
lap,MAL34295,train
lap,MAL34299,train
lap,MAL34300,train
lap,MAL34302,test
lap,MAL34304,train
lap,MAL34307,train
lap,MAL34309,train
lap,MAL34310,train
lap,MAL34311,validation
lap,MAL34312,train
lap,MAL34314,test
lap,MAL34315,train
lap,MAL34318,test
lap,MAL34321,test
lap,MAL34323,train
lap,MAL34324,train
lap,MAL34328,train
lap,MAL34332,test
lap,MAL34336,train
lap,MAL34337,train
lap,MAL34338,train
lap,MAL34340,train
lap,MAL34342,train
lap,MAL34346,train
lap,MAL34348,train
lap,MAL34349,validation
lap,MAL34350,train
lap,MAL34353,validation
lap,MAL34354,train
lap,MAL34355,train
lap,MAL34356,train
lap,MAL34358,train
lap,MAL34361,train
lap,MAL34363,train
lap,MAL34366,train
lap,MAL34368,train
lap,MAL34369,train
lap,MAL34370,train
lap,MAL34372,train
lap,MAL34375,test
lap,MAL34376,train
lap,MAL34382,train
lap,MAL34383,train
lap,MAL34388,validation
lap,MAL34389,train
lap,MAL34391,train
lap,MAL34392,train
lap,MAL34393,train
lap,MAL34394,train
lap,MAL34399,train
lap,MAL34402,train
lap,MAL34403,train
lap,MAL34406,train
lap,MAL34409,test
lap,MAL34410,train
lap,MAL34411,test
lap,MAL34412,test
lap,MAL34414,train
lap,MAL34416,train
lap,MAL34417,train
lap,MAL34418,train
lap,MAL34420,test
lap,MAL34422,train
lap,MAL34423,train
lap,MAL34424,train
lap,MAL34425,test
lap,MAL34426,train
lap,MAL34427,train
lap,MAL34428,test
lap,MAL34430,train
lap,MAL34432,train
lap,MAL34437,train
lap,MAL34438,train
lap,MAL34439,test
lap,MAL34440,test
lap,MAL34443,validation
lap,MAL34445,validation
lap,MAL34449,train
lap,MAL34450,test
lap,MAL34451,train
lap,MAL34453,train
lap,MAL34454,test
lap,MAL34455,train
lap,MAL34456,test
lap,MAL34458,train
lap,MAL34464,test
lap,MAL34465,train
lap,MAL34467,train
lap,MAL34471,train
lap,MAL34472,train
lap,MAL34474,train
lap,MAL34476,test
lap,MAL34480,train
lap,MAL34481,validation
lap,MAL34486,train
lap,MAL34488,train
lap,MAL34489,test
lap,MAL34490,train
lap,MAL34491,train
lap,MAL34492,test
lap,MAL34494,test
lap,MAL34497,train
lap,MAL34498,train
lap,MAL34500,train
lap,MAL34501,train
lap,MAL34502,train
lap,MAL34503,train
lap,MAL34504,train
lap,MAL34506,train
lap,MAL34510,test
lap,MAL34511,train
lap,MAL34513,train
lap,MAL34514,validation
lap,MAL34519,train
lap,MAL34522,train
lap,MAL34525,test
lap,MAL34527,train
lap,MAL34528,train
lap,MAL34529,train
lap,MAL34530,train
lap,MAL34531,train
lap,MAL34532,train
lap,MAL34533,train
lap,MAL34534,train
lap,MAL34535,train
lap,MAL34537,train
lap,MAL34539,test
lap,MAL34540,train
lap,MAL34541,test
lap,MAL34542,validation
lap,MAL34543,test
lap,MAL34544,train
lap,MAL34547,train
lap,MAL34548,train
lap,MAL34549,test
lap,MAL34550,train
lap,MAL34552,validation
lap,MAL34561,train
lap,MAL34565,train
lap,MAL34566,validation
lap,MAL34572,train
lap,MAL34577,train
lap,MAL34580,test
lap,MAL34589,train
lap,MAL34591,train
lap,MAL34592,train
lap,MAL34595,test
lap,MAL34599,validation
lap,MAL34600,train
lap,MAL34601,train
lap,MAL34602,train
lap,MAL34604,train
lap,MAL34607,train
lap,MAL34612,validation
lap,MAL34613,train
lap,MAL34618,test
lap,MAL34620,train
lap,MAL34622,validation
lap,MAL34623,train
lap,MAL34626,test
lap,MAL34628,train
lap,MAL34629,test
lap,MAL34630,train
lap,MAL34632,train
lap,MAL34633,train
lap,MAL34634,train
lap,MAL34636,train
lap,MAL34638,train
lap,MAL34639,train
lap,MAL34642,train
lap,MAL34643,train
lap,MAL34644,train
lap,MAL34647,train
lap,MAL34649,train
lap,MAL34651,train
lap,MAL34652,train
lap,MAL34655,validation
lap,MAL34656,train
lap,MAL34657,train
lap,MAL34658,train
lap,MAL34659,train
lap,MAL34662,train
lap,MAL34664,train
lap,MAL34665,train
lap,MAL34666,train
lap,MAL34667,train
lap,MAL34669,train
lap,MAL34670,test
lap,MAL34673,test
lap,MAL34674,train
lap,MAL34675,train
lap,MAL34677,train
lap,MAL34678,train
lap,MAL34683,train
lap,MAL34685,test
lap,MAL34688,train
lap,MAL34689,train
lap,MAL34690,train
lap,MAL34691,test
lap,MAL34692,train
lap,MAL34693,train
lap,MAL34694,train
lap,MAL34695,train
lap,MAL34696,validation
lap,MAL34697,test
lap,MAL34698,train
lap,MAL34699,train
lap,MAL34700,train
lap,MAL34701,train
lap,MAL34704,train
lap,MAL34705,train
lap,MAL34706,train
lap,MAL34707,test
lap,MAL34708,train
lap,MAL34710,train
lap,MAL34711,test
lap,MAL34712,train
lap,MAL34716,train
lap,MAL34717,train
lap,MAL34718,validation
lap,MAL34719,train
lap,MAL34722,train
lap,MAL34723,test
lap,MAL34724,train
lap,MAL34725,train
lap,MAL34726,train
lap,MAL34733,test
lap,MAL34740,train
lap,MAL34741,train
lap,MAL34742,train
lap,MAL34743,test
lap,MAL34744,test
lap,MAL34745,train
lap,MAL34746,train
lap,MAL34747,train
lap,MAL34751,test
lap,MAL34753,train
lap,MAL34754,train
lap,MAL34755,train
lap,MAL34756,train
lap,MAL34757,train
lap,MAL34758,train
lap,MAL34759,test
lap,MAL34762,train
lap,MAL34763,train
lap,MAL34764,train
lap,MAL34765,train
lap,MAL34766,train
lap,MAL34771,test
lap,MAL34776,train
lap,MAL34777,train
lap,MAL34779,train
lap,MAL34782,validation
lap,MAL34784,train
lap,MAL34785,train
lap,MAL34787,test
lap,MAL34790,validation
lap,MAL34792,test
lap,MAL34794,train
lap,MAL34795,test
lap,MAL34798,test
lap,MAL34799,train
lap,MAL34800,test
lap,MAL34802,test
lap,MAL34812,train
lap,MAL34813,train
lap,MAL34815,train
lap,MAL34817,train
lap,MAL34818,test
lap,MAL34820,test
lap,MAL34821,train
lap,MAL34822,train
lap,MAL34823,validation
lap,MAL34825,train
lap,MAL34826,train
lap,MAL34830,train
lap,MAL34831,test
lap,MAL34834,train
lap,MAL34835,train
lap,MAL34836,train
lap,MAL34839,test
lap,MAL34840,train
lap,MAL34841,test
lap,MAL34843,train
lap,MAL34844,train
lap,MAL34845,train
lap,MAL34847,train
lap,MAL34849,train
lap,MAL34850,test
lap,MAL34851,test
lap,MAL34852,train
lap,MAL34855,train
lap,MAL34856,validation
lap,MAL34858,test
lap,MAL34859,test
lap,MAL34860,train
lap,MAL34861,train
lap,MAL34862,train
lap,MAL34863,train
lap,MAL34866,train
lap,MAL34868,train
lap,MAL34870,train
lap,MAL34871,train
lap,MAL34872,train
lap,MAL34877,train
lap,MAL34878,train
lap,MAL34881,train
lap,MAL34887,test
lap,MAL34888,train
lap,MAL34889,train
lap,MAL34891,train
lap,MAL34892,train
lap,MAL34893,train
lap,MAL34895,train
lap,MAL34899,train
lap,MAL34900,validation
lap,MAL34901,train
lap,MAL34902,validation
lap,MAL34903,train
lap,MAL34905,train
lap,MAL34908,test
lap,MAL34910,train
lap,MAL34911,train
lap,MAL34914,train
lap,MAL34915,train
lap,MAL34919,train
lap,MAL34924,train
lap,MAL34925,train
lap,MAL34926,train
lap,MAL34927,train
lap,MAL34928,train
lap,MAL34929,train
lap,MAL34930,validation
lap,MAL34931,train
lap,MAL34933,test
lap,MAL34934,test
lap,MAL34935,train
lap,MAL34936,test
lap,MAL34937,test
lap,MAL34939,train
lap,MAL34940,train
lap,MAL34941,train
lap,MAL34943,train
lap,MAL34944,train
lap,MAL34946,test
lap,MAL34948,test
lap,MAL34949,validation
lap,MAL34952,train
lap,MAL34954,train
lap,MAL34955,train
lap,MAL34957,train
lap,MAL34958,train
lap,MAL34959,train
lap,MAL34961,test
lap,MAL34962,train
lap,MAL34963,train
lap,MAL34964,train
lap,MAL34966,train
lap,MAL34969,validation
lap,MAL34972,train
lap,MAL34973,train
lap,MAL34974,test
lap,MAL34975,train
lap,MAL34978,train
lap,MAL34979,train
lap,MAL34980,train
lap,MAL34982,test
lap,MAL34984,train
lap,MAL34985,train
lap,MAL34990,train
lap,MAL34992,train
lap,MAL34993,train
lap,MAL34997,train
lap,MAL34999,test
lap,MAL35000,train
lap,MAL35002,train
lap,MAL35003,train
lap,MAL35004,train
lap,MAL35006,train
lap,MAL35007,train
lap,MAL35008,train
lap,MAL35011,train
lap,MAL35015,train
lap,MAL35018,train
lap,MAL35020,train
lap,MAL35021,test
lap,MAL35022,train
lap,MAL35025,train
lap,MAL35026,validation
lap,MAL35028,validation
lap,MAL35029,train
lap,MAL35030,train
lap,MAL35031,train
lap,MAL35032,test
lap,MAL35035,test
lap,MAL35038,train
lap,MAL35039,test
lap,MAL35040,train
lap,MAL35041,train
lap,MAL35044,train
lap,MAL35048,train
lap,MAL35049,train
lap,MAL35050,train
lap,MAL35051,train
lap,MAL35052,train
lap,MAL35053,train
lap,MAL35054,train
lap,MAL35055,train
lap,MAL35056,train
lap,MAL35057,validation
lap,MAL35058,train
lap,MAL35059,train
lap,MAL35060,train
lap,MAL35061,train
lap,MAL35062,train
lap,MAL35063,train
lap,MAL35067,test
lap,MAL35069,train
lap,MAL35070,train
lap,MAL35071,train
lap,MAL35072,test
lap,MAL35073,train
lap,MAL35074,train
lap,MAL35075,train
lap,MAL35076,train
lap,MAL35077,train
lap,MAL35078,train
lap,MAL35079,train
lap,MAL35081,train
lap,MAL35082,train
lap,MAL35084,train
lap,MAL35085,train
lap,MAL35086,train
lap,MAL35090,train
lap,MAL35093,validation
lap,MAL35098,train
lap,MAL35099,train
lap,MAL35100,train
lap,MAL35101,test
lap,MAL35102,train
lap,MAL35103,train
lap,MAL35104,train
lap,MAL35105,validation
lap,MAL35106,train
lap,MAL35107,train
lap,MAL35108,train
lap,MAL35109,train
lap,MAL35110,train
lap,MAL35111,train
lap,MAL35112,train
lap,MAL35113,train
lap,MAL35114,train
lap,MAL35118,train
lap,MAL35119,train
lap,MAL35120,train
lap,MAL35121,train
lap,MAL35122,train
lap,MAL35123,test
lap,MAL35124,validation
lap,MAL35125,train
lap,MAL35126,train
lap,MAL35127,test
lap,MAL35128,train
lap,MAL35129,train
lap,MAL35130,train
lap,MAL35131,validation
lap,MAL35133,test
lap,MAL35134,validation
lap,MAL35135,train
lap,MAL35136,train
lap,MAL35137,train
lap,MAL35138,train
lap,MAL35139,test
lap,MAL35141,train
lap,MAL35142,test
lap,MAL35143,train
lap,MAL35145,train
lap,MAL35147,test
lap,MAL35148,train
lap,MAL35149,test
lap,MAL35150,train
lap,MAL35151,train
lap,MAL35152,train
lap,MAL35153,train
lap,MAL35154,validation
lap,MAL35155,train
lap,MAL35156,train
lap,MAL35159,test
lap,MAL35160,test
lap,MAL35161,train
lap,MAL35162,train
lap,MAL35163,train
lap,MAL35164,train
lap,MAL35165,train
lap,MAL35166,test
lap,MAL35167,train
lap,MAL35168,train
lap,MAL35169,train
lap,MAL35170,train
lap,MAL35171,train
lap,MAL35172,train
lap,MAL35173,train
lap,MAL35174,test
lap,MAL35175,train
lap,MAL35176,train
lap,MAL35177,train
lap,MAL35178,test
lap,MAL35180,train
lap,MAL35182,train
lap,MAL35183,train
lap,MAL35191,validation
lap,MAL35198,train
lap,MAL35203,train
lap,MAL35204,train
lap,MAL35205,train
lap,MAL35206,train
lap,MAL35213,train
lap,MAL35215,test
lap,MAL35219,train
lap,MAL35220,train
lap,MAL35222,train
lap,MAL35224,train
lap,MAL35226,train
lap,MAL35228,train
lap,MAL35229,train
lap,MAL35230,test
lap,MAL35231,test
lap,MAL35233,train
lap,MAL35234,validation
lap,MAL35235,train
lap,MAL35237,train
lap,MAL35238,validation
lap,MAL35239,train
lap,MAL35240,train
lap,MAL35241,test
lap,MAL35242,train
lap,MAL35243,train
lap,MAL35247,test
lap,MAL35248,train
lap,MAL35249,train
lap,MAL35250,train
lap,MAL35251,train
lap,MAL35252,train
lap,MAL35254,test
lap,MAL35255,train
lap,MAL35262,train
lap,MAL35263,train
lap,MAL35264,train
lap,MAL35265,train
lap,MAL35266,train
lap,MAL35267,test
lap,MAL35270,validation
lap,MAL35272,train
lap,MAL35273,train
lap,MAL35274,train
lap,MAL35275,train
lap,MAL35276,train
lap,MAL35277,test
lap,MAL35278,train
lap,MAL35279,validation
lap,MAL35280,train
lap,MAL35281,test
lap,MAL35283,train
lap,MAL35284,train
lap,MAL35285,validation
lap,MAL35286,validation
lap,MAL35287,train
lap,MAL35294,train
lap,MAL35295,train
lap,MAL35297,train
lap,MAL35298,train
lap,MAL35300,test
lap,MAL35302,train
lap,MAL35303,train
lap,MAL35305,train
lap,MAL35306,test
lap,MAL35307,train
lap,MAL35308,train
lap,MAL35309,test
lap,MAL35310,train
lap,MAL35311,train
lap,MAL35312,train
lap,MAL35313,train
lap,MAL35314,train
lap,MAL35315,train
lap,MAL35317,test
lap,MAL35319,train
lap,MAL35320,train
lap,MAL35321,test
lap,MAL35324,test
lap,MAL35327,train
lap,MAL35328,train
lap,MAL35329,validation
lap,MAL35330,train
lap,MAL35331,test
lap,MAL35332,test
lap,MAL35333,test
lap,MAL35334,train
lap,MAL35335,train
lap,MAL35338,validation
lap,MAL35339,train
lap,MAL35343,validation
lap,MAL35345,validation
lap,MAL35346,train
lap,MAL35349,train
lap,MAL35350,train
lap,MAL35353,test
lap,MAL35364,train
lap,MAL35365,train
lap,MAL35366,train
lap,MAL35367,validation
lap,MAL35368,train
lap,MAL35369,train
lap,MAL35370,train
lap,MAL35372,train
lap,MAL35376,test
lap,MAL35379,train
lap,MAL35382,test
lap,MAL35383,validation
lap,MAL35385,train
lap,MAL35386,test
lap,MAL35389,test
lap,MAL35390,validation
lap,MAL35391,train
lap,MAL35394,test
lap,MAL35395,train
lap,MAL35398,train
lap,MAL35399,validation
lap,MAL35400,train
lap,MAL35401,train
lap,MAL35402,train
lap,MAL35403,test
lap,MAL35404,train
lap,MAL35406,test
lap,MAL35407,train
lap,MAL35408,train
lap,MAL35409,train
lap,MAL35410,train
lap,MAL35411,validation
lap,MAL35413,train
lap,MAL35418,train
lap,MAL35419,train
lap,MAL35423,test
lap,MAL35424,test
lap,MAL35425,train
lap,MAL35427,test
lap,MAL35432,train
lap,MAL35433,train
lap,MAL35434,train
lap,MAL35442,validation
lap,MAL35443,validation
lap,MAL35444,train
lap,MAL35446,validation
lap,MAL35447,train
lap,MAL35448,train
lap,MAL35452,test
lap,MAL35453,train
lap,MAL35454,train
lap,MAL35455,train
lap,MAL35456,train
lap,MAL35458,train
lap,MAL35459,train
lap,MAL35465,train
lap,MAL35466,train
lap,MAL35473,train
lap,MAL35475,train
lap,MAL35476,train
lap,MAL35478,train
lap,MAL35480,train
lap,MAL35484,validation
lap,MAL35488,train
lap,MAL35489,train
lap,MAL35492,train
lap,MAL35494,train
lap,MAL35495,train
lap,MAL35496,train
lap,MAL35497,train
lap,MAL35498,validation
lap,MAL35499,train
lap,MAL35501,train
lap,MAL35502,test
lap,MAL35503,validation
lap,MAL35504,train
lap,MAL35505,train
lap,MAL35507,train
lap,MAL35508,train
lap,MAL35510,test
lap,MAL35511,train
lap,MAL35512,train
lap,MAL35513,train
lap,MAL35514,train
lap,MAL35516,train
lap,MAL35517,train
lap,MAL35519,test
lap,MAL35520,test
lap,MAL35522,train
lap,MAL35525,validation
lap,MAL35526,test
lap,MAL35527,train
lap,MAL35528,train
lap,MAL35529,train
lap,MAL35530,train
lap,MAL35531,train
lap,MAL35532,test
lap,MAL35534,validation
lap,MAL35535,train
lap,MAL35536,train
lap,MAL35537,train
lap,MAL35538,train
lap,MAL35540,train
lap,MAL35541,train
lap,MAL35542,train
lap,MAL35543,train
lap,MAL35545,validation
lap,MAL35551,train
lap,MAL35552,train
lap,MAL35553,train
lap,MAL35554,train
lap,MAL35557,train
lap,MAL35558,train
lap,MAL35560,test
lap,MAL35563,validation
lap,MAL35566,train
lap,MAL35567,train
lap,MAL35573,train
lap,MAL35574,validation
lap,MAL35575,train
lap,MAL35576,train
lap,MAL35577,test
lap,MAL35579,train
lap,MAL35581,train
lap,MAL35585,validation
lap,MAL35586,train
lap,MAL35587,train
lap,MAL35588,train
lap,MAL35589,train
lap,MAL35590,train
lap,MAL35592,train
lap,MAL35594,train
lap,MAL35602,train
lap,MAL35605,test
lap,MAL35608,train
lap,MAL35609,train
lap,MAL35610,train
lap,MAL35611,train
lap,MAL35612,train
lap,MAL35616,test
lap,MAL35617,train
lap,MAL35618,train
lap,MAL35619,train
lap,MAL35621,validation
lap,MAL35624,train
lap,MAL35625,train
lap,MAL35626,validation
lap,MAL35627,train
lap,MAL35628,train
lap,MAL35629,train
lap,MAL35631,train
lap,MAL35632,validation
lap,MAL35633,test
lap,MAL35635,validation
lap,MAL35639,train
lap,MAL35641,train
lap,MAL35642,train
lap,MAL35643,train
lap,MAL35645,train
lap,MAL35648,train
lap,MAL35650,train
lap,MAL35651,train
lap,MAL35652,test
lap,MAL35654,train
lap,MAL35656,train
lap,MAL35663,train
lap,MAL35666,train
lap,MAL35667,train
lap,MAL35668,train
lap,MAL35669,test
lap,MAL35670,train
lap,MAL35671,train
lap,MAL35672,train
lap,MAL35673,train
lap,MAL35674,train
lap,MAL35677,train
lap,MAL35678,train
lap,MAL35680,train
lap,MAL35681,train
lap,MAL35682,train
lap,MAL35683,train
lap,MAL35684,train
lap,MAL35686,train
lap,MAL35691,train
lap,MAL35694,train
lap,MAL35695,train
lap,MAL35696,train
lap,MAL35697,test
lap,MAL35698,train
lap,MAL35699,validation
lap,MAL35700,train
lap,MAL35701,test
lap,MAL35702,train
lap,MAL35703,train
lap,MAL35704,train
lap,MAL35706,validation
lap,MAL35707,validation
lap,MAL35708,train
lap,MAL35709,train
lap,MAL35710,train
lap,MAL35712,test
lap,MAL35714,validation
lap,MAL35720,train
lap,MAL35721,train
lap,MAL35722,validation
lap,MAL35723,train
lap,MAL35726,train
lap,MAL35727,test
lap,MAL35730,train
lap,MAL35732,train
lap,MAL35734,train
lap,MAL35735,train
lap,MAL35737,test
lap,MAL35739,train
lap,MAL35740,train
lap,MAL35745,train
lap,MAL35746,train
lap,MAL35747,train
lap,MAL35749,validation
lap,MAL35752,validation
lap,MAL35756,train
lap,MAL35757,train
lap,MAL35760,train
lap,MAL35770,train
lap,MAL35773,train
lap,MAL35774,test
lap,MAL35776,train
lap,MAL35777,validation
lap,MAL35778,validation
lap,MAL35780,test
lap,MAL35781,validation
lap,MAL35782,train
lap,MAL35783,train
lap,MAL35784,train
lap,MAL35785,train
lap,MAL35786,train
lap,MAL35788,validation
lap,MAL35789,train
lap,MAL35790,train
lap,MAL35798,train
lap,MAL35799,train
lap,MAL35800,train
lap,MAL35805,train
lap,MAL35806,train
lap,MAL35809,test
lap,MAL35814,train
lap,MAL35817,train
lap,MAL35818,train
lap,MAL35821,train
lap,MAL35823,train
lap,MAL35827,test
lap,MAL35828,train
lap,MAL35834,train
lap,MAL35835,train
lap,MAL35838,train
lap,MAL35839,train
lap,MAL35840,train
lap,MAL35842,test
lap,MAL35843,train
lap,MAL35847,train
lap,MAL35848,train
lap,MAL35849,train
lap,MAL35851,train
lap,MAL35853,train
lap,MAL35854,train
lap,MAL35857,train
lap,MAL35858,train
lap,MAL35859,train
lap,MAL35860,train
lap,MAL35868,train
lap,MAL35880,train
lap,MAL35883,train
lap,MAL35889,train
lap,MAL35890,train
lap,MAL35891,train
lap,MAL35905,train
lap,MAL35909,train
lap,MAL35910,train
lap,MAL35912,validation
lap,MAL35913,test
lap,MAL35914,train
lap,MAL35920,test
lap,MAL35921,train
lap,MAL35923,train
lap,MAL35926,train
lap,MAL35928,validation
lap,MAL35931,train
lap,MAL35932,train
lap,MAL35933,train
lap,MAL35935,train
lap,MAL35936,train
lap,MAL35946,train
lap,MAL35949,train
lap,MAL35952,train
lap,MAL35956,test
lap,MAL35957,train
lap,MAL35958,test
lap,MAL35960,test
lap,MAL35962,train
lap,MAL35964,train
lap,MAL35965,train
lap,MAL35968,train
lap,MAL35971,test
lap,MAL35972,train
lap,MAL35974,train
lap,MAL35976,train
lap,MAL35978,train
lap,MAL35979,train
lap,MAL35981,test
lap,MAL35982,test
lap,MAL35983,train
lap,MAL35984,train
lap,MAL35988,train
lap,MAL35994,test
lap,MAL35996,test
lap,MAL35997,train
lap,MAL35999,train
lap,MAL36000,validation
lap,MAL36001,test
lap,MAL36002,validation
lap,MAL36005,train
lap,MAL36009,train
lap,MAL36010,train
lap,MAL36015,train
lap,MAL36016,train
lap,MAL36018,train
lap,MAL36021,validation
lap,MAL36022,train
lap,MAL36023,train
lap,MAL36027,train
lap,MAL36028,validation
lap,MAL36029,train
lap,MAL36030,train
lap,MAL36032,train
lap,MAL36033,train
lap,MAL36036,train
lap,MAL36037,train
lap,MAL36038,train
lap,MAL36039,test
lap,MAL36040,validation
lap,MAL36043,train
lap,MAL36049,test
lap,MAL36050,test
lap,MAL36051,train
lap,MAL36052,train
lap,MAL36055,test
lap,MAL36056,train
lap,MAL36057,train
lap,MAL36061,train
lap,MAL36062,train
lap,MAL36064,train
lap,MAL36065,train
lap,MAL36066,train
lap,MAL36067,validation
lap,MAL36069,train
lap,MAL36070,train
lap,MAL36071,test
lap,MAL36072,train
lap,MAL36073,train
lap,MAL36074,test
lap,MAL36077,train
lap,MAL36078,train
lap,MAL36079,train
lap,MAL36080,train
lap,MAL36081,train
lap,MAL36083,train
lap,MAL36085,train
lap,MAL36086,train
lap,MAL36087,train
lap,MAL36088,train
lap,MAL36089,test
lap,MAL36090,train
lap,MAL36091,validation
lap,MAL36092,train
lap,MAL36093,train
lap,MAL36094,test
lap,MAL36095,validation
lap,MAL36096,train
lap,MAL36097,test
lap,MAL36098,train
lap,MAL36099,train
lap,MAL36101,test
lap,MAL36102,test
lap,MAL36103,train
lap,MAL36104,train
lap,MAL36106,test
lap,MAL36107,validation
lap,MAL36108,train
lap,MAL36109,validation
lap,MAL36111,test
lap,MAL36112,test
lap,MAL36113,train
lap,MAL36114,test
lap,MAL36115,test
lap,MAL36116,test
lap,MAL36117,train
lap,MAL36118,validation
lap,MAL36119,train
lap,MAL36121,validation
lap,MAL36122,validation
lap,MAL36124,validation
lap,MAL36125,train
lap,MAL36127,test
lap,MAL36129,train
lap,MAL36130,train
lap,MAL36132,validation
lap,MAL36135,train
lap,MAL36136,train
lap,MAL36137,train
lap,MAL36144,validation
lap,MAL36145,train
lap,MAL36148,test
lap,MAL36151,train
lap,MAL36152,train
lap,MAL36155,validation
lap,MAL36156,train
lap,MAL36157,validation
lap,MAL36159,train
lap,MAL36160,test
lap,MAL36161,train
lap,MAL36162,test
lap,MAL36163,validation
lap,MAL36164,validation
lap,MAL36166,train
lap,MAL36167,validation
lap,MAL36169,test
lap,MAL36170,train
lap,MAL36172,validation
lap,MAL36173,train
lap,MAL36175,train
lap,MAL36180,test
lap,MAL36181,train
lap,MAL36183,train
lap,MAL36184,train
lap,MAL36185,train
lap,MAL36186,train
lap,MAL36191,validation
lap,MAL36194,validation
lap,MAL36196,train
lap,MAL36197,train
lap,MAL36198,train
lap,MAL36204,validation
lap,MAL36214,train
lap,MAL36215,validation
lap,MAL36220,test
lap,MAL36221,train
lap,MAL36223,train
lap,MAL36225,test
lap,MAL36226,train
lap,MAL36228,validation
lap,MAL36229,train
lap,MAL36231,validation
lap,MAL36233,train
lap,MAL36234,train
lap,MAL36239,validation
lap,MAL36240,train
lap,MAL36241,train
lap,MAL36242,train
lap,MAL36245,train
lap,MAL36246,train
lap,MAL36248,train
lap,MAL36249,train
lap,MAL36252,validation
lap,MAL36254,test
lap,MAL36256,train
lap,MAL36258,train
lap,MAL36259,train
lap,MAL36261,train
lap,MAL36264,validation
lap,MAL36265,train
lap,MAL36266,train
lap,MAL36267,train
lap,MAL36269,train
lap,MAL36270,train
lap,MAL36271,test
lap,MAL36272,train
lap,MAL36273,train
lap,MAL36274,train
lap,MAL36278,train
lap,MAL36279,train
lap,MAL36280,train
lap,MAL36281,train
lap,MAL36286,validation
lap,MAL36287,train
lap,MAL36288,train
lap,MAL36289,train
lap,MAL36290,validation
lap,MAL36291,train
lap,MAL36292,train
lap,MAL36293,train
lap,MAL36294,train
lap,MAL36296,train
lap,MAL36297,train
lap,MAL36298,train
lap,MAL36299,test
lap,MAL36300,train
lap,MAL36301,train
lap,MAL36302,train
lap,MAL36305,train
lap,MAL36308,test
lap,MAL36309,train
lap,MAL36310,train
lap,MAL36311,test
lap,MAL36312,train
lap,MAL36313,test
lap,MAL36314,train
lap,MAL36315,train
lap,MAL36316,test
lap,MAL36317,validation
lap,MAL36318,train
lap,MAL36326,train
lap,MAL36339,train
lap,MAL36342,train
lap,MAL36343,train
lap,MAL36344,train
lap,MAL36345,validation
lap,MAL36347,test
lap,MAL36348,train
lap,MAL36349,train
lap,MAL36350,train
lap,MAL36351,train
lap,MAL36352,test
lap,MAL36353,test
lap,MAL36354,test
lap,MAL36355,train
lap,MAL36356,validation
lap,MAL36357,validation
lap,MAL36358,train
lap,MAL36359,train
lap,MAL36360,train
lap,MAL36361,train
lap,MAL36362,test
lap,MAL36369,validation
lap,MAL36370,train
lap,MAL36371,train
lap,MAL36372,train
lap,MAL36373,train
lap,MAL36374,train
lap,MAL36375,train
lap,MAL36376,validation
lap,MAL36377,train
lap,MAL36378,test
lap,MAL36380,train
lap,MAL36381,train
lap,MAL36382,train
lap,MAL36383,test
lap,MAL36384,train
lap,MAL36385,validation
lap,MAL36386,train
lap,MAL36387,train
lap,MAL36388,train
lap,MAL36389,train
lap,MAL36390,train
lap,MAL36391,train
lap,MAL36392,test
lap,MAL36393,train
lap,MAL36394,train
lap,MAL36395,train
lap,MAL36396,train
lap,MAL36397,train
lap,MAL36398,validation
lap,MAL36399,train
lap,MAL36400,validation
lap,MAL36401,train
lap,MAL36402,train
lap,MAL36403,train
lap,MAL36404,train
lap,MAL36407,train
lap,MAL36409,train
lap,MAL36410,train
lap,MAL36411,train
lap,MAL36418,test
lap,MAL36419,train
lap,MAL36423,test
lap,MAL36424,train
lap,MAL36425,train
lap,MAL36427,train
lap,MAL36428,train
lap,MAL36429,train
lap,MAL36431,train
lap,MAL36432,train
lap,MAL36436,test
lap,MAL36440,train
lap,MAL36443,train
lap,MAL36444,train
lap,MAL36447,train
lap,MAL36451,validation
lap,MAL36455,train
lap,MAL36456,train
lap,MAL36458,train
lap,MAL36461,train
lap,MAL36464,train
lap,MAL36466,train
lap,MAL36468,validation
lap,MAL36470,test
lap,MAL36474,train
lap,MAL36475,train
lap,MAL36480,train
lap,MAL36483,train
lap,MAL36485,train
lap,MAL36486,train
lap,MAL36489,train
lap,MAL36491,train
lap,MAL36492,train
lap,MAL36493,test
lap,MAL36494,test
lap,MAL36497,train
lap,MAL36498,train
lap,MAL36501,train
lap,MAL36502,train
lap,MAL36506,validation
lap,MAL36510,train
lap,MAL36511,train
lap,MAL36513,train
lap,MAL36515,test
lap,MAL36516,test
lap,MAL36517,train
lap,MAL36520,train
lap,MAL36521,train
lap,MAL36522,train
lap,MAL36525,train
lap,MAL36528,test
lap,MAL36529,validation
lap,MAL36530,train
lap,MAL36531,train
lap,MAL36536,train
lap,MAL36537,train
lap,MAL36538,train
lap,MAL36539,train
lap,MAL36542,train
lap,MAL36543,validation
lap,MAL36544,train
lap,MAL36545,test
lap,MAL36548,train
lap,MAL36549,train
lap,MAL36551,train
lap,MAL36552,test
lap,MAL36553,validation
lap,MAL36556,train
lap,MAL36559,train
lap,MAL36560,train
lap,MAL36561,train
lap,MAL36563,train
lap,MAL36564,train
lap,MAL36565,train
lap,MAL36566,train
lap,MAL36569,train
lap,MAL36571,train
lap,MAL36572,train
lap,MAL36573,train
lap,MAL36574,validation
lap,MAL36575,train
lap,MAL36577,train
lap,MAL36578,train
lap,MAL36579,train
lap,MAL36580,test
lap,MAL36581,test
lap,MAL36582,test
lap,MAL36583,train
lap,MAL36584,train
lap,MAL36585,train
lap,MAL36586,test
lap,MAL36587,train
lap,MAL36588,train
lap,MAL36591,train
lap,MAL36592,train
lap,MAL36593,test
lap,MAL36594,train
lap,MAL36595,train
lap,MAL36596,train
lap,MAL36597,train
lap,MAL36598,validation
lap,MAL36599,train
lap,MAL36600,train
lap,MAL36601,train
lap,MAL36602,train
lap,MAL36603,train
lap,MAL36604,train
lap,MAL36605,train
lap,MAL36606,validation
lap,MAL36607,train
lap,MAL36608,train
lap,MAL36611,train
lap,MAL36613,test
lap,MAL36616,train
lap,MAL36618,train
lap,MAL36619,train
lap,MAL36620,train
lap,MAL36621,test
lap,MAL36622,train
lap,MAL36623,train
lap,MAL36624,train
lap,MAL36625,train
lap,MAL36626,validation
lap,MAL36629,train
lap,MAL36630,train
lap,MAL36631,train
lap,MAL36632,train
lap,MAL36633,train
lap,MAL36636,train
lap,MAL36637,test
lap,MAL36638,test
lap,MAL36639,train
lap,MAL36640,train
lap,MAL36641,train
lap,MAL36642,train
lap,MAL36643,train
lap,MAL36644,validation
lap,MAL36646,train
lap,MAL36649,train
lap,MAL36652,train
lap,MAL36653,test
lap,MAL36654,test
lap,MAL36655,train
lap,MAL36656,train
lap,MAL36657,train
lap,MAL36661,train
lap,MAL36662,train
lap,MAL36664,train
lap,MAL36666,train
lap,MAL36667,validation
lap,MAL36668,train
lap,MAL36670,train
lap,MAL36671,train
lap,MAL36672,train
lap,MAL36673,train
lap,MAL36674,train
lap,MAL36675,test
lap,MAL36676,train
lap,MAL36678,validation
lap,MAL36679,train
lap,MAL36680,validation
lap,MAL36683,test
lap,MAL36684,train
lap,MAL36685,train
lap,MAL36686,train
lap,MAL36688,train
lap,MAL36689,train
lap,MAL36692,train
lap,MAL36699,train
lap,MAL36700,train
lap,MAL36702,train
lap,MAL36704,test
lap,MAL36705,validation
lap,MAL36712,train
lap,MAL36714,validation
lap,MAL36715,train
lap,MAL36716,train
lap,MAL36718,test
lap,MAL36719,train
lap,MAL36720,train
lap,MAL36721,train
lap,MAL36722,train
lap,MAL36724,train
lap,MAL36725,train
lap,MAL36726,train
lap,MAL36727,train
lap,MAL36728,train
lap,MAL36730,test
lap,MAL36731,train
lap,MAL36732,test
lap,MAL36734,train
lap,MAL36735,train
lap,MAL36736,train
lap,MAL36737,train
lap,MAL36740,train
lap,MAL36742,train
lap,MAL36743,train
lap,MAL36744,train
lap,MAL36748,train
lap,MAL36749,train
lap,MAL36750,train
lap,MAL36752,train
lap,MAL36753,train
lap,MAL36754,train
lap,MAL36755,train
lap,MAL36756,train
lap,MAL36757,train
lap,MAL36759,train
lap,MAL36760,train
lap,MAL36761,train
lap,MAL36762,train
lap,MAL36763,train
lap,MAL36764,train
lap,MAL36765,train
lap,MAL36766,train
lap,MAL36771,test
lap,MAL36774,train
lap,MAL36775,train
lap,MAL36777,validation
lap,MAL36778,train
lap,MAL36780,validation
lap,MAL36781,validation
lap,MAL36782,validation
lap,MAL36783,train
lap,MAL36784,train
lap,MAL36789,validation
lap,MAL36790,validation
lap,MAL36791,train
lap,MAL36792,train
lap,MAL36793,test
lap,MAL36797,train
lap,MAL36799,train
lap,MAL36800,train
lap,MAL36803,test
lap,MAL36804,train
lap,MAL36805,train
lap,MAL36806,train
lap,MAL36807,train
lap,MAL36808,test
lap,MAL36809,validation
lap,MAL36810,train
lap,MAL36811,train
lap,MAL36812,train
lap,MAL36815,validation
lap,MAL36816,train
lap,MAL36817,train
lap,MAL36818,train
lap,MAL36819,train
lap,MAL36820,test
lap,MAL36821,train
lap,MAL36822,validation
lap,MAL36823,train
lap,MAL36824,train
lap,MAL36827,train
lap,MAL36828,train
lap,MAL36833,train
lap,MAL36835,train
lap,MAL36836,train
lap,MAL36840,train
lap,MAL36841,train
lap,MAL36843,train
lap,MAL36846,test
lap,MAL36847,train
lap,MAL36848,train
lap,MAL36849,train
lap,MAL36851,validation
lap,MAL36855,train
lap,MAL36856,train
lap,MAL36857,train
lap,MAL36858,validation
lap,MAL36861,validation
lap,MAL36862,train
lap,MAL36864,train
lap,MAL36866,train
lap,MAL36868,test
lap,MAL36871,test
lap,MAL36873,validation
lap,MAL36874,train
lap,MAL36875,train
lap,MAL36876,train
lap,MAL36881,train
lap,MAL36882,validation
lap,MAL36883,train
lap,MAL36884,validation
lap,MAL36885,train
lap,MAL36888,test
lap,MAL36889,train
lap,MAL36890,test
lap,MAL36894,test
lap,MAL36895,train
lap,MAL36896,train
lap,MAL36902,train
lap,MAL36903,train
lap,MAL36904,test
lap,MAL36905,train
lap,MAL36906,train
lap,MAL36907,test
lap,MAL36910,train
lap,MAL36913,train
lap,MAL36914,train
lap,MAL36915,validation
lap,MAL36918,validation
lap,MAL36919,test
lap,MAL36920,train
lap,MAL36921,train
lap,MAL36922,train
lap,MAL36927,train
lap,MAL36933,validation
lap,MAL36934,train
lap,MAL36936,train
lap,MAL36937,test
lap,MAL36942,train
lap,MAL36943,train
lap,MAL36945,test
lap,MAL36946,train
lap,MAL36949,train
lap,MAL36951,train
lap,MAL36952,train
lap,MAL36955,train
lap,MAL36956,validation
lap,MAL36962,validation
lap,MAL36963,train
lap,MAL36964,train
lap,MAL36967,train
lap,MAL36968,train
lap,MAL36970,train
lap,MAL36973,train
lap,MAL36976,train
lap,MAL36978,train
lap,MAL36979,train
lap,MAL36981,validation
lap,MAL36982,train
lap,MAL36983,train
lap,MAL36990,test
lap,MAL36991,train
lap,MAL36992,train
lap,MAL36993,train
lap,MAL36995,train
lap,MAL36996,train
lap,MAL36999,train
lap,MAL37000,train
lap,MAL37002,train
lap,MAL37007,train
lap,MAL37008,train
lap,MAL37009,train
lap,MAL37010,train
lap,MAL37011,train
lap,MAL37013,test
lap,MAL37017,train
lap,MAL37018,train
lap,MAL37020,train
lap,MAL37021,train
lap,MAL37023,test
lap,MAL37024,train
lap,MAL37027,validation
lap,MAL37028,train
lap,MAL37029,validation
lap,MAL37033,train
lap,MAL37034,train
lap,MAL37036,train
lap,MAL37037,test
lap,MAL37044,train
lap,MAL37045,train
lap,MAL37046,test
lap,MAL37047,train
lap,MAL37050,train
lap,MAL37051,test
lap,MAL37054,train
lap,MAL37055,test
lap,MAL37059,train
lap,MAL37060,train
lap,MAL37064,test
lap,MAL37065,train
lap,MAL37066,train
lap,MAL37067,train
lap,MAL37069,test
lap,MAL37070,train
lap,MAL37071,validation
lap,MAL37072,train
lap,MAL37073,train
lap,MAL37074,validation
lap,MAL37075,train
lap,MAL37078,train
lap,MAL37082,train
lap,MAL37086,train
lap,MAL37087,train
lap,MAL37088,train
lap,MAL37089,validation
lap,MAL37096,train
lap,MAL37097,test
lap,MAL37098,train
lap,MAL37099,validation
lap,MAL37100,train
lap,MAL37101,train
lap,MAL37102,validation
lap,MAL37103,train
lap,MAL37104,test
lap,MAL37105,train
lap,MAL37106,train
lap,MAL37112,train
lap,MAL37115,train
lap,MAL37117,train
lap,MAL37123,validation
lap,MAL37124,train
lap,MAL37126,train
lap,MAL37127,train
lap,MAL37133,train
lap,MAL37135,train
lap,MAL37136,train
lap,MAL37138,train
lap,MAL37139,train
lap,MAL37140,test
lap,MAL37141,train
lap,MAL37142,test
lap,MAL37143,train
lap,MAL37144,train
lap,MAL37145,train
lap,MAL37146,train
lap,MAL37147,train
lap,MAL37149,test
lap,MAL37150,train
lap,MAL37151,train
lap,MAL37152,test
lap,MAL37153,train
lap,MAL37154,train
lap,MAL37155,validation
lap,MAL37164,train
lap,MAL37165,train
lap,MAL37167,train
lap,MAL37168,train
lap,MAL37169,train
lap,MAL37171,test
lap,MAL37172,test
lap,MAL37174,test
lap,MAL37175,train
lap,MAL37176,train
lap,MAL37177,train
lap,MAL37178,train
lap,MAL37179,train
lap,MAL37180,test
lap,MAL37181,validation
lap,MAL37184,train
lap,MAL37185,validation
lap,MAL37186,train
lap,MAL37187,train
lap,MAL37188,test
lap,MAL37189,train
lap,MAL37190,train
lap,MAL37191,train
lap,MAL37192,train
lap,MAL37193,train
lap,MAL37194,test
lap,MAL37195,train
lap,MAL37196,test
lap,MAL37197,test
lap,MAL37198,train
lap,MAL37202,train
lap,MAL37204,train
lap,MAL37206,validation
lap,MAL37207,train
lap,MAL37208,train
lap,MAL37209,train
lap,MAL37210,train
lap,MAL37212,train
lap,MAL37215,train
lap,MAL37217,test
lap,MAL37219,train
lap,MAL37221,train
lap,MAL37222,train
lap,MAL37223,train
lap,MAL37224,train
lap,MAL37225,train
lap,MAL37228,train
lap,MAL37232,train
lap,MAL37233,train
lap,MAL37241,train
lap,MAL37242,train
lap,MAL37243,train
lap,MAL37245,train
lap,MAL37246,train
lap,MAL37247,train
lap,MAL37249,train
lap,MAL37254,train
lap,MAL37255,train
lap,MAL37256,train
lap,MAL37258,train
lap,MAL37259,train
lap,MAL37262,validation
lap,MAL37263,train
lap,MAL37264,test
lap,MAL37265,test
lap,MAL37266,train
lap,MAL37267,test
lap,MAL37268,train
lap,MAL37272,train
lap,MAL37273,test
lap,MAL37278,train
lap,MAL37279,test
lap,MAL37280,test
lap,MAL37281,train
lap,MAL37283,test
lap,MAL37284,train
lap,MAL37285,validation
lap,MAL37286,train
lap,MAL37287,train
lap,MAL37290,train
lap,MAL37291,train
lap,MAL37292,train
lap,MAL37293,train
lap,MAL37294,train
lap,MAL37300,train
lap,MAL37302,validation
lap,MAL37303,test
lap,MAL37304,test
lap,MAL37305,train
lap,MAL37306,train
lap,MAL37307,validation
lap,MAL37308,train
lap,MAL37311,train
lap,MAL37316,test
lap,MAL37318,validation
lap,MAL37320,validation
lap,MAL37324,train
lap,MAL37325,train
lap,MAL37326,test
lap,MAL37328,train
lap,MAL37334,train
lap,MAL37335,train
lap,MAL37337,test
lap,MAL37338,train
lap,MAL37340,train
lap,MAL37343,train
lap,MAL37344,train
lap,MAL37345,train
lap,MAL37346,train
lap,MAL37347,train
lap,MAL37348,test
lap,MAL37349,train
lap,MAL37350,train
lap,MAL37351,train
lap,MAL37352,train
lap,MAL37355,test
lap,MAL37356,train
lap,MAL37357,train
lap,MAL37358,train
lap,MAL37359,train
lap,MAL37360,train
lap,MAL37362,train
lap,MAL37364,test
lap,MAL37365,test
lap,MAL37368,test
lap,MAL37369,train
lap,MAL37370,train
lap,MAL37374,train
lap,MAL37377,train
lap,MAL37379,validation
lap,MAL37384,train
lap,MAL37385,test
lap,MAL37386,test
lap,MAL37388,test
lap,MAL37390,test
lap,MAL37391,train
lap,MAL37392,train
lap,MAL37393,test
lap,MAL37395,train
lap,MAL37396,test
lap,MAL37398,train
lap,MAL37401,test
lap,MAL37402,train
lap,MAL37403,train
lap,MAL37404,train
lap,MAL37405,test
lap,MAL37406,train
lap,MAL37407,test
lap,MAL37409,train
lap,MAL37413,test
lap,MAL37414,test
lap,MAL37418,train
lap,MAL37419,validation
lap,MAL37420,train
lap,MAL37421,train
lap,MAL37422,train
lap,MAL37423,train
lap,MAL37426,train
lap,MAL37428,validation
lap,MAL37430,train
lap,MAL37431,test
lap,MAL37433,test
lap,MAL37435,train
lap,MAL37436,validation
lap,MAL37437,validation
lap,MAL37438,train
lap,MAL37440,test
lap,MAL37441,train
lap,MAL37442,train
lap,MAL37446,train
lap,MAL37447,train
lap,MAL37448,train
lap,MAL37449,test
lap,MAL37450,train
lap,MAL37451,train
lap,MAL37452,test
lap,MAL37453,test
lap,MAL37454,train
lap,MAL37455,train
lap,MAL37458,train
lap,MAL37460,train
lap,MAL37461,test
lap,MAL37462,validation
lap,MAL37463,train
lap,MAL37464,validation
lap,MAL37465,test
lap,MAL37466,train
lap,MAL37467,train
lap,MAL37468,train
lap,MAL37472,test
lap,MAL37474,train
lap,MAL37475,train
lap,MAL37476,train
lap,MAL37481,test
lap,MAL37482,test
lap,MAL37483,train
lap,MAL37484,train
lap,MAL37487,train
lap,MAL37490,validation
lap,MAL37491,train
lap,MAL37492,train
lap,MAL37493,train
lap,MAL37494,train
lap,MAL37496,test
lap,MAL37497,train
lap,MAL37498,validation
lap,MAL37501,train
lap,MAL37504,train
lap,MAL37505,train
lap,MAL37506,train
lap,MAL37507,validation
lap,MAL37509,train
lap,MAL37510,train
lap,MAL37511,test
lap,MAL37514,train
lap,MAL37515,train
lap,MAL37516,train
lap,MAL37517,train
lap,MAL37520,train
lap,MAL37521,test
lap,MAL37522,train
lap,MAL37525,train
lap,MAL37527,validation
lap,MAL37528,test
lap,MAL37529,validation
lap,MAL37530,train
lap,MAL37531,validation
lap,MAL37532,train
lap,MAL37533,train
lap,MAL37534,validation
lap,MAL37535,train
lap,MAL37536,train
lap,MAL37537,train
lap,MAL37538,train
lap,MAL37539,train
lap,MAL37540,train
lap,MAL37541,test
lap,MAL37542,test
lap,MAL37543,train
lap,MAL37544,train
lap,MAL37545,validation
lap,MAL37546,train
lap,MAL37547,validation
lap,MAL37548,train
lap,MAL37550,train
lap,MAL37551,test
lap,MAL37552,validation
lap,MAL37553,train
lap,MAL37554,validation
lap,MAL37555,train
lap,MAL37559,train
lap,MAL37560,train
lap,MAL37561,train
lap,MAL37562,train
lap,MAL37563,train
lap,MAL37564,train
lap,MAL37566,train
lap,MAL37569,train
lap,MAL37571,train
lap,MAL37576,train
lap,MAL37577,validation
lap,MAL37578,train
lap,MAL37579,test
lap,MAL37584,train
lap,MAL37585,train
lap,MAL37586,validation
lap,MAL37587,train
lap,MAL37588,validation
lap,MAL37589,train
lap,MAL37590,train
lap,MAL37591,train
lap,MAL37594,train
lap,MAL37596,train
lap,MAL37597,train
lap,MAL37598,test
lap,MAL37599,train
lap,MAL37600,train
lap,MAL37601,test
lap,MAL37602,train
lap,MAL37603,train
lap,MAL37604,test
lap,MAL37606,test
lap,MAL37607,validation
lap,MAL37608,train
lap,MAL37609,train
lap,MAL37610,train
lap,MAL37611,train
lap,MAL37614,train
lap,MAL37616,train
lap,MAL37618,train
lap,MAL37619,test
lap,MAL37620,validation
lap,MAL37621,train
lap,MAL37622,train
lap,MAL37623,train
lap,MAL37626,train
lap,MAL37630,train
lap,MAL37639,train
lap,MAL37640,train
lap,MAL37641,train
lap,MAL37642,test
lap,MAL37643,train
lap,MAL37646,test
lap,MAL37647,test
lap,MAL37651,train
lap,MAL37653,train
lap,MAL37655,train
lap,MAL37657,train
lap,MAL37659,train
lap,MAL37661,train
lap,MAL37662,train
lap,MAL37664,validation
lap,MAL37665,train
lap,MAL37666,train
lap,MAL37667,validation
lap,MAL37668,train
lap,MAL37669,train
lap,MAL37670,train
lap,MAL37671,validation
lap,MAL37675,test
lap,MAL37678,test
lap,MAL37679,validation
lap,MAL37680,train
lap,MAL37682,test
lap,MAL37683,train
lap,MAL37684,validation
lap,MAL37687,train
lap,MAL37688,train
lap,MAL37689,train
lap,MAL37690,test
lap,MAL37691,train
lap,MAL37692,train
lap,MAL37693,test
lap,MAL37694,train
lap,MAL37695,train
lap,MAL37696,train
lap,MAL37698,validation
lap,MAL37699,train
lap,MAL37703,train
lap,MAL37704,test
lap,MAL37706,train
lap,MAL37711,test
lap,MAL37716,validation
lap,MAL37717,train
lap,MAL37720,test
lap,MAL37722,train
lap,MAL37723,train
lap,MAL37729,test
lap,MAL37730,train
lap,MAL37731,train
lap,MAL37732,train
lap,MAL37733,train
lap,MAL37734,train
lap,MAL37735,test
lap,MAL37736,train
lap,MAL37737,train
lap,MAL37739,train
lap,MAL37740,validation
lap,MAL37742,train
lap,MAL37744,train
lap,MAL37747,train
lap,MAL37749,test
lap,MAL37750,test
lap,MAL37751,train
lap,MAL37752,train
lap,MAL37753,train
lap,MAL37755,train
lap,MAL37760,test
lap,MAL37762,train
lap,MAL37764,train
lap,MAL37765,train
lap,MAL37769,train
lap,MAL37771,train
lap,MAL37773,train
lap,MAL37775,train
lap,MAL37776,train
lap,MAL37777,train
lap,MAL37778,train
lap,MAL37779,test
lap,MAL37780,train
lap,MAL37784,train
lap,MAL37786,test
lap,MAL37787,train
lap,MAL37789,train
lap,MAL37790,test
lap,MAL37792,train
lap,MAL37798,train
lap,MAL37799,train
lap,MAL37801,train
lap,MAL37802,train
lap,MAL37804,train
lap,MAL37806,train
lap,MAL37807,train
lap,MAL37814,train
lap,MAL37815,train
lap,MAL37816,train
lap,MAL37818,train
lap,MAL37822,test
lap,MAL37823,train
lap,MAL37825,test
lap,MAL37826,train
lap,MAL37827,validation
lap,MAL37828,train
lap,MAL37839,train
lap,MAL37842,train
lap,MAL37843,validation
lap,MAL37845,train
lap,MAL37850,train
lap,MAL37851,test
lap,MAL37852,train
lap,MAL37853,train
lap,MAL37854,train
lap,MAL37857,train
lap,MAL37858,train
lap,MAL37859,train
lap,MAL37860,validation
lap,MAL37863,train
lap,MAL37864,train
lap,MAL37865,train
lap,MAL37866,validation
lap,MAL37869,train
lap,MAL37870,validation
lap,MAL37876,train
lap,MAL37877,test
lap,MAL37878,train
lap,MAL37879,train
lap,MAL37881,train
lap,MAL37884,train
lap,MAL37885,train
lap,MAL37886,train
lap,MAL37887,train
lap,MAL37888,validation
lap,MAL37890,test
lap,MAL37891,train
lap,MAL37892,train
lap,MAL37893,train
lap,MAL37894,train
lap,MAL37895,train
lap,MAL37896,train
lap,MAL37902,train
lap,MAL37904,train
lap,MAL37906,train
lap,MAL37908,train
lap,MAL37910,train
lap,MAL37914,validation
lap,MAL37915,test
lap,MAL37916,test
lap,MAL37920,train
lap,MAL37921,train
lap,MAL37922,train
lap,MAL37923,train
lap,MAL37924,test
lap,MAL37926,validation
lap,MAL37927,train
lap,MAL37928,train
lap,MAL37929,train
lap,MAL37931,train
lap,MAL37932,train
lap,MAL37933,train
lap,MAL37934,train
lap,MAL37936,train
lap,MAL37937,train
lap,MAL37938,validation
lap,MAL37939,train
lap,MAL37940,train
lap,MAL37941,train
lap,MAL37942,train
lap,MAL37943,train
lap,MAL37944,train
lap,MAL37945,test
lap,MAL37947,train
lap,MAL37948,train
lap,MAL37950,test
lap,MAL37951,test
lap,MAL37952,train
lap,MAL37954,test
lap,MAL37955,validation
lap,MAL37956,validation
lap,MAL37958,validation
lap,MAL37959,train
lap,MAL37960,train
lap,MAL37962,test
lap,MAL37963,test
lap,MAL37964,train
lap,MAL37965,train
lap,MAL37966,train
lap,MAL37967,train
lap,MAL37968,validation
lap,MAL37969,test
lap,MAL37970,test
lap,MAL37972,train
lap,MAL37975,train
lap,MAL37976,train
lap,MAL37978,train
lap,MAL37979,train
lap,MAL37980,train
lap,MAL37981,validation
lap,MAL37982,train
lap,MAL37983,train
lap,MAL37984,train
lap,MAL37985,train
lap,MAL37986,train
lap,MAL37987,train
lap,MAL37988,train
lap,MAL37989,train
lap,MAL37990,train
lap,MAL37991,validation
lap,MAL37992,train
lap,MAL37993,train
lap,MAL37994,train
lap,MAL37996,test
lap,MAL37997,test
lap,MAL37998,train
lap,MAL37999,train
lap,MAL38000,train
lap,MAL38002,train
lap,MAL38003,train
lap,MAL38004,train
lap,MAL38005,train
lap,MAL38006,test
lap,MAL38007,train
lap,MAL38008,train
lap,MAL38009,train
lap,MAL38010,train
lap,MAL38011,validation
lap,MAL38012,train
lap,MAL38013,train
lap,MAL38014,train
lap,MAL38015,train
lap,MAL38016,train
lap,MAL38017,train
lap,MAL38018,validation
lap,MAL38019,train
lap,MAL38020,train
lap,MAL38021,validation
lap,MAL38022,validation
lap,MAL38023,train
lap,MAL38024,test
lap,MAL38025,test
lap,MAL38026,train
lap,MAL38028,train
lap,MAL38029,train
lap,MAL38030,test
lap,MAL38031,train
lap,MAL38032,train
lap,MAL38033,test
lap,MAL38034,test
lap,MAL38035,train
lap,MAL38036,test
lap,MAL38037,train
lap,MAL38038,train
lap,MAL38039,train
lap,MAL38040,train
lap,MAL38042,train
lap,MAL38043,train
lap,MAL38044,train
lap,MAL38045,train
lap,MAL38046,train
lap,MAL38047,train
lap,MAL38048,train
lap,MAL38049,train
lap,MAL38051,train
lap,MAL38052,validation
lap,MAL38054,test
lap,MAL38055,train
lap,MAL38056,test
lap,MAL38057,validation
lap,MAL38058,train
lap,MAL38059,test
lap,MAL38060,train
lap,MAL38062,train
lap,MAL38063,validation
lap,MAL38066,train
lap,MAL38067,train
lap,MAL38068,train
lap,MAL38069,train
lap,MAL38070,train
lap,MAL38071,train
lap,MAL38072,train
lap,MAL38073,train
lap,MAL38074,train
lap,MAL38075,train
lap,MAL38078,train
lap,MAL38080,train
lap,MAL38081,train
lap,MAL38082,train
lap,MAL38083,train
lap,MAL38084,train
lap,MAL38085,train
lap,MAL38086,train
lap,MAL38087,test
lap,MAL38088,train
lap,MAL38089,train
lap,MAL38090,train
lap,MAL38091,validation
lap,MAL38092,train
lap,MAL38093,train
lap,MAL38094,train
lap,MAL38095,train
lap,MAL38096,train
lap,MAL38097,train
lap,MAL38098,train
lap,MAL38099,train
lap,MAL38100,train
lap,MAL38101,train
lap,MAL38106,validation
lap,MAL38107,train
lap,MAL38110,train
lap,MAL38112,test
lap,MAL38114,train
lap,MAL38117,train
lap,MAL38118,train
lap,MAL38119,test
lap,MAL38120,train
lap,MAL38121,train
lap,MAL38122,train
lap,MAL38123,train
lap,MAL38124,train
lap,MAL38125,train
lap,MAL38126,test
lap,MAL38127,train
lap,MAL38128,train
lap,MAL38129,train
lap,MAL38130,train
lap,MAL38131,train
lap,MAL38132,train
lap,MAL38133,validation
lap,MAL38134,train
lap,MAL38135,train
lap,MAL38136,train
lap,MAL38137,train
lap,MAL38138,validation
lap,MAL38140,train
lap,MAL38141,train
lap,MAL38142,test
lap,MAL38145,train
lap,MAL38147,test
lap,MAL38150,validation
lap,MAL38154,train
lap,MAL38157,train
lap,MAL38158,train
lap,MAL38161,validation
lap,MAL38162,train
lap,MAL38163,train
lap,MAL38164,train
lap,MAL38166,train
lap,MAL38167,train
lap,MAL38174,train
lap,MAL38175,train
lap,MAL38177,train
lap,MAL38179,train
lap,MAL38181,train
lap,MAL38186,train
lap,MAL38191,test
lap,MAL38192,train
lap,MAL38194,train
lap,MAL38196,train
lap,MAL38198,test
lap,MAL38199,test
lap,MAL38201,train
lap,MAL38203,test
lap,MAL38206,train
lap,MAL38211,train
lap,MAL38212,test
lap,MAL38217,train
lap,MAL38219,train
lap,MAL38220,train
lap,MAL38226,test
lap,MAL38234,train
lap,MAL38235,test
lap,MAL38246,train
lap,MAL38249,train
lap,MAL38250,test
lap,MAL38251,train
lap,MAL38252,train
lap,MAL38254,train
lap,MAL38256,train
lap,MAL38260,train
lap,MAL38262,train
lap,MAL38265,validation
lap,MAL38267,validation
lap,MAL38268,train
lap,MAL38271,train
lap,MAL38272,train
lap,MAL38273,train
lap,MAL38274,test
lap,MAL38276,validation
lap,MAL38279,train
lap,MAL38284,train
lap,MAL38285,test
lap,MAL38287,test
lap,MAL38290,train
lap,MAL38291,test
lap,MAL38292,train
lap,MAL38295,train
lap,MAL38297,train
lap,MAL38299,train
lap,MAL38301,train
lap,MAL38302,train
lap,MAL38304,train
lap,MAL38305,train
lap,MAL38306,validation
lap,MAL38307,train
lap,MAL38308,train
lap,MAL38309,validation
lap,MAL38310,validation
lap,MAL38311,train
lap,MAL38312,train
lap,MAL38313,train
lap,MAL38319,train
lap,MAL38320,train
lap,MAL38321,test
lap,MAL38322,train
lap,MAL38323,train
lap,MAL38324,train
lap,MAL38325,train
lap,MAL38326,train
lap,MAL38327,train
lap,MAL38328,train
lap,MAL38329,train
lap,MAL38330,train
lap,MAL38331,train
lap,MAL38333,train
lap,MAL38337,train
lap,MAL38338,train
lap,MAL38341,train
lap,MAL38346,train
lap,MAL38347,train
lap,MAL38348,train
lap,MAL38349,train
lap,MAL38352,train
lap,MAL38353,validation
lap,MAL38354,train
lap,MAL38357,validation
lap,MAL38360,train
lap,MAL38361,train
lap,MAL38362,train
lap,MAL38363,train
lap,MAL38365,train
lap,MAL38367,train
lap,MAL38368,train
lap,MAL38372,test
lap,MAL38373,train
lap,MAL38375,train
lap,MAL38376,train
lap,MAL38378,test
lap,MAL38379,train
lap,MAL38384,validation
lap,MAL38385,train
lap,MAL38386,test
lap,MAL38387,train
lap,MAL38389,train
lap,MAL38390,train
lap,MAL38392,test
lap,MAL38393,validation
lap,MAL38395,train
lap,MAL38397,train
lap,MAL38398,train
lap,MAL38400,train
lap,MAL38403,test
lap,MAL38407,train
lap,MAL38408,train
lap,MAL38409,train
lap,MAL38410,train
lap,MAL38411,train
lap,MAL38412,test
lap,MAL38413,train
lap,MAL38414,train
lap,MAL38416,train
lap,MAL38419,validation
lap,MAL38420,train
lap,MAL38422,train
lap,MAL38424,test
lap,MAL38425,train
lap,MAL38426,train
lap,MAL38427,train
lap,MAL38431,validation
lap,MAL38435,train
lap,MAL38436,train
lap,MAL38440,train
lap,MAL38444,train
lap,MAL38445,train
lap,MAL38446,train
lap,MAL38449,train
lap,MAL38450,train
lap,MAL38451,test
lap,MAL38453,train
lap,MAL38456,train
lap,MAL38461,test
lap,MAL38464,train
lap,MAL38467,train
lap,MAL38469,train
lap,MAL38470,train
lap,MAL38471,train
lap,MAL38472,test
lap,MAL38473,train
lap,MAL38474,validation
lap,MAL38475,train
lap,MAL38476,train
lap,MAL38477,train
lap,MAL38478,train
lap,MAL38480,train
lap,MAL38481,train
lap,MAL38483,train
lap,MAL38484,train
lap,MAL38485,train
lap,MAL38486,train
lap,MAL38487,train
lap,MAL38488,train
lap,MAL38489,validation
lap,MAL38490,validation
lap,MAL38491,train
lap,MAL38493,train
lap,MAL38495,train
lap,MAL38496,train
lap,MAL38497,test
lap,MAL38498,validation
lap,MAL38501,test
lap,MAL38502,train
lap,MAL38503,train
lap,MAL38504,train
lap,MAL38505,train
lap,MAL38506,train
lap,MAL38507,train
lap,MAL38508,train
lap,MAL38509,train
lap,MAL38510,train
lap,MAL38511,train
lap,MAL38513,train
lap,MAL38520,test
lap,MAL38521,train
lap,MAL38524,train
lap,MAL38525,train
lap,MAL38526,train
lap,MAL38528,validation
lap,MAL38529,train
lap,MAL38530,train
lap,MAL38533,train
lap,MAL38534,test
lap,MAL38535,train
lap,MAL38536,train
lap,MAL38537,train
lap,MAL38538,test
lap,MAL38539,train
lap,MAL38540,train
lap,MAL38544,train
lap,MAL38545,validation
lap,MAL38549,train
lap,MAL38551,test
lap,MAL38552,train
lap,MAL38554,train
lap,MAL38555,test
lap,MAL38556,train
lap,MAL38557,train
lap,MAL38558,train
lap,MAL38560,train
lap,MAL38561,train
lap,MAL38562,train
lap,MAL38568,test
lap,MAL38569,test
lap,MAL38571,validation
lap,MAL38572,train
lap,MAL38573,test
lap,MAL38577,train
lap,MAL38578,test
lap,MAL38579,train
lap,MAL38585,test
lap,MAL38587,train
lap,MAL38594,test
lap,MAL38600,train
lap,MAL38603,train
lap,MAL38609,validation
lap,MAL38610,test
lap,MAL38611,train
lap,MAL38612,train
lap,MAL38613,train
lap,MAL38614,train
lap,MAL38616,train
lap,MAL38618,test
lap,MAL38619,train
lap,MAL38620,train
lap,MAL38621,train
lap,MAL38622,train
lap,MAL38623,train
lap,MAL38624,train
lap,MAL38626,train
lap,MAL38627,train
lap,MAL38628,train
lap,MAL38629,train
lap,MAL38631,train
lap,MAL38632,train
lap,MAL38640,train
lap,MAL38641,test
lap,MAL38643,test
lap,MAL38644,train
lap,MAL38650,train
lap,MAL38653,train
lap,MAL38656,train
lap,MAL38658,test
lap,MAL38659,train
lap,MAL38663,train
lap,MAL38664,train
lap,MAL38668,validation
lap,MAL38669,test
lap,MAL38670,train
lap,MAL38671,train
lap,MAL38672,train
lap,MAL38673,train
lap,MAL38674,train
lap,MAL38676,train
lap,MAL38677,validation
lap,MAL38678,train
lap,MAL38680,test
lap,MAL38681,train
lap,MAL38683,train
lap,MAL38685,train
lap,MAL38688,train
lap,MAL38689,test
lap,MAL38690,train
lap,MAL38691,train
lap,MAL38693,test
lap,MAL38699,train
lap,MAL38700,train
lap,MAL38701,train
lap,MAL38702,train
lap,MAL38705,train
lap,MAL38707,train
lap,MAL38708,train
lap,MAL38710,train
lap,MAL38711,train
lap,MAL38712,train
lap,MAL38714,train
lap,MAL38715,test
lap,MAL38716,test
lap,MAL38719,train
lap,MAL38720,train
lap,MAL38722,test
lap,MAL38727,test
lap,MAL38729,train
lap,MAL38731,train
lap,MAL38732,train
lap,MAL38733,train
lap,MAL38735,train
lap,MAL38738,validation
lap,MAL38739,train
lap,MAL38740,train
lap,MAL38741,train
lap,MAL38742,train
lap,MAL38743,train
lap,MAL38744,train
lap,MAL38745,test
lap,MAL38748,test
lap,MAL38749,train
lap,MAL38752,train
lap,MAL38753,validation
lap,MAL38756,train
lap,MAL38759,train
lap,MAL38760,test
lap,MAL38762,train
lap,MAL38763,test
lap,MAL38764,train
lap,MAL38765,train
lap,MAL38766,train
lap,MAL38767,train
lap,MAL38768,train
lap,MAL38769,test
lap,MAL38770,train
lap,MAL38772,test
lap,MAL38773,train
lap,MAL38775,test
lap,MAL38776,train
lap,MAL38777,train
lap,MAL38778,train
lap,MAL38779,train
lap,MAL38783,validation
lap,MAL38784,train
lap,MAL38785,train
lap,MAL38786,train
lap,MAL38787,train
lap,MAL38788,test
lap,MAL38789,validation
lap,MAL38790,train
lap,MAL38793,train
lap,MAL38794,test
lap,MAL38795,train
lap,MAL38796,test
lap,MAL38797,train
lap,MAL38798,train
lap,MAL38799,train
lap,MAL38800,test
lap,MAL38803,train
lap,MAL38804,train
lap,MAL38805,train
lap,MAL38807,train
lap,MAL38808,train
lap,MAL38809,train
lap,MAL38810,test
lap,MAL38812,train
lap,MAL38813,train
lap,MAL38814,train
lap,MAL38815,validation
lap,MAL38816,train
lap,MAL38817,train
lap,MAL38818,train
lap,MAL38819,validation
lap,MAL38820,validation
lap,MAL38821,train
lap,MAL38824,train
lap,MAL38826,validation
lap,MAL38827,train
lap,MAL38828,validation
lap,MAL38830,test
lap,MAL38831,train
lap,MAL38835,train
lap,MAL38837,train
lap,MAL38843,test
lap,MAL38847,train
lap,MAL38848,train
lap,MAL38849,validation
lap,MAL38850,train
lap,MAL38851,train
lap,MAL38852,test
lap,MAL38853,train
lap,MAL38854,train
lap,MAL38855,train
lap,MAL38856,train
lap,MAL38857,train
lap,MAL38860,train
lap,MAL38861,train
lap,MAL38862,train
lap,MAL38863,train
lap,MAL38864,train
lap,MAL38865,train
lap,MAL38866,test
lap,MAL38867,train
lap,MAL38881,test
lap,MAL38882,test
lap,MAL38883,train
lap,MAL38886,test
lap,MAL38887,train
lap,MAL38888,test
lap,MAL38889,train
lap,MAL38891,test
lap,MAL38895,train
lap,MAL38896,validation
lap,MAL38897,train
lap,MAL38898,validation
lap,MAL38899,test
lap,MAL38901,train
lap,MAL38902,train
lap,MAL38903,train
lap,MAL38905,train
lap,MAL38906,train
lap,MAL38907,train
lap,MAL38909,train
lap,MAL38910,train
lap,MAL38911,test
lap,MAL38913,train
lap,MAL38914,test
lap,MAL38915,train
lap,MAL38916,train
lap,MAL38917,train
lap,MAL38918,train
lap,MAL38920,train
lap,MAL38921,train
lap,MAL38922,train
lap,MAL38923,train
lap,MAL38924,test
lap,MAL38925,train
lap,MAL38926,train
lap,MAL38927,train
lap,MAL38928,test
lap,MAL38931,test
lap,MAL38932,train
lap,MAL38933,train
lap,MAL38934,train
lap,MAL38935,train
lap,MAL38936,train
lap,MAL38938,train
lap,MAL38940,validation
lap,MAL38955,train
lap,MAL38957,train
lap,MAL38958,test
lap,MAL38959,train
lap,MAL38960,validation
lap,MAL38961,train
lap,MAL38964,test
lap,MAL38968,train
lap,MAL38969,test
lap,MAL38970,train
lap,MAL38972,train
lap,MAL38974,test
lap,MAL38975,validation
lap,MAL38976,train
lap,MAL38977,validation
lap,MAL38980,train
lap,MAL38982,train
lap,MAL38985,train
lap,MAL38986,train
lap,MAL38990,train
lap,MAL38992,train
lap,MAL38993,train
lap,MAL38994,validation
lap,MAL38995,train
lap,MAL38997,train
lap,MAL39001,test
lap,MAL39002,train
lap,MAL39003,train
lap,MAL39007,train
lap,MAL39011,train
lap,MAL39012,train
lap,MAL39013,train
lap,MAL39014,train
lap,MAL39017,train
lap,MAL39018,train
lap,MAL39020,train
lap,MAL39022,train
lap,MAL39023,train
lap,MAL39024,test
lap,MAL39026,test
lap,MAL39027,train
lap,MAL39028,train
lap,MAL39029,test
lap,MAL39030,train
lap,MAL39031,train
lap,MAL39032,train
lap,MAL39033,train
lap,MAL39034,train
lap,MAL39035,train
lap,MAL39036,validation
lap,MAL39037,train
lap,MAL39038,train
lap,MAL39039,train
lap,MAL39040,validation
lap,MAL39042,train
lap,MAL39046,test
lap,MAL39047,train
lap,MAL39048,test
lap,MAL39049,train
lap,MAL39056,train
lap,MAL39057,train
lap,MAL39058,train
lap,MAL39063,train
lap,MAL39065,train
lap,MAL39067,train
lap,MAL39068,train
lap,MAL39071,train
lap,MAL39075,train
lap,MAL39077,train
lap,MAL39078,train
lap,MAL39080,train
lap,MAL39082,train
lap,MAL39085,train
lap,MAL39086,train
lap,MAL39087,validation
lap,MAL39088,train
lap,MAL39089,train
lap,MAL39090,train
lap,MAL39091,test
lap,MAL39093,train
lap,MAL39094,train
lap,MAL39095,train
lap,MAL39096,train
lap,MAL39097,train
lap,MAL39098,train
lap,MAL39099,train
lap,MAL39101,test
lap,MAL39102,train
lap,MAL39103,train
lap,MAL39104,validation
lap,MAL39105,train
lap,MAL39106,train
lap,MAL39107,test
lap,MAL39108,train
lap,MAL39109,train
lap,MAL39110,train
lap,MAL39112,train
lap,MAL39113,validation
lap,MAL39114,train
lap,MAL39115,train
lap,MAL39116,test
lap,MAL39117,train
lap,MAL39119,validation
lap,MAL39121,train
lap,MAL39122,train
lap,MAL39123,train
lap,MAL39124,test
lap,MAL39125,test
lap,MAL39127,train
lap,MAL39128,train
lap,MAL39129,train
lap,MAL39130,train
lap,MAL39131,train
lap,MAL39132,train
lap,MAL39133,test
lap,MAL39135,train
lap,MAL39136,test
lap,MAL39137,validation
lap,MAL39138,validation
lap,MAL39139,train
lap,MAL39140,train
lap,MAL39141,train
lap,MAL39144,train
lap,MAL39145,train
lap,MAL39146,test
lap,MAL39147,train
lap,MAL39148,train
lap,MAL39149,train
lap,MAL39150,test
lap,MAL39151,train
lap,MAL39152,train
lap,MAL39153,train
lap,MAL39154,validation
lap,MAL39156,train
lap,MAL39157,train
lap,MAL39159,train
lap,MAL39160,train
lap,MAL39161,train
lap,MAL39162,train
lap,MAL39163,train
lap,MAL39164,validation
lap,MAL39165,train
lap,MAL39166,train
lap,MAL39170,test
lap,MAL39171,train
lap,MAL39172,train
lap,MAL39173,train
lap,MAL39174,train
lap,MAL39175,train
lap,MAL39178,train
lap,MAL39179,train
lap,MAL39180,train
lap,MAL39181,train
lap,MAL39182,train
lap,MAL39183,train
lap,MAL39184,train
lap,MAL39185,train
lap,MAL39187,train
lap,MAL39188,train
lap,MAL39189,test
lap,MAL39190,train
lap,MAL39191,test
lap,MAL39192,train
lap,MAL39194,train
lap,MAL39195,train
lap,MAL39196,train
lap,MAL39197,train
lap,MAL39198,train
lap,MAL39199,train
lap,MAL39201,train
lap,MAL39202,train
lap,MAL39203,train
lap,MAL39204,train
lap,MAL39205,train
lap,MAL39206,train
lap,MAL39207,train
lap,MAL39208,test
lap,MAL39209,train
lap,MAL39211,train
lap,MAL39212,train
lap,MAL39213,train
lap,MAL39214,train
lap,MAL39215,train
lap,MAL39216,train
lap,MAL39219,train
lap,MAL39220,train
lap,MAL39221,train
lap,MAL39222,test
lap,MAL39223,test
lap,MAL39224,train
lap,MAL39226,validation
lap,MAL39227,test
lap,MAL39229,train
lap,MAL39230,train
lap,MAL39231,train
lap,MAL39235,train
lap,MAL39242,train
lap,MAL39243,validation
lap,MAL39244,train
lap,MAL39245,train
lap,MAL39247,train
lap,MAL39249,train
lap,MAL39250,train
lap,MAL39252,train
lap,MAL39256,train
lap,MAL39257,train
lap,MAL39258,train
lap,MAL39259,test
lap,MAL39260,test
lap,MAL39261,test
lap,MAL39262,train
lap,MAL39264,train
lap,MAL39271,train
lap,MAL39272,train
lap,MAL39273,train
lap,MAL39274,train
lap,MAL39275,train
lap,MAL39277,train
lap,MAL39279,test
lap,MAL39281,train
lap,MAL39282,test
lap,MAL39284,train
lap,MAL39285,test
lap,MAL39286,train
lap,MAL39288,train
lap,MAL39290,train
lap,MAL39292,train
lap,MAL39294,train
lap,MAL39295,train
lap,MAL39297,train
lap,MAL39298,train
lap,MAL39299,train
lap,MAL39305,test
lap,MAL39307,train
lap,MAL39310,validation
lap,MAL39313,train
lap,MAL39314,train
lap,MAL39316,train
lap,MAL39320,test
lap,MAL39321,train
lap,MAL39322,train
lap,MAL39323,validation
lap,MAL39324,train
lap,MAL39325,train
lap,MAL39326,test
lap,MAL39328,train
lap,MAL39329,train
lap,MAL39330,train
lap,MAL39332,train
lap,MAL39333,train
lap,MAL39334,train
lap,MAL39335,train
lap,MAL39337,train
lap,MAL39339,train
lap,MAL39342,train
lap,MAL39343,train
lap,MAL39344,train
lap,MAL39345,train
lap,MAL39348,train
lap,MAL39349,train
lap,MAL39351,train
lap,MAL39352,train
lap,MAL39353,train
lap,MAL39354,test
lap,MAL39355,train
lap,MAL39356,train
lap,MAL39358,train
lap,MAL39360,train
lap,MAL39361,train
lap,MAL39362,train
lap,MAL39363,train
lap,MAL39364,test
lap,MAL39365,train
lap,MAL39368,train
lap,MAL39369,train
lap,MAL39370,train
lap,MAL39371,train
lap,MAL39372,train
lap,MAL39374,train
lap,MAL39376,validation
lap,MAL39377,test
lap,MAL39378,validation
lap,MAL39380,train
lap,MAL39382,test
lap,MAL39384,train
lap,MAL39385,train
lap,MAL39388,train
lap,MAL39389,train
lap,MAL39392,train
lap,MAL39393,train
lap,MAL39394,train
lap,MAL39395,validation
lap,MAL39396,train
lap,MAL39397,train
lap,MAL39401,train
lap,MAL39405,train
lap,MAL39406,test
lap,MAL39408,train
lap,MAL39409,train
lap,MAL39410,validation
lap,MAL39412,validation
lap,MAL39413,train
lap,MAL39414,train
lap,MAL39415,train
lap,MAL39416,train
lap,MAL39417,train
lap,MAL39419,train
lap,MAL39421,train
lap,MAL39426,train
lap,MAL39430,train
lap,MAL39431,train
lap,MAL39435,test
lap,MAL39436,test
lap,MAL39448,train
lap,MAL39449,train
lap,MAL39452,train
lap,MAL39456,train
lap,MAL39457,train
lap,MAL39463,train
lap,MAL39464,train
lap,MAL39465,validation
lap,MAL39466,validation
lap,MAL39468,train
lap,MAL39469,validation
lap,MAL39470,validation
lap,MAL39471,test
lap,MAL39473,train
lap,MAL39475,test
lap,MAL39476,validation
lap,MAL39478,train
lap,MAL39479,train
lap,MAL39480,train
lap,MAL39482,test
lap,MAL39486,train
lap,MAL39487,validation
lap,MAL39489,train
lap,MAL39490,train
lap,MAL39491,train
lap,MAL39495,train
lap,MAL39498,validation
lap,MAL39499,train
lap,MAL39500,train
lap,MAL39505,validation
lap,MAL39506,test
lap,MAL39513,train
lap,MAL39514,train
lap,MAL39517,train
lap,MAL39518,train
lap,MAL39519,train
lap,MAL39523,train
lap,MAL39526,test
lap,MAL39527,validation
lap,MAL39528,test
lap,MAL39529,train
lap,MAL39530,train
lap,MAL39531,train
lap,MAL39533,train
lap,MAL39534,train
lap,MAL39535,test
lap,MAL39536,train
lap,MAL39538,train
lap,MAL39539,test
lap,MAL39540,train
lap,MAL39541,train
lap,MAL39544,validation
lap,MAL39545,train
lap,MAL39546,test
lap,MAL39547,train
lap,MAL39549,train
lap,MAL39551,test
lap,MAL39555,test
lap,MAL39559,train
lap,MAL39560,train
lap,MAL39564,train
lap,MAL39565,validation
lap,MAL39566,train
lap,MAL39567,train
lap,MAL39568,train
lap,MAL39569,test
lap,MAL39570,train
lap,MAL39572,validation
lap,MAL39574,test
lap,MAL39575,train
lap,MAL39576,train
lap,MAL39581,train
lap,MAL39582,train
lap,MAL39583,train
lap,MAL39584,validation
lap,MAL39585,train
lap,MAL39586,test
lap,MAL39587,test
lap,MAL39588,train
lap,MAL39589,train
lap,MAL39590,train
lap,MAL39591,train
lap,MAL39592,train
lap,MAL39597,train
lap,MAL39605,train
lap,MAL39606,train
lap,MAL39607,train
lap,MAL39609,train
lap,MAL39610,test
lap,MAL39611,train
lap,MAL39616,train
lap,MAL39617,validation
lap,MAL39618,train
lap,MAL39619,train
lap,MAL39620,train
lap,MAL39621,train
lap,MAL39623,train
lap,MAL39625,train
lap,MAL39628,train
lap,MAL39629,train
lap,MAL39634,train
lap,MAL39638,train
lap,MAL39640,test
lap,MAL39643,train
lap,MAL39644,validation
lap,MAL39650,train
lap,MAL39653,train
lap,MAL39658,train
lap,MAL39659,train
lap,MAL39663,train
lap,MAL39664,test
lap,MAL39668,train
lap,MAL39674,train
lap,MAL39675,validation
lap,MAL39676,train
lap,MAL39677,train
lap,MAL39678,validation
lap,MAL39679,train
lap,MAL39680,train
lap,MAL39681,train
lap,MAL39682,train
lap,MAL39684,validation
lap,MAL39685,validation
lap,MAL39686,train
lap,MAL39690,train
lap,MAL39691,train
lap,MAL39694,validation
lap,MAL39696,train
lap,MAL39697,train
lap,MAL39699,train
lap,MAL39700,train
lap,MAL39701,train
lap,MAL39703,train
lap,MAL39704,train
lap,MAL39705,train
lap,MAL39706,train
lap,MAL39707,train
lap,MAL39709,train
lap,MAL39710,train
lap,MAL39711,validation
lap,MAL39714,train
lap,MAL39716,test
lap,MAL39718,train
lap,MAL39720,train
lap,MAL39721,train
lap,MAL39722,train
lap,MAL39725,train
lap,MAL39727,test
lap,MAL39728,train
lap,MAL39730,train
lap,MAL39731,train
lap,MAL39734,test
lap,MAL39735,train
lap,MAL39736,train
lap,MAL39738,test
lap,MAL39741,train
lap,MAL39753,train
lap,MAL39754,train
lap,MAL39758,train
lap,MAL39760,train
lap,MAL39761,train
lap,MAL39762,train
lap,MAL39763,train
lap,MAL39764,train
lap,MAL39766,train
lap,MAL39767,test
lap,MAL39769,train
lap,MAL39778,train
lap,MAL39780,train
lap,MAL39781,train
lap,MAL39782,train
lap,MAL39783,train
lap,MAL39786,validation
lap,MAL39787,validation
lap,MAL39790,validation
lap,MAL39792,train
lap,MAL39793,train
lap,MAL39794,train
lap,MAL39795,train
lap,MAL39798,train
lap,MAL39799,train
lap,MAL39800,train
lap,MAL39803,validation
lap,MAL39805,train
lap,MAL39806,validation
lap,MAL39808,train
lap,MAL39810,train
lap,MAL39811,train
lap,MAL39812,validation
lap,MAL39818,test
lap,MAL39819,validation
lap,MAL39820,test
lap,MAL39823,train
lap,MAL39826,train
lap,MAL39827,test
lap,MAL39831,validation
lap,MAL39833,train
lap,MAL39839,train
lap,MAL39840,train
lap,MAL39841,train
lap,MAL39842,train
lap,MAL39846,train
lap,MAL39849,train
lap,MAL39851,train
lap,MAL39856,train
lap,MAL39857,train
lap,MAL39858,train
lap,MAL39861,train
lap,MAL39862,train
lap,MAL39864,train
lap,MAL39869,train
lap,MAL39870,train
lap,MAL39872,train
lap,MAL39874,train
lap,MAL39875,train
lap,MAL39876,train
lap,MAL39877,train
lap,MAL39884,train
lap,MAL39885,test
lap,MAL39886,train
lap,MAL39888,validation
lap,MAL39889,train
lap,MAL39890,train
lap,MAL39891,train
lap,MAL39892,train
lap,MAL39893,validation
lap,MAL39894,train
lap,MAL39895,train
lap,MAL39896,train
lap,MAL39900,train
lap,MAL39901,train
lap,MAL39905,validation
lap,MAL39906,train
lap,MAL39910,train
lap,MAL39911,test
lap,MAL39912,train
lap,MAL39914,train
lap,MAL39916,train
lap,MAL39917,test
lap,MAL39918,train
lap,MAL39919,train
lap,MAL39920,test
lap,MAL39921,train
lap,MAL39922,train
lap,MAL39923,train
lap,MAL39925,train
lap,MAL39926,train
lap,MAL39928,train
lap,MAL39931,train
lap,MAL39935,train
lap,MAL39936,train
lap,MAL39938,train
lap,MAL39939,test
lap,MAL39940,train
lap,MAL39942,train
lap,MAL39944,test
lap,MAL39947,train
lap,MAL39948,train
lap,MAL39957,test
lap,MAL39959,train
lap,MAL39960,train
lap,MAL39962,train
lap,MAL39963,train
lap,MAL39966,train
lap,MAL39967,test
lap,MAL39972,train
lap,MAL39975,train
lap,MAL39978,train
lap,MAL39979,train
lap,MAL39987,train
lap,MAL39988,train
lap,MAL39989,train
lap,MAL39990,validation
lap,MAL39996,train
lap,MAL39997,test
lap,MAL39999,train
lap,MAL40000,validation
lap,MAL40001,validation
lap,MAL40002,train
lap,MAL40003,test
lap,MAL40004,train
lap,MAL40005,train
lap,MAL40008,train
lap,MAL40009,test
lap,MAL40010,train
lap,MAL40013,train
lap,MAL40014,train
lap,MAL40015,test
lap,MAL40016,train
lap,MAL40020,train
lap,MAL40022,validation
lap,MAL40023,test
lap,MAL40024,train
lap,MAL40028,validation
lap,MAL40029,train
lap,MAL40030,train
lap,MAL40031,train
lap,MAL40033,train
lap,MAL40035,train
lap,MAL40036,train
lap,MAL40037,train
lap,MAL40040,validation
lap,MAL40042,train
lap,MAL40044,train
lap,MAL40045,train
lap,MAL40046,test
lap,MAL40048,validation
lap,MAL40052,train
lap,MAL40054,train
lap,MAL40055,test
lap,MAL40056,train
lap,MAL40057,train
lap,MAL40058,train
lap,MAL40059,train
lap,MAL40060,test
lap,MAL40066,train
lap,MAL40073,train
lap,MAL40074,train
lap,MAL40075,train
lap,MAL40076,train
lap,MAL40078,train
lap,MAL40080,test
lap,MAL40082,train
lap,MAL40083,train
lap,MAL40085,train
lap,MAL40087,train
lap,MAL40088,train
lap,MAL40089,train
lap,MAL40090,train
lap,MAL40091,train
lap,MAL40092,test
lap,MAL40097,train
lap,MAL40100,validation
lap,MAL40102,train
lap,MAL40104,train
lap,MAL40105,train
lap,MAL40106,test
lap,MAL40109,train
lap,MAL40111,train
lap,MAL40112,train
lap,MAL40117,train
lap,MAL40121,validation
lap,MAL40124,train
lap,MAL40128,test
lap,MAL40129,train
lap,MAL40131,train
lap,MAL40134,train
lap,MAL40136,test
lap,MAL40137,train
lap,MAL40139,train
lap,MAL40140,test
lap,MAL40141,test
lap,MAL40142,train
lap,MAL40143,test
lap,MAL40145,train
lap,MAL40147,train
lap,MAL40148,train
lap,MAL40151,train
lap,MAL40152,validation
lap,MAL40153,train
lap,MAL40154,train
lap,MAL40155,test
lap,MAL40156,train
lap,MAL40158,train
lap,MAL40159,train
lap,MAL40163,train
lap,MAL40164,train
lap,MAL40165,train
lap,MAL40166,test
lap,MAL40167,train
lap,MAL40171,train
lap,MAL40172,train
lap,MAL40174,train
lap,MAL40178,train
lap,MAL40179,train
lap,MAL40180,train
lap,MAL40181,train
lap,MAL40182,train
lap,MAL40188,test
lap,MAL40192,train
lap,MAL40194,train
lap,MAL40196,train
lap,MAL40197,train
lap,MAL40200,test
lap,MAL40202,train
lap,MAL40205,validation
lap,MAL40206,train
lap,MAL40208,train
lap,MAL40209,test
lap,MAL40210,train
lap,MAL40211,train
lap,MAL40212,validation
lap,MAL40215,train
lap,MAL40217,train
lap,MAL40221,train
lap,MAL40222,train
lap,MAL40223,train
lap,MAL40228,train
lap,MAL40230,train
lap,MAL40233,train
lap,MAL40237,train
lap,MAL40238,train
lap,MAL40242,test
lap,MAL40245,train
lap,MAL40246,test
lap,MAL40249,train
lap,MAL40250,train
lap,MAL40252,validation
lap,MAL40254,train
lap,MAL40255,train
lap,MAL40256,train
lap,MAL40262,test
lap,MAL40266,train
lap,MAL40267,train
lap,MAL40269,train
lap,MAL40272,train
lap,MAL40273,train
lap,MAL40282,validation
lap,MAL40283,train
lap,MAL40286,test
lap,MAL40288,train
lap,MAL40295,validation
lap,MAL40297,test
lap,MAL40298,train
lap,MAL40299,test
lap,MAL40301,validation
lap,MAL40302,test
lap,MAL40304,train
lap,MAL40305,train
lap,MAL40312,train
lap,MAL40313,validation
lap,MAL40314,train
lap,MAL40315,train
lap,MAL40316,test
lap,MAL40320,train
lap,MAL40321,train
lap,MAL40323,train
lap,MAL40327,train
lap,MAL40329,test
lap,MAL40331,train
lap,MAL40332,train
lap,MAL40333,train
lap,MAL40334,train
lap,MAL40335,train
lap,MAL40336,train
lap,MAL40337,test
lap,MAL40338,train
lap,MAL40340,train
lap,MAL40341,train
lap,MAL40342,validation
lap,MAL40344,validation
lap,MAL40345,train
lap,MAL40346,train
lap,MAL40347,validation
lap,MAL40348,train
lap,MAL40349,train
lap,MAL40350,validation
lap,MAL40351,train
lap,MAL40352,validation
lap,MAL40353,train
lap,MAL40356,train
lap,MAL40357,train
lap,MAL40358,test
lap,MAL40359,test
lap,MAL40360,test
lap,MAL40361,train
lap,MAL40363,train
lap,MAL40365,train
lap,MAL40366,train
lap,MAL40367,train
lap,MAL40368,train
lap,MAL40369,train
lap,MAL40372,test
lap,MAL40373,test
lap,MAL40375,validation
lap,MAL40376,train
lap,MAL40377,train
lap,MAL40378,test
lap,MAL40379,train
lap,MAL40383,validation
lap,MAL40385,validation
lap,MAL40389,train
lap,MAL40392,train
lap,MAL40393,train
lap,MAL40394,train
lap,MAL40395,train
lap,MAL40397,train
lap,MAL40398,validation
lap,MAL40399,validation
lap,MAL40403,train
lap,MAL40406,test
lap,MAL40407,validation
lap,MAL40410,validation
lap,MAL40412,train
lap,MAL40414,train
lap,MAL40415,validation
lap,MAL40416,validation
lap,MAL40417,validation
lap,MAL40421,validation
lap,MAL40423,train
lap,MAL40425,test
lap,MAL40427,train
lap,MAL40430,train
lap,MAL40431,train
lap,MAL40434,train
lap,MAL40435,test
lap,MAL40436,train
lap,MAL40437,validation
lap,MAL40438,train
lap,MAL40439,train
lap,MAL40440,validation
lap,MAL40441,train
lap,MAL40442,train
lap,MAL40452,train
lap,MAL40453,test
lap,MAL40454,train
lap,MAL40455,train
lap,MAL40456,train
lap,MAL40459,train
lap,MAL40460,train
lap,MAL40463,train
lap,MAL40468,train
lap,MAL40469,train
lap,MAL40471,train
lap,MAL40472,train
lap,MAL40473,validation
lap,MAL40474,train
lap,MAL40475,train
lap,MAL40476,train
lap,MAL40477,train
lap,MAL40478,test
lap,MAL40479,test
lap,MAL40480,train
lap,MAL40482,train
lap,MAL40483,validation
lap,MAL40484,train
lap,MAL40485,train
lap,MAL40486,validation
lap,MAL40487,validation
lap,MAL40488,train
lap,MAL40491,test
lap,MAL40495,train
lap,MAL40496,train
lap,MAL40497,train
lap,MAL40499,train
lap,MAL40502,train
lap,MAL40504,train
lap,MAL40506,test
lap,MAL40507,train
lap,MAL40508,train
lap,MAL40509,train
lap,MAL40513,train
lap,MAL40515,train
lap,MAL40517,train
lap,MAL40519,train
lap,MAL40520,train
lap,MAL40521,train
lap,MAL40523,train
lap,MAL40526,validation
lap,MAL40527,train
lap,MAL40529,train
lap,MAL40530,train
lap,MAL40531,train
lap,MAL40532,train
lap,MAL40539,train
lap,MAL40540,train
lap,MAL40542,train
lap,MAL40543,train
lap,MAL40550,validation
lap,MAL40552,train
lap,MAL40553,train
lap,MAL40554,test
lap,MAL40555,train
lap,MAL40556,train
lap,MAL40557,train
lap,MAL40558,train
lap,MAL40559,train
lap,MAL40560,train
lap,MAL40562,train
lap,MAL40564,train
lap,MAL40567,train
lap,MAL40568,train
lap,MAL40569,train
lap,MAL40570,validation
lap,MAL40571,validation
lap,MAL40573,train
lap,MAL40576,train
lap,MAL40578,train
lap,MAL40582,test
lap,MAL40586,train
lap,MAL40587,train
lap,MAL40589,train
lap,MAL40590,train
lap,MAL40591,train
lap,MAL40593,test
lap,MAL40594,train
lap,MAL40595,train
lap,MAL40597,train
lap,MAL40599,train
lap,MAL40600,train
lap,MAL40602,validation
lap,MAL40603,train
lap,MAL40606,test
lap,MAL40608,train
lap,MAL40610,train
lap,MAL40612,train
lap,MAL40613,train
lap,MAL40615,train
lap,MAL40616,train
lap,MAL40619,validation
lap,MAL40620,train
lap,MAL40621,train
lap,MAL40623,train
lap,MAL40625,train
lap,MAL40626,validation
lap,MAL40628,train
lap,MAL40630,train
lap,MAL40632,train
lap,MAL40636,train
lap,MAL40638,train
lap,MAL40639,train
lap,MAL40641,validation
lap,MAL40642,train
lap,MAL40644,train
lap,MAL40645,validation
lap,MAL40646,train
lap,MAL40652,test
lap,MAL40655,train
lap,MAL40656,train
lap,MAL40657,train
lap,MAL40658,train
lap,MAL40659,train
lap,MAL40660,train
lap,MAL40661,test
lap,MAL40664,validation
lap,MAL40665,train
lap,MAL40667,train
lap,MAL40670,train
lap,MAL40671,validation
lap,MAL40672,train
lap,MAL40673,train
lap,MAL40674,train
lap,MAL40677,train
lap,MAL40679,train
lap,MAL40682,train
lap,MAL40683,validation
lap,MAL40684,validation
lap,MAL40685,train
lap,MAL40686,train
lap,MAL40687,test
lap,MAL40689,train
lap,MAL40690,train
lap,MAL40691,train
lap,MAL40693,train
lap,MAL40694,test
lap,MAL40695,train
lap,MAL40699,train
lap,MAL40700,train
lap,MAL40701,train
lap,MAL40702,validation
lap,MAL40703,train
lap,MAL40707,validation
lap,MAL40708,train
lap,MAL40709,train
lap,MAL40710,validation
lap,MAL40711,train
lap,MAL40713,train
lap,MAL40714,train
lap,MAL40715,train
lap,MAL40716,train
lap,MAL40717,train
lap,MAL40721,train
lap,MAL40722,test
lap,MAL40728,train
lap,MAL40729,train
lap,MAL40730,validation
lap,MAL40732,train
lap,MAL40733,train
lap,MAL40734,train
lap,MAL40735,test
lap,MAL40737,test
lap,MAL40738,train
lap,MAL40741,test
lap,MAL40746,train
lap,MAL40747,validation
lap,MAL40748,validation
lap,MAL40749,train
lap,MAL40750,train
lap,MAL40752,train
lap,MAL40753,train
lap,MAL40755,train
lap,MAL40757,train
lap,MAL40758,train
lap,MAL40763,train
lap,MAL40765,train
lap,MAL40768,train
lap,MAL40776,train
lap,MAL40778,train
lap,MAL40779,train
lap,MAL40783,test
lap,MAL40785,validation
lap,MAL40786,test
lap,MAL40787,train
lap,MAL40792,test
lap,MAL40793,test
lap,MAL40794,test
lap,MAL40799,validation
lap,MAL40801,validation
lap,MAL40803,train
lap,MAL40806,train
lap,MAL40808,train
lap,MAL40811,train
lap,MAL40812,train
lap,MAL40814,train
lap,MAL40815,train
lap,MAL40816,train
lap,MAL40817,train
lap,MAL40819,test
lap,MAL40823,train
lap,MAL40827,train
lap,MAL40828,train
lap,MAL40830,train
lap,MAL40831,train
lap,MAL40832,train
lap,MAL40833,test
lap,MAL40834,train
lap,MAL40836,train
lap,MAL40837,train
lap,MAL40838,test
lap,MAL40839,test
lap,MAL40840,train
lap,MAL40841,train
lap,MAL40842,train
lap,MAL40844,validation
lap,MAL40845,train
lap,MAL40850,test
lap,MAL40852,train
lap,MAL40853,train
lap,MAL40854,test
lap,MAL40855,train
lap,MAL40858,train
lap,MAL40859,validation
lap,MAL40861,train
lap,MAL40863,train
lap,MAL40867,train
lap,MAL40868,test
lap,MAL40870,train
lap,MAL40873,validation
lap,MAL40876,train
lap,MAL40877,test
lap,MAL40879,train
lap,MAL40880,train
lap,MAL40881,train
lap,MAL40885,validation
lap,MAL40888,train
lap,MAL40889,train
lap,MAL40890,train
lap,MAL40893,train
lap,MAL40894,train
lap,MAL40897,train
lap,MAL40900,train
lap,MAL40901,train
lap,MAL40902,train
lap,MAL40903,train
lap,MAL40904,train
lap,MAL40905,train
lap,MAL40906,train
lap,MAL40907,train
lap,MAL40908,train
lap,MAL40909,train
lap,MAL40911,train
lap,MAL40914,train
lap,MAL40917,train
lap,MAL40921,train
lap,MAL40922,train
lap,MAL40924,train
lap,MAL40928,train
lap,MAL40930,train
lap,MAL40934,train
lap,MAL40935,test
lap,MAL40936,train
lap,MAL40938,train
lap,MAL40939,validation
lap,MAL40940,train
lap,MAL40941,train
lap,MAL40942,validation
lap,MAL40953,validation
lap,MAL40956,test
lap,MAL40957,train
lap,MAL40958,train
lap,MAL40959,train
lap,MAL40960,train
lap,MAL40961,test
lap,MAL40964,train
lap,MAL40966,train
lap,MAL40967,train
lap,MAL40969,train
lap,MAL40970,validation
lap,MAL40971,test
lap,MAL40974,train
lap,MAL40979,train
lap,MAL40982,train
lap,MAL40983,train
lap,MAL40989,validation
lap,MAL40990,train
lap,MAL40991,train
lap,MAL40994,train
lap,MAL40995,train
lap,MAL41005,train
lap,MAL41006,test
lap,MAL41008,test
lap,MAL41011,train
lap,MAL41019,train
lap,MAL41022,train
lap,MAL41023,train
lap,MAL41025,train
lap,MAL41027,train
lap,MAL41028,train
lap,MAL41029,validation
lap,MAL41030,train
lap,MAL41033,train
lap,MAL41034,train
lap,MAL41035,test
lap,MAL41039,train
lap,MAL41044,validation
lap,MAL41051,train
lap,MAL41053,validation
lap,MAL41054,test
lap,MAL41059,validation
lap,MAL41060,train
lap,MAL41061,train
lap,MAL41062,train
lap,MAL41063,test
lap,MAL41069,train
lap,MAL41070,train
lap,MAL41072,train
lap,MAL41074,train
lap,MAL41075,test
lap,MAL41076,train
lap,MAL41078,train
lap,MAL41079,train
lap,MAL41080,train
lap,MAL41081,train
lap,MAL41084,train
lap,MAL41090,train
lap,MAL41091,train
lap,MAL41092,train
lap,MAL41093,train
lap,MAL41094,train
lap,MAL41096,test
lap,MAL41097,train
lap,MAL41099,train
lap,MAL41100,validation
lap,MAL41101,train
lap,MAL41102,train
lap,MAL41103,train
lap,MAL41109,train
lap,MAL41111,train
lap,MAL41112,train
lap,MAL41114,train
lap,MAL41115,train
lap,MAL41116,train
lap,MAL41117,train
lap,MAL41118,train
lap,MAL41119,test
lap,MAL41120,train
lap,MAL41121,train
lap,MAL41124,train
lap,MAL41132,test
lap,MAL41135,validation
lap,MAL41136,train
lap,MAL41137,train
lap,MAL41139,validation
lap,MAL41140,train
lap,MAL41141,train
lap,MAL41146,train
lap,MAL41153,train
lap,MAL41156,train
lap,MAL41158,train
lap,MAL41159,train
lap,MAL41161,train
lap,MAL41164,train
lap,MAL41167,test
lap,MAL41168,train
lap,MAL41169,test
lap,MAL41170,train
lap,MAL41171,train
lap,MAL41174,train
lap,MAL41176,validation
lap,MAL41177,train
lap,MAL41178,train
lap,MAL41179,train
lap,MAL41180,train
lap,MAL41181,train
lap,MAL41182,train
lap,MAL41183,train
lap,MAL41185,train
lap,MAL41188,train
lap,MAL41190,validation
lap,MAL41191,train
lap,MAL41192,train
lap,MAL41193,train
lap,MAL41195,train
lap,MAL41197,train
lap,MAL41199,test
lap,MAL41200,train
lap,MAL41201,train
lap,MAL41202,train
lap,MAL41203,validation
lap,MAL41205,train
lap,MAL41206,train
lap,MAL41207,train
lap,MAL41210,train
lap,MAL41211,train
lap,MAL41212,train
lap,MAL41215,train
lap,MAL41217,train
lap,MAL41218,train
lap,MAL41219,test
lap,MAL41220,test
lap,MAL41221,test
lap,MAL41222,train
lap,MAL41223,train
lap,MAL41224,train
lap,MAL41226,train
lap,MAL41230,train
lap,MAL41232,train
lap,MAL41234,train
lap,MAL41235,validation
lap,MAL41236,train
lap,MAL41237,test
lap,MAL41240,train
lap,MAL41241,train
lap,MAL41243,test
lap,MAL41244,train
lap,MAL41245,train
lap,MAL41247,train
lap,MAL41248,validation
lap,MAL41249,train
lap,MAL41250,validation
lap,MAL41252,train
lap,MAL41253,validation
lap,MAL41255,test
lap,MAL41260,test
lap,MAL41261,train
lap,MAL41263,test
lap,MAL41265,train
lap,MAL41266,train
lap,MAL41271,validation
lap,MAL41276,train
lap,MAL41277,train
lap,MAL41278,train
lap,MAL41279,train
lap,MAL41280,train
lap,MAL41282,validation
lap,MAL41283,train
lap,MAL41286,train
lap,MAL41290,train
lap,MAL41293,test
lap,MAL41296,validation
lap,MAL41298,train
lap,MAL41299,test
lap,MAL41303,train
lap,MAL41306,train
lap,MAL41307,train
lap,MAL41308,train
lap,MAL41309,train
lap,MAL41312,train
lap,MAL41316,train
lap,MAL41317,train
lap,MAL41318,train
lap,MAL41319,test
lap,MAL41325,test
lap,MAL41332,validation
lap,MAL41335,train
lap,MAL41339,train
lap,MAL41340,train
lap,MAL41345,train
lap,MAL41349,train
lap,MAL41353,train
lap,MAL41361,train
lap,MAL41364,validation
lap,MAL41370,train
lap,MAL41372,train
lap,MAL41374,train
lap,MAL41375,train
lap,MAL41377,test
lap,MAL41379,test
lap,MAL41380,train
lap,MAL41381,train
lap,MAL41383,validation
lap,MAL41384,train
lap,MAL41389,test
lap,MAL41391,train
lap,MAL41392,train
lap,MAL41394,train
lap,MAL41396,test
lap,MAL41397,train
lap,MAL41399,train
lap,MAL41401,train
lap,MAL41402,train
lap,MAL41404,train
lap,MAL41405,train
lap,MAL41409,test
lap,MAL41412,test
lap,MAL41415,train
lap,MAL41416,validation
lap,MAL41417,train
lap,MAL41426,train
lap,MAL41431,validation
lap,MAL41433,train
lap,MAL41439,test
lap,MAL41440,train
lap,MAL41443,train
lap,MAL41444,train
lap,MAL41445,train
lap,MAL41446,validation
lap,MAL41447,train
lap,MAL41450,train
lap,MAL41451,train
lap,MAL41452,train
lap,MAL41453,train
lap,MAL41454,train
lap,MAL41456,train
lap,MAL41457,train
lap,MAL41458,train
lap,MAL41459,train
lap,MAL41460,train
lap,MAL41461,train
lap,MAL41462,train
lap,MAL41463,train
lap,MAL41464,train
lap,MAL41466,train
lap,MAL41467,train
lap,MAL41468,train
lap,MAL41470,train
lap,MAL41471,train
lap,MAL41475,train
lap,MAL41477,validation
lap,MAL41480,train
lap,MAL41481,train
lap,MAL41485,train
lap,MAL41487,train
lap,MAL41488,train
lap,MAL41489,test
lap,MAL41490,train
lap,MAL41491,train
lap,MAL41494,train
lap,MAL41495,test
lap,MAL41496,train
lap,MAL41497,train
lap,MAL41498,train
lap,MAL41499,test
lap,MAL41500,train
lap,MAL41503,train
lap,MAL41504,train
lap,MAL41505,test
lap,MAL41509,test
lap,MAL41511,train
lap,MAL41512,train
lap,MAL41514,test
lap,MAL41519,train
lap,MAL41520,train
lap,MAL41521,train
lap,MAL41522,train
lap,MAL41528,train
lap,MAL41529,train
lap,MAL41530,train
lap,MAL41531,train
lap,MAL41534,train
lap,MAL41535,train
lap,MAL41541,test
lap,MAL41542,train
lap,MAL41545,train
lap,MAL41546,train
lap,MAL41547,train
lap,MAL41549,train
lap,MAL41555,train
lap,MAL41556,train
lap,MAL41558,train
lap,MAL41567,test
lap,MAL41568,train
lap,MAL41569,train
lap,MAL41570,train
lap,MAL41573,train
lap,MAL41574,train
lap,MAL41587,train
lap,MAL41589,train
lap,MAL41590,train
lap,MAL41595,train
lap,MAL41602,train
lap,MAL41609,train
lap,MAL41611,train
lap,MAL41612,train
lap,MAL41617,train
lap,MAL41619,validation
lap,MAL41622,train
lap,MAL41623,test
lap,MAL41627,train
lap,MAL41630,train
lap,MAL41632,train
lap,MAL41633,train
lap,MAL41635,train
lap,MAL41636,validation
lap,MAL41637,test
lap,MAL41638,test
lap,MAL41646,train
lap,MAL41651,train
lap,MAL41652,train
lap,MAL41655,validation
lap,MAL41656,test
lap,MAL41659,train
lap,MAL41663,train
lap,MAL41664,train
lap,MAL41667,train
lap,MAL41673,train
lap,MAL41674,train
lap,MAL41684,test
lap,MAL41685,test
lap,MAL41686,train
lap,MAL41688,train
lap,MAL41691,train
lap,MAL41694,train
lap,MAL41707,train
lap,MAL41708,train
lap,MAL41709,test
lap,MAL41710,train
lap,MAL41714,train
lap,MAL41722,train
lap,MAL41725,test
lap,MAL41727,train
lap,MAL41729,validation
lap,MAL41734,train
lap,MAL41739,test
lap,MAL41744,train
lap,MAL41750,train
lap,MAL41759,test
lap,MAL41762,train
lap,MAL41763,train
lap,MAL41764,train
lap,MAL41766,train
lap,MAL41768,train
lap,MAL41769,train
lap,MAL41776,train
lap,MAL41777,test
lap,MAL41780,train
lap,MAL41781,validation
lap,MAL41782,train
lap,MAL41783,train
lap,MAL41785,validation
lap,MAL41786,train
lap,MAL41793,train
lap,MAL41794,train
lap,MAL41795,train
lap,MAL41796,train
lap,MAL41797,train
lap,MAL41802,train
lap,MAL41806,test
lap,MAL41807,train
lap,MAL41808,test
lap,MAL41812,train
lap,MAL41813,train
lap,MAL41814,test
lap,MAL41820,train
lap,MAL41822,validation
lap,MAL41824,test
lap,MAL41833,train
lap,MAL41834,train
lap,MAL41842,train
lap,MAL41844,test
lap,MAL41848,train
lap,MAL41851,train
lap,MAL41852,validation
lap,MAL41853,test
lap,MAL41854,train
lap,MAL41873,train
lap,MAL41877,train
lap,MAL41880,validation
lap,MAL41884,train
lap,MAL41899,train
lap,MAL41902,train
lap,MAL41904,train
lap,MAL41911,train
lap,MAL41912,test
lap,MAL41913,train
lap,MAL41915,validation
lap,MAL41916,train
lap,MAL41917,train
lap,MAL41918,train
lap,MAL41919,test
lap,MAL41920,test
lap,MAL41923,train
lap,MAL41926,train
lap,MAL41930,train
lap,MAL41939,train
lap,MAL41942,test
lap,MAL41945,train
lap,MAL41946,train
lap,MAL41951,test
lap,MAL41976,train
lap,MAL41987,train
lap,MAL42000,train
lap,MAL42003,train
lap,MAL42004,test
lap,MAL42005,train
lap,MAL42008,train
lap,MAL42009,train
lap,MAL42012,train
lap,MAL42013,train
lap,MAL42014,train
lap,MAL42015,train
lap,MAL42027,train
lap,MAL42030,train
lap,MAL42031,train
lap,MAL42033,validation
lap,MAL42042,train
lap,MAL42044,train
lap,MAL42047,test
lap,MAL42048,validation
lap,MAL42054,train
lap,MAL42055,train
lap,MAL42057,train
lap,MAL42061,train
lap,MAL42068,train
lap,MAL42070,train
lap,MAL42071,validation
lap,MAL42072,train
lap,MAL42074,train
lap,MAL42076,train
lap,MAL42078,train
lap,MAL42082,validation
lap,MAL42083,validation
lap,MAL42084,train
lap,MAL42089,train
lap,MAL42090,validation
lap,MAL42091,train
lap,MAL42104,validation
lap,MAL42105,train
lap,MAL42106,train
lap,MAL42109,train
lap,MAL42111,train
lap,MAL42114,train
lap,MAL42121,train
lap,MAL42128,train
lap,MAL42129,train
lap,MAL42132,train
lap,MAL42135,train
lap,MAL42136,train
lap,MAL42137,test
lap,MAL42138,train
lap,MAL42139,train
lap,MAL42141,validation
lap,MAL42142,train
lap,MAL42143,test
lap,MAL42144,train
lap,MAL42145,test
lap,MAL42146,train
lap,MAL42147,train
lap,MAL42148,validation
lap,MAL42149,validation
lap,MAL42151,validation
lap,MAL42153,train
lap,MAL42156,train
lap,MAL42158,train
lap,MAL42161,test
lap,MAL42163,train
lap,MAL42164,train
lap,MAL42166,train
lap,MAL42168,train
lap,MAL42172,train
lap,MAL42174,train
lap,MAL42176,train
lap,MAL42178,train
lap,MAL42179,train
lap,MAL42181,train
lap,MAL42183,train
lap,MAL42187,train
lap,MAL42191,train
lap,MAL42192,train
lap,MAL42193,train
lap,MAL42194,train
lap,MAL42199,train
lap,MAL42203,train
lap,MAL42205,train
lap,MAL42206,train
lap,MAL42208,test
lap,MAL42209,test
lap,MAL42211,train
lap,MAL42214,train
lap,MAL42215,train
lap,MAL42220,train
lap,MAL42223,train
lap,MAL42224,train
lap,MAL42228,train
lap,MAL42233,train
lap,MAL42234,train
lap,MAL42235,train
lap,MAL42238,test
lap,MAL42240,validation
lap,MAL42245,train
lap,MAL42246,train
lap,MAL42247,train
lap,MAL42248,train
lap,MAL42249,train
lap,MAL42250,train
lap,MAL42256,train
lap,MAL42257,test
lap,MAL42258,train
lap,MAL42260,train
lap,MAL42262,train
lap,MAL42263,train
lap,MAL42264,test
lap,MAL42266,train
lap,MAL42267,test
lap,MAL42268,validation
lap,MAL42271,train
lap,MAL42272,train
lap,MAL42274,train
lap,MAL42275,train
lap,MAL42276,train
lap,MAL42278,train
lap,MAL42279,train
lap,MAL42280,train
lap,MAL42281,train
lap,MAL42282,train
lap,MAL42284,test
lap,MAL42285,train
lap,MAL42286,test
lap,MAL42290,train
lap,MAL42291,train
lap,MAL42292,train
lap,MAL42295,train
lap,MAL42297,train
lap,MAL42302,test
lap,MAL42307,train
lap,MAL42310,test
lap,MAL42314,train
lap,MAL42316,train
lap,MAL42317,test
lap,MAL42319,train
lap,MAL42320,train
lap,MAL42321,train
lap,MAL42323,train
lap,MAL42324,train
lap,MAL42328,train
lap,MAL42329,train
lap,MAL42330,train
lap,MAL42331,train
lap,MAL42332,train
lap,MAL42333,train
lap,MAL42339,train
lap,MAL42340,train
lap,MAL42343,test
lap,MAL42344,train
lap,MAL42345,train
lap,MAL42346,train
lap,MAL42347,train
lap,MAL42351,train
lap,MAL42354,train
lap,MAL42357,train
lap,MAL42358,train
lap,MAL42359,train
lap,MAL42361,train
lap,MAL42364,train
lap,MAL42366,test
lap,MAL42367,train
lap,MAL42372,train
lap,MAL42373,train
lap,MAL42378,train
lap,MAL42380,train
lap,MAL42381,test
lap,MAL42383,train
lap,MAL42385,validation
lap,MAL42387,train
lap,MAL42390,train
lap,MAL42391,train
lap,MAL42392,train
lap,MAL42395,train
lap,MAL42397,train
lap,MAL42399,test
lap,MAL42400,test
lap,MAL42414,train
lap,MAL42422,train
lap,MAL42423,train
lap,MAL42429,test
lap,MAL42431,test
lap,MAL42432,train
lap,MAL42433,validation
lap,MAL42435,train
lap,MAL42436,train
lap,MAL42438,test
lap,MAL42439,validation
lap,MAL42441,train
lap,MAL42442,train
lap,MAL42443,test
lap,MAL42444,train
lap,MAL42445,train
lap,MAL42446,train
lap,MAL42447,train
lap,MAL42448,validation
lap,MAL42449,train
lap,MAL42451,train
lap,MAL42454,train
lap,MAL42455,validation
lap,MAL42456,train
lap,MAL42457,validation
lap,MAL42458,train
lap,MAL42460,validation
lap,MAL42461,train
lap,MAL42463,train
lap,MAL42465,train
lap,MAL42466,train
lap,MAL42468,train
lap,MAL42476,train
lap,MAL42481,train
lap,MAL42482,train
lap,MAL42483,train
lap,MAL42484,test
lap,MAL42485,train
lap,MAL42487,train
lap,MAL42488,train
lap,MAL42490,train
lap,MAL42491,train
lap,MAL42500,train
lap,MAL42501,train
lap,MAL42506,train
lap,MAL42507,train
lap,MAL42509,train
lap,MAL42513,train
lap,MAL42514,train
lap,MAL42516,train
lap,MAL42517,train
lap,MAL42519,validation
lap,MAL42522,train
lap,MAL42526,train
lap,MAL42540,train
lap,MAL42544,train
lap,MAL42547,test
lap,MAL42549,test
lap,MAL42550,test
lap,MAL42562,train
lap,MAL42563,train
lap,MAL42568,train
lap,MAL42571,train
lap,MAL42576,train
lap,MAL42585,train
lap,MAL42587,validation
lap,MAL42590,test
lap,MAL42591,train
lap,MAL42592,train
lap,MAL42593,train
lap,MAL42600,train
lap,MAL42601,test
lap,MAL42602,train
lap,MAL42603,train
lap,MAL42612,train
lap,MAL42616,train
lap,MAL42617,train
lap,MAL42618,test
lap,MAL42619,train
lap,MAL42625,train
lap,MAL42627,train
lap,MAL42628,test
lap,MAL42629,train
lap,MAL42632,train
lap,MAL42636,train
lap,MAL42637,train
lap,MAL42638,train
lap,MAL42639,train
lap,MAL42640,train
lap,MAL42641,train
lap,MAL42645,train
lap,MAL42646,train
lap,MAL42649,train
lap,MAL42650,train
lap,MAL42653,train
lap,MAL42654,validation
lap,MAL42656,train
lap,MAL42657,train
lap,MAL42658,train
lap,MAL42660,train
lap,MAL42662,train
lap,MAL42663,train
lap,MAL42666,validation
lap,MAL42667,train
lap,MAL42668,validation
lap,MAL42670,train
lap,MAL42672,train
lap,MAL42673,train
lap,MAL42681,train
lap,MAL42682,train
lap,MAL42690,train
lap,MAL42697,test
lap,MAL42698,test
lap,MAL42703,train
lap,MAL42714,test
lap,MAL42717,train
lap,MAL42722,train
lap,MAL42723,train
lap,MAL42725,train
lap,MAL42726,validation
lap,MAL42729,train
lap,MAL42731,test
lap,MAL42733,train
lap,MAL42736,test
lap,MAL42737,train
lap,MAL42740,validation
lap,MAL42744,train
lap,MAL42745,train
lap,MAL42748,train
lap,MAL42749,train
lap,MAL42750,train
lap,MAL42753,train
lap,MAL42754,validation
lap,MAL42756,test
lap,MAL42757,test
lap,MAL42760,validation
lap,MAL42761,train
lap,MAL42762,test
lap,MAL42765,train
lap,MAL42766,validation
lap,MAL42767,train
lap,MAL42768,train
lap,MAL42774,train
lap,MAL42776,train
lap,MAL42780,train
lap,MAL42783,train
lap,MAL42784,validation
lap,MAL42785,train
lap,MAL42786,validation
lap,MAL42787,train
lap,MAL42791,train
lap,MAL42792,validation
lap,MAL42793,validation
lap,MAL42794,train
lap,MAL42797,train
lap,MAL42798,train
lap,MAL42799,train
lap,MAL42800,validation
lap,MAL42801,train
lap,MAL42802,train
lap,MAL42803,train
lap,MAL42804,train
lap,MAL42805,train
lap,MAL42807,train
lap,MAL42808,train
lap,MAL42809,train
lap,MAL42811,train
lap,MAL42812,train
lap,MAL42815,train
lap,MAL42820,test
lap,MAL42822,train
lap,MAL42825,train
lap,MAL42826,train
lap,MAL42829,train
lap,MAL42831,train
lap,MAL42832,train
lap,MAL42834,train
lap,MAL42835,train
lap,MAL42836,train
lap,MAL42837,train
lap,MAL42838,train
lap,MAL42840,train
lap,MAL42842,train
lap,MAL42843,train
lap,MAL42844,train
lap,MAL42845,validation
lap,MAL42846,validation
lap,MAL42847,test
lap,MAL42848,train
lap,MAL42852,test
lap,MAL42853,train
lap,MAL42854,validation
lap,MAL42855,train
lap,MAL42862,train
lap,MAL42863,test
lap,MAL42865,train
lap,MAL42867,train
lap,MAL42870,test
lap,MAL42872,train
lap,MAL42873,train
lap,MAL42875,train
lap,MAL42876,train
lap,MAL42880,train
lap,MAL42882,train
lap,MAL42883,train
lap,MAL42885,test
lap,MAL42886,train
lap,MAL42887,train
lap,MAL42888,train
lap,MAL42889,train
lap,MAL42890,train
lap,MAL42892,train
lap,MAL42893,train
lap,MAL42894,train
lap,MAL42895,train
lap,MAL42896,train
lap,MAL42897,validation
lap,MAL42898,train
lap,MAL42899,train
lap,MAL42903,train
lap,MAL42906,train
lap,MAL42908,train
lap,MAL42909,test
lap,MAL42910,train
lap,MAL42911,train
lap,MAL42913,train
lap,MAL42914,test
lap,MAL42916,train
lap,MAL42919,train
lap,MAL42922,train
lap,MAL42923,train
lap,MAL42925,train
lap,MAL42935,train
lap,MAL42938,train
lap,MAL42940,train
lap,MAL42941,train
lap,MAL42946,train
lap,MAL42947,train
lap,MAL42948,test
lap,MAL42949,train
lap,MAL42950,train
lap,MAL42952,train
lap,MAL42954,validation
lap,MAL42955,train
lap,MAL42956,test
lap,MAL42958,test
lap,MAL42959,train
lap,MAL42962,validation
lap,MAL42963,train
lap,MAL42966,train
lap,MAL42967,train
lap,MAL42969,train
lap,MAL42971,train
lap,MAL42972,train
lap,MAL42976,train
lap,MAL42979,train
lap,MAL42981,validation
lap,MAL42984,train
lap,MAL42985,train
lap,MAL42988,test
lap,MAL42989,train
lap,MAL42990,test
lap,MAL42994,train
lap,MAL42995,train
lap,MAL42996,train
lap,MAL42998,validation
lap,MAL43001,train
lap,MAL43004,train
lap,MAL43005,train
lap,MAL43007,test
lap,MAL43011,validation
lap,MAL43013,train
lap,MAL43015,train
lap,MAL43016,test
lap,MAL43020,validation
lap,MAL43043,train
lap,MAL43196,train
lap,MAL43201,train
lap,MAL43203,train
lap,MAL43204,train
lap,MAL43205,train
lap,MAL43206,test
lap,MAL43207,train
lap,MAL43208,train
lap,MAL43212,train
lap,MAL43213,test
lap,MAL43214,train
lap,MAL43215,train
lap,MAL43216,train
lap,MAL43217,test
lap,MAL43218,train
lap,MAL43219,train
lap,MAL43220,train
lap,MAL43221,train
lap,MAL43222,train
lap,MAL43224,test
lap,MAL43225,train
lap,MAL43226,train
lap,MAL43227,train
lap,MAL43228,validation
lap,MAL43229,train
lap,MAL43231,test
lap,MAL43232,train
lap,MAL43233,test
lap,MAL43235,train
lap,MAL43236,test
lap,MAL43237,validation
lap,MAL43238,train
lap,MAL43239,validation
lap,MAL43241,train
lap,MAL43242,train
lap,MAL43243,train
lap,MAL43244,train
lap,MAL43245,train
lap,MAL43246,validation
lap,MAL43248,test
lap,MAL43249,train
lap,MAL43250,train
lap,MAL43252,train
lap,MAL43253,train
lap,MAL43255,train
lap,MAL43256,train
lap,MAL43257,validation
lap,MAL43258,validation
lap,MAL43259,test
lap,MAL43260,test
lap,MAL43261,train
lap,MAL43262,validation
lap,MAL43263,train
lap,MAL43264,train
lap,MAL43265,train
lap,MAL43266,train
lap,MAL43267,test
lap,MAL43269,train
lap,MAL43270,train
lap,MAL43271,train
lap,MAL43272,test
lap,MAL43273,train
lap,MAL43274,train
lap,MAL43275,train
lap,MAL43276,train
lap,MAL43277,train
lap,MAL43278,train
lap,MAL43279,test
lap,MAL43280,validation
lap,MAL43281,test
lap,MAL43282,train
lap,MAL43283,test
lap,MAL43284,test
lap,MAL43286,train
lap,MAL43287,train
lap,MAL43288,test
lap,MAL43291,train
lap,MAL43292,train
lap,MAL43293,train
lap,MAL43297,test
lap,MAL43299,train
lap,MAL43303,validation
lap,MAL43305,train
lap,MAL43308,train
lap,MAL43309,train
lap,MAL43311,train
lap,MAL43312,train
lap,MAL43313,train
lap,MAL43314,test
lap,MAL43316,train
lap,MAL43317,train
lap,MAL43318,train
lap,MAL43319,train
lap,MAL43320,train
lap,MAL43321,train
lap,MAL43322,train
lap,MAL43323,train
lap,MAL43325,train
lap,MAL43333,train
lap,MAL43340,train
lap,MAL43341,train
lap,MAL43342,validation
lap,MAL43343,test
lap,MAL43344,train
lap,MAL43345,train
lap,MAL43346,test
lap,MAL43347,train
lap,MAL43348,train
lap,MAL43349,train
lap,MAL43350,test
lap,MAL43351,train
lap,MAL43352,train
lap,MAL43353,test
lap,MAL43354,train
lap,MAL43356,test
lap,MAL43357,train
lap,MAL43358,test
lap,MAL43359,train
lap,MAL43360,train
lap,MAL43361,train
lap,MAL43362,test
lap,MAL43363,train
lap,MAL43364,train
lap,MAL43365,test
lap,MAL43366,validation
lap,MAL43367,validation
lap,MAL43368,validation
lap,MAL43369,train
lap,MAL43370,train
lap,MAL43371,train
lap,MAL43372,train
lap,MAL43373,train
lap,MAL43374,train
lap,MAL43375,test
lap,MAL43376,test
lap,MAL43378,validation
lap,MAL43379,train
lap,MAL43380,train
lap,MAL43381,train
lap,MAL43382,train
lap,MAL43383,test
lap,MAL43384,train
lap,MAL43386,test
lap,MAL43387,test
lap,MAL43389,train
lap,MAL43390,train
lap,MAL43391,train
lap,MAL43392,train
lap,MAL43393,train
lap,MAL43394,validation
lap,MAL43395,train
lap,MAL43396,validation
lap,MAL43397,train
lap,MAL43398,train
lap,MAL43399,train
lap,MAL43400,validation
lap,MAL43401,train
lap,MAL43402,validation
lap,MAL43403,train
lap,MAL43404,test
lap,MAL43405,train
lap,MAL43406,train
lap,MAL43407,train
lap,MAL43409,train
lap,MAL43410,train
lap,MAL43411,train
lap,MAL43412,train
lap,MAL43413,train
lap,MAL43415,train
lap,MAL43416,train
lap,MAL43417,validation
lap,MAL43418,train
lap,MAL43419,validation
lap,MAL43426,train
lap,MAL43428,train
lap,MAL43429,train
lap,MAL43430,validation
lap,MAL43431,train
lap,MAL43432,train
lap,MAL43433,test
lap,MAL43434,test
lap,MAL43435,train
lap,MAL43438,train
lap,MAL43439,train
lap,MAL43444,validation
lap,MAL43446,train
lap,MAL43447,train
lap,MAL43448,test
lap,MAL43449,test
lap,MAL43450,train
lap,MAL43454,train
lap,MAL43455,train
lap,MAL43456,train
lap,MAL43457,train
lap,MAL43458,train
lap,MAL43459,train
lap,MAL43460,validation
lap,MAL43461,train
lap,MAL43462,train
lap,MAL43463,train
lap,MAL43464,train
lap,MAL43465,train
lap,MAL43466,test
lap,MAL43467,train
lap,MAL43469,train
lap,MAL43470,validation
lap,MAL43476,train
lap,MAL43481,train
lap,MAL43482,validation
lap,MAL43483,test
lap,MAL43485,validation
lap,MAL43488,train
lap,MAL43489,train
lap,MAL43490,train
lap,MAL43491,train
lap,MAL43492,train
lap,MAL43493,train
lap,MAL43494,train
lap,MAL43495,test
lap,MAL43496,train
lap,MAL43497,test
lap,MAL43498,train
lap,MAL43499,train
lap,MAL43501,test
lap,MAL43502,train
lap,MAL43503,train
lap,MAL43504,train
lap,MAL43505,test
lap,MAL43506,train
lap,MAL43508,train
lap,MAL43509,train
lap,MAL43510,validation
lap,MAL43511,train
lap,MAL43512,train
lap,MAL43513,train
lap,MAL43514,test
lap,MAL43515,test
lap,MAL43516,train
lap,MAL43517,train
lap,MAL43518,train
lap,MAL43519,train
lap,MAL43520,train
lap,MAL43521,validation
lap,MAL43523,validation
lap,MAL43525,train
lap,MAL43526,test
lap,MAL43531,test
lap,MAL43532,test
lap,MAL43533,train
lap,MAL43534,train
lap,MAL43536,train
lap,MAL43537,validation
lap,MAL43538,train
lap,MAL43539,train
lap,MAL43540,train
lap,MAL43541,train
lap,MAL43542,validation
lap,MAL43543,test
lap,MAL43544,train
lap,MAL43545,train
lap,MAL43546,train
lap,MAL43548,train
lap,MAL43550,train
lap,MAL43551,train
lap,MAL43552,train
lap,MAL43555,train
lap,MAL43556,train
lap,MAL43564,train
lap,MAL43565,train
lap,MAL43566,train
lap,MAL43567,validation
lap,MAL43568,train
lap,MAL43569,train
lap,MAL43570,train
lap,MAL43571,train
lap,MAL43572,train
lap,MAL43573,train
lap,MAL43577,test
lap,MAL43578,train
lap,MAL43579,train
lap,MAL43580,train
lap,MAL43581,train
lap,MAL43582,train
lap,MAL43583,validation
lap,MAL43584,train
lap,MAL43586,train
lap,MAL43587,validation
lap,MAL43590,train
lap,MAL43591,validation
lap,MAL43592,validation
lap,MAL43593,train
lap,MAL43594,train
lap,MAL43595,train
lap,MAL43596,test
lap,MAL43597,train
lap,MAL43600,validation
lap,MAL43601,train
lap,MAL43602,train
lap,MAL43603,train
lap,MAL43605,train
lap,MAL43606,train
lap,MAL43607,train
lap,MAL43608,test
lap,MAL43609,validation
lap,MAL43610,test
lap,MAL43611,validation
lap,MAL43612,validation
lap,MAL43613,test
lap,MAL43614,validation
lap,MAL43615,train
lap,MAL43616,train
lap,MAL43617,train
lap,MAL43619,validation
lap,MAL43620,test
lap,MAL43621,test
lap,MAL43622,test
lap,MAL43623,train
lap,MAL43624,train
lap,MAL43625,test
lap,MAL43626,train
lap,MAL43627,train
lap,MAL43628,test
lap,MAL43629,test
lap,MAL43632,validation
lap,MAL43633,train
lap,MAL43634,test
lap,MAL43636,train
lap,MAL43638,train
lap,MAL43639,test
lap,MAL43640,train
lap,MAL43642,train
lap,MAL43643,train
lap,MAL43644,train
lap,MAL43646,train
lap,MAL43647,train
lap,MAL43648,train
lap,MAL43649,test
lap,MAL43650,test
lap,MAL43652,train
lap,MAL43653,train
lap,MAL43655,test
lap,MAL43656,train
lap,MAL43657,train
lap,MAL43658,test
lap,MAL43659,train
lap,MAL43660,train
lap,MAL43661,train
lap,MAL43662,train
lap,MAL43663,validation
lap,MAL43664,test
lap,MAL43665,train
lap,MAL43666,train
lap,MAL43667,validation
lap,MAL43668,train
lap,MAL43669,test
lap,MAL43670,train
lap,MAL43671,test
lap,MAL43672,train
lap,MAL43673,train
lap,MAL43674,test
lap,MAL43675,train
lap,MAL43676,train
lap,MAL43677,train
lap,MAL43678,train
lap,MAL43679,train
lap,MAL43680,train
lap,MAL43681,test
lap,MAL43682,test
lap,MAL43683,train
lap,MAL43684,train
lap,MAL43688,train
lap,MAL43689,train
lap,MAL43690,validation
lap,MAL43691,test
lap,MAL43692,test
lap,MAL43693,train
lap,MAL43694,train
lap,MAL43696,train
lap,MAL43697,test
lap,MAL43702,train
lap,MAL43703,train
lap,MAL43704,train
lap,MAL43711,validation
lap,MAL43712,test
lap,MAL43722,validation
lap,MAL43727,test
lap,MAL43729,train
lap,MAL43735,test
lap,MAL43739,train
lap,MAL43741,validation
lap,MAL43745,validation
lap,MAL43746,train
lap,MAL43751,train
lap,MAL43755,train
lap,MAL43756,validation
lap,MAL43760,test
lap,MAL43761,validation
lap,MAL43762,train
lap,MAL43763,validation
lap,MAL43767,train
lap,MAL43768,validation
lap,MAL43769,test
lap,MAL43771,validation
lap,MAL43772,train
lap,MAL43774,train
lap,MAL43775,train
lap,MAL43778,train
lap,MAL43779,train
lap,MAL43780,test
lap,MAL43787,train
lap,MAL43791,train
lap,MAL43793,train
lap,MAL43794,test
lap,MAL43795,train
lap,MAL43796,train
lap,MAL43797,train
lap,MAL43798,train
lap,MAL43799,train
lap,MAL43800,train
lap,MAL43801,train
lap,MAL43802,train
lap,MAL43803,validation
lap,MAL43804,train
lap,MAL43805,train
lap,MAL43806,test
lap,MAL43807,train
lap,MAL43808,test
lap,MAL43809,test
lap,MAL43810,train
lap,MAL43814,train
lap,MAL43816,train
lap,MAL43817,test
lap,MAL43818,train
lap,MAL43819,train
lap,MAL43820,train
lap,MAL43821,validation
lap,MAL43822,train
lap,MAL43823,train
lap,MAL43825,train
lap,MAL43826,train
lap,MAL43827,test
lap,MAL43828,train
lap,MAL43829,test
lap,MAL43830,train
lap,MAL43831,train
lap,MAL43832,train
lap,MAL43834,train
lap,MAL43836,train
lap,MAL43837,train
lap,MAL43838,validation
lap,MAL43839,validation
lap,MAL43840,train
lap,MAL43841,train
lap,MAL43842,test
lap,MAL43843,train
lap,MAL43844,train
lap,MAL43845,train
lap,MAL43846,train
lap,MAL43847,validation
lap,MAL43848,train
lap,MAL43849,test
lap,MAL43850,train
lap,MAL43851,train
lap,MAL43852,train
lap,MAL43853,train
lap,MAL43854,train
lap,MAL43856,train
lap,MAL43857,train
lap,MAL43858,train
lap,MAL43859,test
lap,MAL43860,test
lap,MAL43861,train
lap,MAL43863,train
lap,MAL43864,train
lap,MAL43866,train
lap,MAL43867,train
lap,MAL43868,test
lap,MAL43871,train
lap,MAL43872,train
lap,MAL43875,train
lap,MAL43877,train
lap,MAL43878,train
lap,MAL43879,test
lap,MAL43881,train
lap,MAL43882,test
lap,MAL43883,train
lap,MAL43884,train
lap,MAL43885,train
lap,MAL43887,train
lap,MAL43888,train
lap,MAL43889,train
lap,MAL43891,train
lap,MAL43892,test
lap,MAL43893,test
lap,MAL43894,validation
lap,MAL43895,train
lap,MAL43896,train
lap,MAL43897,train
lap,MAL43898,test
lap,MAL43899,train
lap,MAL43901,test
lap,MAL43903,train
lap,MAL43904,train
lap,MAL43906,train
lap,MAL43907,train
lap,MAL43908,train
lap,MAL43909,train
lap,MAL43910,train
lap,MAL43911,train
lap,MAL43912,train
lap,MAL43913,train
lap,MAL43914,validation
lap,MAL43915,train
lap,MAL43916,train
lap,MAL43917,train
lap,MAL43918,train
lap,MAL43919,validation
lap,MAL43920,train
lap,MAL43922,train
lap,MAL43924,test
lap,MAL43925,train
lap,MAL43927,train
lap,MAL43928,train
lap,MAL43929,test
lap,MAL43930,train
lap,MAL43931,validation
lap,MAL43933,test
lap,MAL43934,train
lap,MAL43935,train
lap,MAL43936,validation
lap,MAL43937,train
lap,MAL43938,train
lap,MAL43939,train
lap,MAL43941,train
lap,MAL43942,train
lap,MAL43943,train
lap,MAL43944,train
lap,MAL43945,train
lap,MAL43946,test
lap,MAL43947,train
lap,MAL43948,train
lap,MAL43949,validation
lap,MAL43950,test
lap,MAL43951,test
lap,MAL43952,test
lap,MAL43953,train
lap,MAL43954,test
lap,MAL43955,test
lap,MAL43956,train
lap,MAL43958,validation
lap,MAL43959,train
lap,MAL43960,validation
lap,MAL43961,train
lap,MAL43962,test
lap,MAL43964,train
lap,MAL43965,train
lap,MAL43966,train
lap,MAL43967,train
lap,MAL43968,train
lap,MAL43969,train
lap,MAL43970,train
lap,MAL43975,train
lap,MAL43976,train
lap,MAL43977,train
lap,MAL43979,train
lap,MAL43982,validation
lap,MAL43983,train
lap,MAL43984,train
lap,MAL43985,test
lap,MAL43986,train
lap,MAL43987,train
lap,MAL43988,validation
lap,MAL43989,train
lap,MAL43990,train
lap,MAL43991,train
lap,MAL43992,train
lap,MAL43993,train
lap,MAL43994,test
lap,MAL43995,train
lap,MAL43996,train
lap,MAL43997,train
lap,MAL43998,train
lap,MAL43999,train
lap,MAL44000,train
lap,MAL44001,train
lap,MAL44002,train
lap,MAL44003,train
lap,MAL44004,train
lap,MAL44005,train
lap,MAL44006,train
lap,MAL44007,train
lap,MAL44008,test
lap,MAL44009,train
lap,MAL44010,train
lap,MAL44011,train
lap,MAL44012,train
lap,MAL44013,train
lap,MAL44014,train
lap,MAL44015,train
lap,MAL44016,train
lap,MAL44017,train
lap,MAL44018,train
lap,MAL44019,train
lap,MAL44020,train
lap,MAL44021,train
lap,MAL44025,train
lap,MAL44026,train
lap,MAL44031,train
lap,MAL44032,validation
lap,MAL44033,test
lap,MAL44035,train
lap,MAL44037,test
lap,MAL44040,train
lap,MAL44041,train
lap,MAL44042,test
lap,MAL44044,train
lap,MAL44046,train
lap,MAL44047,train
lap,MAL44048,train
lap,MAL44053,train
lap,MAL44055,validation
lap,MAL44056,validation
lap,MAL44059,train
lap,MAL44060,train
lap,MAL44061,train
lap,MAL44062,train
lap,MAL44063,train
lap,MAL44064,test
lap,MAL44065,train
lap,MAL44067,train
lap,MAL44068,test
lap,MAL44069,test
lap,MAL44070,test
lap,MAL44071,train
lap,MAL44072,train
lap,MAL44073,train
lap,MAL44074,train
lap,MAL44075,train
lap,MAL44076,train
lap,MAL44078,train
lap,MAL44079,test
lap,MAL44084,train
lap,MAL44086,train
lap,MAL44087,test
lap,MAL44089,train
lap,MAL44090,train
lap,MAL44096,train
lap,MAL44097,test
lap,MAL44099,train
lap,MAL44100,train
lap,MAL44101,train
lap,MAL44103,train
lap,MAL44104,validation
lap,MAL44105,train
lap,MAL44108,validation
lap,MAL44109,train
lap,MAL44110,train
lap,MAL44111,test
lap,MAL44112,validation
lap,MAL44114,train
lap,MAL44115,train
lap,MAL44116,test
lap,MAL44117,train
lap,MAL44118,train
lap,MAL44119,train
lap,MAL44121,test
lap,MAL44122,train
lap,MAL44123,train
lap,MAL44126,train
lap,MAL44128,train
lap,MAL44129,train
lap,MAL44130,train
lap,MAL44132,test
lap,MAL44133,test
lap,MAL44135,validation
lap,MAL44136,validation
lap,MAL44137,train
lap,MAL44138,train
lap,MAL44140,train
lap,MAL44141,train
lap,MAL44144,train
lap,MAL44145,train
lap,MAL44146,train
lap,MAL44147,train
lap,MAL44148,test
lap,MAL44149,train
lap,MAL44151,train
lap,MAL44152,validation
lap,MAL44153,test
lap,MAL44154,validation
lap,MAL44155,train
lap,MAL44156,validation
lap,MAL44157,test
lap,MAL44158,validation
lap,MAL44159,validation
lap,MAL44160,train
lap,MAL44161,train
lap,MAL44162,train
lap,MAL44163,train
lap,MAL44164,train
lap,MAL44165,train
lap,MAL44166,train
lap,MAL44167,train
lap,MAL44168,train
lap,MAL44169,train
lap,MAL44170,train
lap,MAL44171,train
lap,MAL44174,train
lap,MAL44175,train
lap,MAL44176,train
lap,MAL44177,validation
lap,MAL44178,train
lap,MAL44179,train
lap,MAL44181,validation
lap,MAL44182,train
lap,MAL44184,train
lap,MAL44185,train
lap,MAL44187,train
lap,MAL44188,train
lap,MAL44191,test
lap,MAL44192,train
lap,MAL44193,train
lap,MAL44194,train
lap,MAL44196,test
lap,MAL44200,train
lap,MAL44201,train
lap,MAL44202,train
lap,MAL44203,test
lap,MAL44204,train
lap,MAL44208,train
lap,MAL44209,train
lap,MAL44211,train
lap,MAL44212,train
lap,MAL44213,train
lap,MAL44218,train
lap,MAL44221,train
lap,MAL44223,validation
lap,MAL44224,train
lap,MAL44225,train
lap,MAL44228,train
lap,MAL44233,train
lap,MAL44235,train
lap,MAL44236,train
lap,MAL44245,train
lap,MAL44246,train
lap,MAL44248,train
lap,MAL44254,test
lap,MAL44256,train
lap,MAL44257,train
lap,MAL44259,train
lap,MAL44260,train
lap,MAL44263,train
lap,MAL44265,train
lap,MAL44267,test
lap,MAL44270,train
lap,MAL44271,train
lap,MAL44273,test
lap,MAL44274,train
lap,MAL44275,train
lap,MAL44276,train
lap,MAL44278,train
lap,MAL44279,train
lap,MAL44280,validation
lap,MAL44282,train
lap,MAL44283,train
lap,MAL44284,test
lap,MAL44285,train
lap,MAL44286,train
lap,MAL44287,test
lap,MAL44288,train
lap,MAL44289,train
lap,MAL44292,train
lap,MAL44293,train
lap,MAL44295,train
lap,MAL44296,validation
lap,MAL44297,train
lap,MAL44298,train
lap,MAL44300,train
lap,MAL44301,train
lap,MAL44302,test
lap,MAL44303,train
lap,MAL44304,train
lap,MAL44345,train
lap,MAL44349,test
lap,MAL44350,test
lap,MAL44351,train
lap,MAL44353,test
lap,MAL44358,train
lap,MAL44363,train
lap,MAL44365,train
lap,MAL44366,validation
lap,MAL44368,validation
lap,MAL44369,test
lap,MAL44370,train
lap,MAL44371,train
lap,MAL44373,train
lap,MAL44374,train
lap,MAL44376,train
lap,MAL44382,train
lap,MAL44385,validation
lap,MAL44387,train
lap,MAL44388,train
lap,MAL44389,train
lap,MAL44390,train
lap,MAL44393,train
lap,MAL44394,train
lap,MAL44395,train
lap,MAL44396,train
lap,MAL44397,train
lap,MAL44399,train
lap,MAL44402,train
lap,MAL44403,train
lap,MAL44406,validation
lap,MAL44407,train
lap,MAL44408,train
lap,MAL44409,validation
lap,MAL44410,train
lap,MAL44411,train
lap,MAL44412,train
lap,MAL44413,validation
lap,MAL44414,train
lap,MAL44415,validation
lap,MAL44416,train
lap,MAL44417,train
lap,MAL44418,train
lap,MAL44419,test
lap,MAL44420,test
lap,MAL44421,train
lap,MAL44422,train
lap,MAL44423,validation
lap,MAL44426,validation
lap,MAL44427,validation
lap,MAL44429,train
lap,MAL44434,train
lap,MAL44440,test
lap,MAL44441,train
lap,MAL44444,train
lap,MAL44445,test
lap,MAL44446,validation
lap,MAL44447,test
lap,MAL44448,train
lap,MAL44449,train
lap,MAL44450,train
lap,MAL44452,train
lap,MAL44454,train
lap,MAL44455,train
lap,MAL44456,train
lap,MAL44457,train
lap,MAL44458,train
lap,MAL44459,train
lap,MAL44460,test
lap,MAL44461,train
lap,MAL44462,train
lap,MAL44463,train
lap,MAL44464,train
lap,MAL44465,train
lap,MAL44466,train
lap,MAL44467,validation
lap,MAL44468,test
lap,MAL44469,train
lap,MAL44470,train
lap,MAL44471,train
lap,MAL44472,train
lap,MAL44473,train
lap,MAL44474,train
lap,MAL44475,validation
lap,MAL44476,test
lap,MAL44478,train
lap,MAL44479,test
lap,MAL44486,test
lap,MAL44487,train
lap,MAL44488,train
lap,MAL44489,train
lap,MAL44490,train
lap,MAL44491,train
lap,MAL44492,train
lap,MAL44493,train
lap,MAL44494,train
lap,MAL44495,train
lap,MAL44496,test
lap,MAL44499,train
lap,MAL44500,train
lap,MAL44501,train
lap,MAL44502,train
lap,MAL44503,train
lap,MAL44504,validation
lap,MAL44505,train
lap,MAL44506,train
lap,MAL44507,test
lap,MAL44508,test
lap,MAL44509,test
lap,MAL44511,train
lap,MAL44513,validation
lap,MAL44516,validation
lap,MAL44517,train
lap,MAL44518,test
lap,MAL44520,train
lap,MAL44522,test
lap,MAL44523,train
lap,MAL44524,train
lap,MAL44525,train
lap,MAL44526,test
lap,MAL44529,train
lap,MAL44530,train
lap,MAL44531,train
lap,MAL44532,train
lap,MAL44533,train
lap,MAL44534,train
lap,MAL44535,train
lap,MAL44536,train
lap,MAL44537,validation
lap,MAL44538,test
lap,MAL44539,test
lap,MAL44540,train
lap,MAL44541,train
lap,MAL44542,train
lap,MAL44543,train
lap,MAL44544,train
lap,MAL44545,train
lap,MAL44546,train
lap,MAL44547,validation
lap,MAL44548,train
lap,MAL44550,train
lap,MAL44551,test
lap,MAL44552,test
lap,MAL44553,train
lap,MAL44554,train
lap,MAL44555,train
lap,MAL44556,train
lap,MAL44557,validation
lap,MAL44558,train
lap,MAL44559,train
lap,MAL44560,train
lap,MAL44570,train
lap,MAL44571,validation
lap,MAL44573,validation
lap,MAL44576,train
lap,MAL44577,train
lap,MAL44580,train
lap,MAL44581,validation
lap,MAL44582,train
lap,MAL44583,train
lap,MAL44585,train
lap,MAL44586,train
lap,MAL44587,test
lap,MAL44588,train
lap,MAL44590,train
lap,MAL44591,train
lap,MAL44595,train
lap,MAL44596,test
lap,MAL44597,test
lap,MAL44606,train
lap,MAL44609,test
lap,MAL44610,train
lap,MAL44611,train
lap,MAL44612,train
lap,MAL44613,train
lap,MAL44614,train
lap,MAL44615,train
lap,MAL44616,train
lap,MAL44618,train
lap,MAL44619,train
lap,MAL44620,train
lap,MAL44622,test
lap,MAL44623,train
lap,MAL44625,train
lap,MAL44627,train
lap,MAL44628,train
lap,MAL44630,train
lap,MAL44632,validation
lap,MAL44634,train
lap,MAL44635,validation
lap,MAL44636,test
lap,MAL44637,train
lap,MAL44639,train
lap,MAL44640,test
lap,MAL44641,train
lap,MAL44642,train
lap,MAL44645,train
lap,MAL44649,train
lap,MAL44650,train
lap,MAL44651,test
lap,MAL44652,train
lap,MAL44653,test
lap,MAL44654,train
lap,MAL44655,train
lap,MAL44656,train
lap,MAL44657,train
lap,MAL44664,train
lap,MAL44665,train
lap,MAL44666,train
lap,MAL44667,train
lap,MAL44668,train
lap,MAL44669,validation
lap,MAL44670,train
lap,MAL44671,test
lap,MAL44673,train
lap,MAL44674,train
lap,MAL44675,test
lap,MAL44676,train
lap,MAL44677,train
lap,MAL44678,train
lap,MAL44679,train
lap,MAL44680,train
lap,MAL44681,train
lap,MAL44683,train
lap,MAL44685,train
lap,MAL44686,train
lap,MAL44688,train
lap,MAL44689,train
lap,MAL44691,train
lap,MAL44692,test
lap,MAL44693,train
lap,MAL44696,train
lap,MAL44697,train
lap,MAL44699,test
lap,MAL44700,train
lap,MAL44702,train
lap,MAL44704,validation
lap,MAL44705,test
lap,MAL44707,train
lap,MAL44708,train
lap,MAL44709,train
lap,MAL44710,train
lap,MAL44711,train
lap,MAL44712,validation
lap,MAL44713,train
lap,MAL44717,train
lap,MAL44718,train
lap,MAL44719,validation
lap,MAL44720,train
lap,MAL44721,train
lap,MAL44722,test
lap,MAL44723,train
lap,MAL44724,train
lap,MAL44725,train
lap,MAL44727,train
lap,MAL44728,train
lap,MAL44729,train
lap,MAL44731,train
lap,MAL44732,train
lap,MAL44733,train
lap,MAL44734,train
lap,MAL44736,train
lap,MAL44737,test
lap,MAL44739,train
lap,MAL44740,test
lap,MAL44741,test
lap,MAL44742,train
lap,MAL44743,train
lap,MAL44744,train
lap,MAL44746,train
lap,MAL44747,validation
lap,MAL44748,train
lap,MAL44749,train
lap,MAL44750,train
lap,MAL44752,train
lap,MAL44753,validation
lap,MAL44754,train
lap,MAL44755,train
lap,MAL44756,test
lap,MAL44757,test
lap,MAL44758,train
lap,MAL44759,validation
lap,MAL44760,test
lap,MAL44762,test
lap,MAL44763,test
lap,MAL44764,train
lap,MAL44765,train
lap,MAL44766,validation
lap,MAL44767,test
lap,MAL44768,train
lap,MAL44769,train
lap,MAL44770,train
lap,MAL44771,train
lap,MAL44772,test
lap,MAL44773,train
lap,MAL44774,train
lap,MAL44775,train
lap,MAL44776,train
lap,MAL44777,test
lap,MAL44778,test
lap,MAL44779,train
lap,MAL44781,train
lap,MAL44782,train
lap,MAL44786,validation
lap,MAL44787,train
lap,MAL44788,test
lap,MAL44790,train
lap,MAL44794,validation
lap,MAL44795,validation
lap,MAL44797,train
lap,MAL44798,validation
lap,MAL44799,train
lap,MAL44800,validation
lap,MAL44801,train
lap,MAL44802,validation
lap,MAL44803,train
lap,MAL44806,train
lap,MAL44807,train
lap,MAL44810,train
lap,MAL44811,train
lap,MAL44812,train
lap,MAL44813,test
lap,MAL44814,train
lap,MAL44815,test
lap,MAL44816,train
lap,MAL44820,train
lap,MAL44821,test
lap,MAL44823,train
lap,MAL44825,train
lap,MAL44826,train
lap,MAL44827,train
lap,MAL44829,train
lap,MAL44830,train
lap,MAL44831,train
lap,MAL44832,train
lap,MAL44833,train
lap,MAL44834,train
lap,MAL44836,train
lap,MAL44838,train
lap,MAL44840,train
lap,MAL44842,train
lap,MAL44844,train
lap,MAL44846,train
lap,MAL44847,train
lap,MAL44848,train
lap,MAL44849,train
lap,MAL44850,test
lap,MAL44851,train
lap,MAL44854,train
lap,MAL44855,test
lap,MAL44857,train
lap,MAL44860,train
lap,MAL44861,test
lap,MAL44862,train
lap,MAL44863,train
lap,MAL44865,train
lap,MAL44866,train
lap,MAL44867,test
lap,MAL44868,train
lap,MAL44869,train
lap,MAL44870,test
lap,MAL44872,train
lap,MAL44875,train
lap,MAL44876,validation
lap,MAL44877,train
lap,MAL44878,train
lap,MAL44879,train
lap,MAL44880,train
lap,MAL44881,train
lap,MAL44882,train
lap,MAL44885,train
lap,MAL44886,train
lap,MAL44887,validation
lap,MAL44889,train
lap,MAL44890,train
lap,MAL44895,train
lap,MAL44896,train
lap,MAL44897,train
lap,MAL44898,train
lap,MAL44899,train
lap,MAL44900,train
lap,MAL44901,train
lap,MAL44902,train
lap,MAL44903,train
lap,MAL44904,train
lap,MAL44906,test
lap,MAL44907,train
lap,MAL44908,test
lap,MAL44909,train
lap,MAL44910,train
lap,MAL44911,validation
lap,MAL44912,train
lap,MAL44914,test
lap,MAL44915,train
lap,MAL44916,train
lap,MAL44917,test
lap,MAL44918,train
lap,MAL44919,train
lap,MAL44920,test
lap,MAL44921,train
lap,MAL44922,train
lap,MAL44923,train
lap,MAL44924,train
lap,MAL44925,validation
lap,MAL44926,train
lap,MAL44927,train
lap,MAL44928,validation
lap,MAL44929,test
lap,MAL44931,train
lap,MAL44935,train
lap,MAL44936,train
lap,MAL44940,validation
lap,MAL44942,train
lap,MAL44943,test
lap,MAL44946,train
lap,MAL44947,train
lap,MAL44948,train
lap,MAL44949,validation
lap,MAL44950,test
lap,MAL44951,train
lap,MAL44952,train
lap,MAL44953,train
lap,MAL44957,train
lap,MAL44958,train
lap,MAL44959,test
lap,MAL44960,train
lap,MAL44961,test
lap,MAL44962,train
lap,MAL44963,train
lap,MAL44964,test
lap,MAL44965,test
lap,MAL44966,test
lap,MAL44967,test
lap,MAL44969,train
lap,MAL44970,train
lap,MAL44971,train
lap,MAL44972,train
lap,MAL44973,validation
lap,MAL44974,train
lap,MAL44975,train
lap,MAL44976,test
lap,MAL44977,train
lap,MAL44978,train
lap,MAL44979,train
lap,MAL44980,train
lap,MAL44983,train
lap,MAL44984,train
lap,MAL45011,train
lap,MAL45012,train
lap,MAL45013,train
lap,MAL45014,train
lap,MAL45015,train
lap,MAL45016,test
lap,MAL45017,train
lap,MAL45018,train
lap,MAL45019,train
lap,MAL45020,validation
lap,MAL45021,train
lap,MAL45022,train
lap,MAL45023,test
lap,MAL45024,train
lap,MAL45026,validation
lap,MAL45027,test
lap,MAL45028,test
lap,MAL45031,train
lap,MAL45032,train
lap,MAL45033,train
lap,MAL45034,train
lap,MAL45035,train
lap,MAL45036,validation
lap,MAL45037,train
lap,MAL45038,train
lap,MAL45039,test
lap,MAL45040,train
lap,MAL45041,train
lap,MAL45043,train
lap,MAL45044,train
lap,MAL45046,test
lap,MAL45047,train
lap,MAL45049,train
lap,MAL45050,train
lap,MAL45051,train
lap,MAL45052,train
lap,MAL45053,train
lap,MAL45055,validation
lap,MAL45056,train
lap,MAL45058,train
lap,MAL45059,validation
lap,MAL45060,train
lap,MAL45061,train
lap,MAL45063,test
lap,MAL45064,train
lap,MAL45065,train
lap,MAL45066,train
lap,MAL45067,train
lap,MAL45069,train
lap,MAL45072,test
lap,MAL45073,train
lap,MAL45075,train
lap,MAL45078,train
lap,MAL45079,test
lap,MAL45080,train
lap,MAL45081,train
lap,MAL45083,train
lap,MAL45085,train
lap,MAL45088,validation
lap,MAL45089,train
lap,MAL45090,train
lap,MAL45091,test
lap,MAL45092,train
lap,MAL45093,train
lap,MAL45094,test
lap,MAL45095,train
lap,MAL45096,test
lap,MAL45097,train
lap,MAL45098,train
lap,MAL45099,train
lap,MAL45100,train
lap,MAL45101,test
lap,MAL45102,test
lap,MAL45103,validation
lap,MAL45104,test
lap,MAL45105,train
lap,MAL45107,train
lap,MAL45108,test
lap,MAL45109,train
lap,MAL45111,train
lap,MAL45112,train
lap,MAL45113,test
lap,MAL45114,train
lap,MAL45115,train
lap,MAL45116,test
lap,MAL45118,validation
lap,MAL45119,train
lap,MAL45120,train
lap,MAL45121,validation
lap,MAL45124,train
lap,MAL45133,train
lap,MAL45141,train
lap,MAL45142,test
lap,MAL45143,train
lap,MAL45144,train
lap,MAL45145,train
lap,MAL45146,train
lap,MAL45147,test
lap,MAL45148,train
lap,MAL45149,train
lap,MAL45151,validation
lap,MAL45152,train
lap,MAL45153,test
lap,MAL45154,train
lap,MAL45155,train
lap,MAL45156,train
lap,MAL45169,validation
lap,MAL45171,validation
lap,MAL45173,train
lap,MAL45174,train
lap,MAL45175,train
lap,MAL45176,train
lap,MAL45177,train
lap,MAL45178,train
lap,MAL45179,train
lap,MAL45180,train
lap,MAL45181,train
lap,MAL45182,train
lap,MAL45187,train
lap,MAL45188,train
lap,MAL45189,train
lap,MAL45190,train
lap,MAL45192,validation
lap,MAL45194,train
lap,MAL45195,train
lap,MAL45196,train
lap,MAL45197,train
lap,MAL45198,train
lap,MAL45201,train
lap,MAL45203,test
lap,MAL45204,test
lap,MAL45205,train
lap,MAL45206,train
lap,MAL45207,train
lap,MAL45208,train
lap,MAL45209,train
lap,MAL45211,train
lap,MAL45212,train
lap,MAL45213,train
lap,MAL45214,train
lap,MAL45215,test
lap,MAL45216,train
lap,MAL45220,train
lap,MAL45221,test
lap,MAL45222,train
lap,MAL45223,train
lap,MAL45224,train
lap,MAL45225,train
lap,MAL45226,train
lap,MAL45229,train
lap,MAL45230,train
lap,MAL45231,train
lap,MAL45232,train
lap,MAL45233,train
lap,MAL45234,train
lap,MAL45235,test
lap,MAL45236,train
lap,MAL45237,test
lap,MAL45238,train
lap,MAL45239,train
lap,MAL45240,train
lap,MAL45241,train
lap,MAL45242,test
lap,MAL45243,train
lap,MAL45244,test
lap,MAL45246,validation
lap,MAL45254,train
lap,MAL45255,train
lap,MAL45257,test
lap,MAL45258,train
lap,MAL45259,train
lap,MAL45260,train
lap,MAL45262,test
lap,MAL45263,train
lap,MAL45264,validation
lap,MAL45265,validation
lap,MAL45267,train
lap,MAL45268,train
lap,MAL45270,test
lap,MAL45271,train
lap,MAL45272,train
lap,MAL45274,train
lap,MAL45276,train
lap,MAL45279,train
lap,MAL45281,train
lap,MAL45282,test
lap,MAL45283,test
lap,MAL45284,train
lap,MAL45285,train
lap,MAL45286,train
lap,MAL45287,test
lap,MAL45289,train
lap,MAL45290,train
lap,MAL45291,test
lap,MAL45293,train
lap,MAL45297,train
lap,MAL45298,train
lap,MAL45299,validation
lap,MAL45302,train
lap,MAL45304,train
lap,MAL45305,train
lap,MAL45306,train
lap,MAL45309,validation
lap,MAL45311,train
lap,MAL45312,train
lap,MAL45313,test
lap,MAL45314,train
lap,MAL45315,train
lap,MAL45326,train
lap,MAL45327,test
lap,MAL45328,validation
lap,MAL45329,train
lap,MAL45330,validation
lap,MAL45331,train
lap,MAL45332,train
lap,MAL45333,train
lap,MAL45334,test
lap,MAL45335,train
lap,MAL45337,train
lap,MAL45339,train
lap,MAL45341,train
lap,MAL45344,train
lap,MAL45345,train
lap,MAL45347,train
lap,MAL45348,validation
lap,MAL45350,train
lap,MAL45351,validation
lap,MAL45355,train
lap,MAL45356,train
lap,MAL45357,train
lap,MAL45358,train
lap,MAL45359,train
lap,MAL45360,train
lap,MAL45361,train
lap,MAL45362,train
lap,MAL45363,train
lap,MAL45364,train
lap,MAL45365,train
lap,MAL45366,validation
lap,MAL45367,train
lap,MAL45368,train
lap,MAL45369,train
lap,MAL45370,train
lap,MAL45371,validation
lap,MAL45374,validation
lap,MAL45376,test
lap,MAL45378,test
lap,MAL45379,train
lap,MAL45380,train
lap,MAL45381,validation
lap,MAL45384,train
lap,MAL45385,train
lap,MAL45386,train
lap,MAL45387,train
lap,MAL45388,train
lap,MAL45389,train
lap,MAL45390,test
lap,MAL45391,train
lap,MAL45392,validation
lap,MAL45393,train
lap,MAL45394,train
lap,MAL45395,train
lap,MAL45396,test
lap,MAL45397,train
lap,MAL45398,train
lap,MAL45399,train
lap,MAL45400,train
lap,MAL45401,train
lap,MAL45402,train
lap,MAL45403,train
lap,MAL45404,train
lap,MAL45406,train
lap,MAL45407,train
lap,MAL45408,test
lap,MAL45409,train
lap,MAL45410,train
lap,MAL45411,train
lap,MAL45412,train
lap,MAL45413,train
lap,MAL45415,train
lap,MAL45416,train
lap,MAL45417,train
lap,MAL45418,train
lap,MAL45425,validation
lap,MAL45428,train
lap,MAL45430,train
lap,MAL45431,train
lap,MAL45432,validation
lap,MAL45433,train
lap,MAL45434,train
lap,MAL45435,train
lap,MAL45436,train
lap,MAL45437,train
lap,MAL45438,train
lap,MAL45439,train
lap,MAL45440,validation
lap,MAL45441,train
lap,MAL45443,validation
lap,MAL45444,validation
lap,MAL45445,test
lap,MAL45447,validation
lap,MAL45448,train
lap,MAL45449,train
lap,MAL45451,train
lap,MAL45452,validation
lap,MAL45453,train
lap,MAL45454,train
lap,MAL45455,train
lap,MAL45456,train
lap,MAL45458,train
lap,MAL45459,test
lap,MAL45460,validation
lap,MAL45461,train
lap,MAL45462,train
lap,MAL45463,train
lap,MAL45464,train
lap,MAL45465,train
lap,MAL45466,validation
lap,MAL45467,train
lap,MAL45468,train
lap,MAL45469,train
lap,MAL45470,train
lap,MAL45471,train
lap,MAL45472,train
lap,MAL45473,train
lap,MAL45474,test
lap,MAL45475,validation
lap,MAL45476,train
lap,MAL45479,train
lap,MAL45480,validation
lap,MAL45481,train
lap,MAL45482,train
lap,MAL45483,train
lap,MAL45484,train
lap,MAL45485,test
lap,MAL45486,train
lap,MAL45489,train
lap,MAL45490,validation
lap,MAL45492,train
lap,MAL45493,train
lap,MAL45494,train
lap,MAL45495,test
lap,MAL45496,train
lap,MAL45497,train
lap,MAL45498,train
lap,MAL45499,train
lap,MAL45500,train
lap,MAL45501,train
lap,MAL45502,train
lap,MAL45503,test
lap,MAL45507,train
lap,MAL45508,train
lap,MAL45509,test
lap,MAL45510,validation
lap,MAL45511,test
lap,MAL45512,validation
lap,MAL45513,train
lap,MAL45517,validation
lap,MAL45518,train
lap,MAL45519,train
lap,MAL45520,train
lap,MAL45522,test
lap,MAL45523,train
lap,MAL45524,train
lap,MAL45525,train
lap,MAL45526,train
lap,MAL45527,train
lap,MAL45528,test
lap,MAL45529,train
lap,MAL45530,train
lap,MAL45531,validation
lap,MAL45532,train
lap,MAL45533,train
lap,MAL45534,test
lap,MAL45535,train
lap,MAL45536,test
lap,MAL45537,validation
lap,MAL45538,train
lap,MAL45539,train
lap,MAL45540,train
lap,MAL45541,train
lap,MAL45543,train
lap,MAL45545,train
lap,MAL45547,train
lap,MAL45548,test
lap,MAL45549,train
lap,MAL45551,train
lap,MAL45552,train
lap,MAL45556,train
lap,MAL45557,validation
lap,MAL45558,test
lap,MAL45560,validation
lap,MAL45567,train
lap,MAL45571,train
lap,MAL45572,train
lap,MAL45576,train
lap,MAL45577,test
lap,MAL45582,train
lap,MAL45583,test
lap,MAL45584,train
lap,MAL45585,train
lap,MAL45587,train
lap,MAL45595,train
lap,MAL45598,train
lap,MAL45599,train
lap,MAL45600,train
lap,MAL45604,train
lap,MAL45605,train
lap,MAL45607,validation
lap,MAL45611,test
lap,MAL45612,test
lap,MAL45613,validation
lap,MAL45615,train
lap,MAL45618,train
lap,MAL45620,train
lap,MAL45626,train
lap,MAL45627,test
lap,MAL45643,train
lap,MAL45645,train
lap,MAL45649,train
lap,MAL45653,train
lap,MAL45654,train
lap,MAL45658,train
lap,MAL45660,train
lap,MAL45661,validation
lap,MAL45662,train
lap,MAL45664,train
lap,MAL45665,train
lap,MAL45667,test
lap,MAL45668,train
lap,MAL45676,train
lap,MAL45677,train
lap,MAL45678,train
lap,MAL45679,train
lap,MAL45681,train
lap,MAL45682,train
lap,MAL45683,train
lap,MAL45684,train
lap,MAL45685,train
lap,MAL45686,test
lap,MAL45687,train
lap,MAL45688,train
lap,MAL45689,test
lap,MAL45690,validation
lap,MAL45691,train
lap,MAL45692,test
lap,MAL45693,validation
lap,MAL45694,train
lap,MAL45695,train
lap,MAL45696,train
lap,MAL45697,train
lap,MAL45698,train
lap,MAL45699,train
lap,MAL45700,test
lap,MAL45702,train
lap,MAL45703,train
lap,MAL45704,train
lap,MAL45705,test
lap,MAL45706,train
lap,MAL45707,train
lap,MAL45708,validation
lap,MAL45709,train
lap,MAL45710,train
lap,MAL45712,test
lap,MAL45713,train
lap,MAL45716,train
lap,MAL45717,train
lap,MAL45718,train
lap,MAL45719,train
lap,MAL45720,train
lap,MAL45721,train
lap,MAL45722,test
lap,MAL45723,train
lap,MAL45724,validation
lap,MAL45726,train
lap,MAL45727,train
lap,MAL45728,validation
lap,MAL45729,validation
lap,MAL45730,train
lap,MAL45731,validation
lap,MAL45733,test
lap,MAL45734,test
lap,MAL45735,train
lap,MAL45736,train
lap,MAL45737,train
lap,MAL45738,test
lap,MAL45739,train
lap,MAL45740,test
lap,MAL45741,validation
lap,MAL45742,train
lap,MAL45743,train
lap,MAL45744,train
lap,MAL45746,train
lap,MAL45747,train
lap,MAL45748,train
lap,MAL45749,validation
lap,MAL45751,train
lap,MAL45753,train
lap,MAL45754,train
lap,MAL45755,train
lap,MAL45756,train
lap,MAL45757,validation
lap,MAL45758,train
lap,MAL45759,train
lap,MAL45760,train
lap,MAL45761,validation
lap,MAL45762,train
lap,MAL45763,train
lap,MAL45764,validation
lap,MAL45765,train
lap,MAL45766,train
lap,MAL45768,validation
lap,MAL45769,train
lap,MAL45770,train
lap,MAL45773,test
lap,MAL45774,train
lap,MAL45776,train
lap,MAL45780,train
lap,MAL45781,validation
lap,MAL45782,train
lap,MAL45783,test
lap,MAL45784,test
lap,MAL45785,train
lap,MAL45786,train
lap,MAL45788,train
lap,MAL45790,test
lap,MAL45793,train
lap,MAL45794,train
lap,MAL45795,train
lap,MAL45796,train
lap,MAL45797,train
lap,MAL45799,test
lap,MAL45800,train
lap,MAL45801,train
lap,MAL45802,train
lap,MAL45805,validation
lap,MAL45810,train
lap,MAL45811,train
lap,MAL45812,train
lap,MAL45815,test
lap,MAL45816,train
lap,MAL45818,validation
lap,MAL45820,train
lap,MAL45821,train
lap,MAL45822,test
lap,MAL45823,train
lap,MAL45824,validation
lap,MAL45825,train
lap,MAL45826,train
lap,MAL45827,train
lap,MAL45828,validation
lap,MAL45829,train
lap,MAL45830,train
lap,MAL45831,validation
lap,MAL45832,test
lap,MAL45833,train
lap,MAL45834,train
lap,MAL45835,train
lap,MAL45837,train
lap,MAL45838,train
lap,MAL45839,train
lap,MAL45843,train
lap,MAL45844,train
lap,MAL45845,train
lap,MAL45846,train
lap,MAL45847,train
lap,MAL45848,train
lap,MAL45850,test
lap,MAL45851,train
lap,MAL45852,test
lap,MAL45853,validation
lap,MAL45854,train
lap,MAL45855,test
lap,MAL45856,train
lap,MAL45857,train
lap,MAL45858,test
lap,MAL45860,test
lap,MAL45861,train
lap,MAL45862,train
lap,MAL45866,train
lap,MAL45868,train
lap,MAL45869,test
lap,MAL45870,test
lap,MAL45871,train
lap,MAL45872,validation
lap,MAL45874,train
lap,MAL45876,train
lap,MAL45878,train
lap,MAL45879,test
lap,MAL45881,train
lap,MAL45882,train
lap,MAL45883,train
lap,MAL45884,train
lap,MAL45886,train
lap,MAL45889,train
lap,MAL45891,train
lap,MAL45892,train
lap,MAL45893,train
lap,MAL45894,train
lap,MAL45895,train
lap,MAL45897,test
lap,MAL45898,train
lap,MAL45899,test
lap,MAL45900,test
lap,MAL45901,test
lap,MAL45903,train
lap,MAL45904,test
lap,MAL45905,test
lap,MAL45906,train
lap,MAL45907,train
lap,MAL45908,train
lap,MAL45909,test
lap,MAL45911,train
lap,MAL45912,train
lap,MAL45914,train
lap,MAL45915,train
lap,MAL45916,train
lap,MAL45919,train
lap,MAL45920,train
lap,MAL45921,train
lap,MAL45922,train
lap,MAL45924,validation
lap,MAL45925,train
lap,MAL45926,train
lap,MAL45927,test
lap,MAL45928,train
lap,MAL45929,train
lap,MAL45930,test
lap,MAL45931,train
lap,MAL45932,train
lap,MAL45934,train
lap,MAL45935,train
lap,MAL45938,train
lap,MAL45941,train
lap,MAL45944,train
lap,MAL45945,validation
lap,MAL45946,train
lap,MAL45948,train
lap,MAL45952,test
lap,MAL45953,train
lap,MAL45954,train
lap,MAL45956,train
lap,MAL45957,train
lap,MAL45958,train
lap,MAL45959,train
lap,MAL45960,train
lap,MAL45961,train
lap,MAL45962,train
lap,MAL45963,train
lap,MAL45964,train
lap,MAL45965,train
lap,MAL45966,train
lap,MAL45967,train
lap,MAL45968,test
lap,MAL45969,train
lap,MAL45971,train
lap,MAL45973,train
lap,MAL45974,validation
lap,MAL45975,train
lap,MAL45976,train
lap,MAL45977,train
lap,MAL45978,train
lap,MAL45979,train
lap,MAL45980,train
lap,MAL45981,train
lap,MAL45983,train
lap,MAL45984,validation
lap,MAL45985,test
lap,MAL45986,train
lap,MAL45988,train
lap,MAL45990,train
lap,MAL45991,train
lap,MAL45994,test
lap,MAL45997,test
lap,MAL45998,train
lap,MAL45999,train
lap,MAL46000,train
lap,MAL46003,train
lap,MAL46004,train
lap,MAL46005,validation
lap,MAL46013,train
lap,MAL46016,train
lap,MAL46020,train
lap,MAL46023,train
lap,MAL46024,train
lap,MAL46025,train
lap,MAL46026,train
lap,MAL46027,train
lap,MAL46028,train
lap,MAL46029,train
lap,MAL46030,train
lap,MAL46031,train
lap,MAL46032,train
lap,MAL46033,train
lap,MAL46034,train
lap,MAL46035,validation
lap,MAL46036,train
lap,MAL46037,test
lap,MAL46038,train
lap,MAL46039,train
lap,MAL46041,train
lap,MAL46043,train
lap,MAL46045,train
lap,MAL46046,test
lap,MAL46047,train
lap,MAL46048,validation
lap,MAL46049,train
lap,MAL46050,test
lap,MAL46051,train
lap,MAL46052,test
lap,MAL46053,train
lap,MAL46054,train
lap,MAL46055,test
lap,MAL46056,train
lap,MAL46057,test
lap,MAL46058,train
lap,MAL46059,train
lap,MAL46060,train
lap,MAL46061,train
lap,MAL46063,train
lap,MAL46064,train
lap,MAL46065,train
lap,MAL46066,train
lap,MAL46068,train
lap,MAL46070,train
lap,MAL46072,test
lap,MAL46073,train
lap,MAL46074,validation
lap,MAL46075,train
lap,MAL46076,train
lap,MAL46077,train
lap,MAL46078,test
lap,MAL46084,train
lap,MAL46089,validation
lap,MAL46093,test
lap,MAL46095,train
lap,MAL46098,train
lap,MAL46102,train
lap,MAL46116,validation
lap,MAL46117,test
lap,MAL46120,train
lap,MAL46121,train
lap,MAL46123,train
lap,MAL46125,validation
lap,MAL46126,train
lap,MAL46127,train
lap,MAL46128,test
lap,MAL46129,train
lap,MAL46130,train
lap,MAL46131,train
lap,MAL46132,train
lap,MAL46133,train
lap,MAL46134,train
lap,MAL46135,test
lap,MAL46136,train
lap,MAL46137,test
lap,MAL46138,train
lap,MAL46139,train
lap,MAL46141,train
lap,MAL46142,validation
lap,MAL46144,test
lap,MAL46145,test
lap,MAL46146,validation
lap,MAL46148,train
lap,MAL46150,test
lap,MAL46151,train
lap,MAL46152,train
lap,MAL46153,train
lap,MAL46154,train
lap,MAL46156,test
lap,MAL46157,test
lap,MAL46159,train
lap,MAL46162,train
lap,MAL46164,test
lap,MAL46165,train
lap,MAL46167,train
lap,MAL46168,validation
lap,MAL46169,test
lap,MAL46172,validation
lap,MAL46173,train
lap,MAL46175,train
lap,MAL46176,validation
lap,MAL46178,train
lap,MAL46179,train
lap,MAL46180,train
lap,MAL46182,train
lap,MAL46183,test
lap,MAL46185,train
lap,MAL46189,train
lap,MAL46190,train
lap,MAL46191,train
lap,MAL46201,train
lap,MAL46203,train
lap,MAL46204,train
lap,MAL46205,train
lap,MAL46207,validation
lap,MAL46209,train
lap,MAL46210,train
lap,MAL46211,train
lap,MAL46212,train
lap,MAL46213,test
lap,MAL46214,test
lap,MAL46216,train
lap,MAL46217,train
lap,MAL46218,train
lap,MAL46220,test
lap,MAL46221,train
lap,MAL46223,train
lap,MAL46224,train
lap,MAL46225,train
lap,MAL46227,train
lap,MAL46228,train
lap,MAL46229,test
lap,MAL46230,train
lap,MAL46231,train
lap,MAL46232,train
lap,MAL46233,train
lap,MAL46236,train
lap,MAL46237,train
lap,MAL46239,train
lap,MAL46240,validation
lap,MAL46241,train
lap,MAL46243,train
lap,MAL46244,train
lap,MAL46246,train
lap,MAL46247,validation
lap,MAL46249,train
lap,MAL46250,test
lap,MAL46252,train
lap,MAL46253,train
lap,MAL46254,train
lap,MAL46255,validation
lap,MAL46256,train
lap,MAL46257,train
lap,MAL46258,test
lap,MAL46259,train
lap,MAL46260,test
lap,MAL46261,train
lap,MAL46263,train
lap,MAL46264,train
lap,MAL46265,train
lap,MAL46268,train
lap,MAL46269,train
lap,MAL46270,train
lap,MAL46271,test
lap,MAL46273,validation
lap,MAL46274,train
lap,MAL46275,test
lap,MAL46276,train
lap,MAL46277,train
lap,MAL46278,train
lap,MAL46279,test
lap,MAL46280,train
lap,MAL46281,train
lap,MAL46283,test
lap,MAL46284,test
lap,MAL46285,train
lap,MAL46286,train
lap,MAL46288,train
lap,MAL46289,train
lap,MAL46290,train
lap,MAL46291,test
lap,MAL46293,test
lap,MAL46295,train
lap,MAL46296,train
lap,MAL46297,test
lap,MAL46298,validation
lap,MAL46299,validation
lap,MAL46301,train
lap,MAL46302,train
lap,MAL46304,validation
lap,MAL46305,train
lap,MAL46307,train
lap,MAL46309,train
lap,MAL46310,train
lap,MAL46311,test
lap,MAL46312,train
lap,MAL46313,train
lap,MAL46314,train
lap,MAL46315,validation
lap,MAL46316,train
lap,MAL46318,train
lap,MAL46319,train
lap,MAL46320,train
lap,MAL46322,test
lap,MAL46324,train
lap,MAL46325,train
lap,MAL46328,validation
lap,MAL46329,train
lap,MAL46330,train
lap,MAL46331,train
lap,MAL46332,train
lap,MAL46334,train
lap,MAL46336,train
lap,MAL46339,train
lap,MAL46340,train
lap,MAL46341,validation
lap,MAL46343,train
lap,MAL46344,train
lap,MAL46345,train
lap,MAL46346,train
lap,MAL46347,train
lap,MAL46348,train
lap,MAL46350,train
lap,MAL46351,train
lap,MAL46352,train
lap,MAL46353,train
lap,MAL46354,train
lap,MAL46356,train
lap,MAL46359,train
lap,MAL46360,train
lap,MAL46361,train
lap,MAL46362,train
lap,MAL46363,train
lap,MAL46364,train
lap,MAL46365,train
lap,MAL46366,validation
lap,MAL46367,test
lap,MAL46368,train
lap,MAL46369,test
lap,MAL46370,train
lap,MAL46371,train
lap,MAL46372,train
lap,MAL46373,train
lap,MAL46374,test
lap,MAL46375,train
lap,MAL46376,train
lap,MAL46378,train
lap,MAL46380,train
lap,MAL46381,train
lap,MAL46384,train
lap,MAL46385,train
lap,MAL46386,train
lap,MAL46387,train
lap,MAL46388,train
lap,MAL46389,validation
lap,MAL46390,train
lap,MAL46391,train
lap,MAL46392,validation
lap,MAL46393,train
lap,MAL46395,train
lap,MAL46396,train
lap,MAL46397,train
lap,MAL46399,train
lap,MAL46400,validation
lap,MAL46401,train
lap,MAL46402,train
lap,MAL46403,test
lap,MAL46404,test
lap,MAL46405,test
lap,MAL46406,train
lap,MAL46407,train
lap,MAL46408,train
lap,MAL46409,train
lap,MAL46410,train
lap,MAL46411,train
lap,MAL46413,test
lap,MAL46414,validation
lap,MAL46420,train
lap,MAL46422,train
lap,MAL46423,validation
lap,MAL46424,train
lap,MAL46425,test
lap,MAL46426,train
lap,MAL46427,train
lap,MAL46429,train
lap,MAL46430,validation
lap,MAL46431,train
lap,MAL46432,train
lap,MAL46433,test
lap,MAL46434,train
lap,MAL46435,train
lap,MAL46436,train
lap,MAL46437,train
lap,MAL46440,train
lap,MAL46441,train
lap,MAL46442,train
lap,MAL46445,train
lap,MAL46446,train
lap,MAL46447,train
lap,MAL46448,train
lap,MAL46449,validation
lap,MAL46450,test
lap,MAL46452,train
lap,MAL46453,train
lap,MAL46456,test
lap,MAL46457,train
lap,MAL46458,train
lap,MAL46460,validation
lap,MAL46461,test
lap,MAL46462,test
lap,MAL46463,test
lap,MAL46464,train
lap,MAL46467,train
lap,MAL46468,train
lap,MAL46469,train
lap,MAL46471,train
lap,MAL46472,test
lap,MAL46474,train
lap,MAL46475,train
lap,MAL46479,train
lap,MAL46485,train
lap,MAL46488,validation
lap,MAL46491,test
lap,MAL46494,train
lap,MAL46495,train
lap,MAL46496,train
lap,MAL46499,train
lap,MAL46500,train
lap,MAL46501,train
lap,MAL46502,train
lap,MAL46503,train
lap,MAL46504,train
lap,MAL46505,train
lap,MAL46506,train
lap,MAL46507,train
lap,MAL46509,train
lap,MAL46510,test
lap,MAL46511,train
lap,MAL46512,train
lap,MAL46513,test
lap,MAL46514,train
lap,MAL46519,train
lap,MAL46520,train
lap,MAL46521,train
lap,MAL46522,test
lap,MAL46524,train
lap,MAL46525,train
lap,MAL46526,train
lap,MAL46527,validation
lap,MAL46528,test
lap,MAL46529,train
lap,MAL46530,train
lap,MAL46531,train
lap,MAL46532,train
lap,MAL46535,test
lap,MAL46536,train
lap,MAL46537,validation
lap,MAL46539,test
lap,MAL46540,validation
lap,MAL46541,test
lap,MAL46542,train
lap,MAL46547,test
lap,MAL46548,validation
lap,MAL46549,train
lap,MAL46553,train
lap,MAL46554,train
lap,MAL46555,train
lap,MAL46556,validation
lap,MAL46557,train
lap,MAL46559,validation
lap,MAL46560,train
lap,MAL46561,train
lap,MAL46562,train
lap,MAL46563,train
lap,MAL46564,test
lap,MAL46565,test
lap,MAL46566,train
lap,MAL46567,train
lap,MAL46569,train
lap,MAL46570,train
lap,MAL46571,train
lap,MAL46573,train
lap,MAL46576,train
lap,MAL46577,train
lap,MAL46578,train
lap,MAL46579,train
lap,MAL46580,train
lap,MAL46582,test
lap,MAL46583,train
lap,MAL46584,train
lap,MAL46587,train
lap,MAL46588,train
lap,MAL46590,train
lap,MAL46591,train
lap,MAL46592,test
lap,MAL46594,test
lap,MAL46595,validation
lap,MAL46596,train
lap,MAL46597,train
lap,MAL46599,train
lap,MAL46600,train
lap,MAL46601,test
lap,MAL46602,test
lap,MAL46603,train
lap,MAL46604,train
lap,MAL46615,train
lap,MAL46616,validation
lap,MAL46619,train
lap,MAL46620,train
lap,MAL46621,train
lap,MAL46623,train
lap,MAL46625,train
lap,MAL46626,train
lap,MAL46627,train
lap,MAL46630,test
lap,MAL46633,train
lap,MAL46634,train
lap,MAL46635,train
lap,MAL46636,train
lap,MAL46637,train
lap,MAL46638,train
lap,MAL46639,train
lap,MAL46640,train
lap,MAL46641,train
lap,MAL46643,train
lap,MAL46644,train
lap,MAL46646,train
lap,MAL46650,train
lap,MAL46652,train
lap,MAL46654,validation
lap,MAL46657,train
lap,MAL46658,train
lap,MAL46659,train
lap,MAL46661,train
lap,MAL46662,train
lap,MAL46663,train
lap,MAL46665,test
lap,MAL46666,train
lap,MAL46667,test
lap,MAL46673,train
lap,MAL46674,train
lap,MAL46675,train
lap,MAL46676,train
lap,MAL46677,test
lap,MAL46678,train
lap,MAL46683,validation
lap,MAL46687,validation
lap,MAL46688,train
lap,MAL46689,train
lap,MAL46690,train
lap,MAL46691,train
lap,MAL46692,test
lap,MAL46693,train
lap,MAL46694,test
lap,MAL46695,train
lap,MAL46698,train
lap,MAL46699,train
lap,MAL46700,train
lap,MAL46701,test
lap,MAL46703,train
lap,MAL46704,train
lap,MAL46705,train
lap,MAL46706,train
lap,MAL46707,train
lap,MAL46709,validation
lap,MAL46710,test
lap,MAL46711,train
lap,MAL46712,train
lap,MAL46713,train
lap,MAL46714,train
lap,MAL46716,train
lap,MAL46717,train
lap,MAL46718,test
lap,MAL46719,train
lap,MAL46721,train
lap,MAL46722,train
lap,MAL46723,train
lap,MAL46724,train
lap,MAL46725,train
lap,MAL46727,test
lap,MAL46728,train
lap,MAL46729,train
lap,MAL46731,train
lap,MAL46735,train
lap,MAL46736,train
lap,MAL46737,train
lap,MAL46738,train
lap,MAL46740,validation
lap,MAL46741,train
lap,MAL46742,train
lap,MAL46743,train
lap,MAL46744,train
lap,MAL46745,train
lap,MAL46746,train
lap,MAL46747,train
lap,MAL46748,test
lap,MAL46749,train
lap,MAL46750,train
lap,MAL46751,train
lap,MAL46752,test
lap,MAL46753,train
lap,MAL46754,train
lap,MAL46755,validation
lap,MAL46756,train
lap,MAL46757,validation
lap,MAL46758,test
lap,MAL46759,train
lap,MAL46760,train
lap,MAL46761,train
lap,MAL46764,train
lap,MAL46765,test
lap,MAL46766,train
lap,MAL46767,train
lap,MAL46769,train
lap,MAL46770,train
lap,MAL46771,train
lap,MAL46772,train
lap,MAL46773,train
lap,MAL46784,train
lap,MAL46785,train
lap,MAL46786,train
lap,MAL46787,train
lap,MAL46788,train
lap,MAL46789,train
lap,MAL46790,train
lap,MAL46793,train
lap,MAL46794,test
lap,MAL46795,train
lap,MAL46796,train
lap,MAL46797,train
lap,MAL46806,train
lap,MAL46807,test
lap,MAL46808,train
lap,MAL46810,test
lap,MAL46811,train
lap,MAL46817,train
lap,MAL46821,train
lap,MAL46823,train
lap,MAL46827,test
lap,MAL46830,train
lap,MAL46831,validation
lap,MAL46832,train
lap,MAL46834,train
lap,MAL46835,train
lap,MAL46837,train
lap,MAL46843,train
lap,MAL46844,validation
lap,MAL46846,train
lap,MAL46848,train
lap,MAL46853,train
lap,MAL46854,test
lap,MAL46855,train
lap,MAL46856,train
lap,MAL46857,train
lap,MAL46858,train
lap,MAL46859,train
lap,MAL46860,train
lap,MAL46861,train
lap,MAL46862,train
lap,MAL46864,train
lap,MAL46865,train
lap,MAL46866,train
lap,MAL46867,test
lap,MAL46868,test
lap,MAL46869,train
lap,MAL46870,train
lap,MAL46871,train
lap,MAL46872,train
lap,MAL46873,train
lap,MAL46876,train
lap,MAL46879,train
lap,MAL46880,train
lap,MAL46882,test
lap,MAL46886,test
lap,MAL46888,train
lap,MAL46889,train
lap,MAL46890,train
lap,MAL46892,train
lap,MAL46896,test
lap,MAL46897,test
lap,MAL46898,train
lap,MAL46902,train
lap,MAL46903,train
lap,MAL46904,train
lap,MAL46907,train
lap,MAL46909,validation
lap,MAL46910,train
lap,MAL46912,train
lap,MAL46913,train
lap,MAL46914,test
lap,MAL46915,train
lap,MAL46916,train
lap,MAL46917,train
lap,MAL46918,train
lap,MAL46919,train
lap,MAL46920,train
lap,MAL46921,train
lap,MAL46924,train
lap,MAL46925,validation
lap,MAL46926,train
lap,MAL46927,train
lap,MAL46928,train
lap,MAL46929,train
lap,MAL46930,train
lap,MAL46931,train
lap,MAL46932,train
lap,MAL46933,train
lap,MAL46934,test
lap,MAL46935,train
lap,MAL46936,validation
lap,MAL46937,validation
lap,MAL46938,test
lap,MAL46939,train
lap,MAL46940,train
lap,MAL46942,train
lap,MAL46943,validation
lap,MAL46944,train
lap,MAL46947,train
lap,MAL46949,train
lap,MAL46950,train
lap,MAL46951,train
lap,MAL46952,train
lap,MAL46953,test
lap,MAL46954,train
lap,MAL46955,train
lap,MAL46956,train
lap,MAL46958,train
lap,MAL46959,train
lap,MAL46962,train
lap,MAL46963,train
lap,MAL46965,train
lap,MAL46966,train
lap,MAL46967,test
lap,MAL46968,train
lap,MAL46969,train
lap,MAL46973,test
lap,MAL46978,train
lap,MAL46985,validation
lap,MAL46990,train
lap,MAL46991,train
lap,MAL46992,train
lap,MAL46993,test
lap,MAL46994,train
lap,MAL46996,train
lap,MAL46997,validation
lap,MAL46998,train
lap,MAL46999,train
lap,MAL47001,train
lap,MAL47002,train
lap,MAL47003,train
lap,MAL47005,train
lap,MAL47007,test
lap,MAL47008,train
lap,MAL47009,train
lap,MAL47010,train
lap,MAL47011,train
lap,MAL47012,train
lap,MAL47013,train
lap,MAL47015,train
lap,MAL47017,validation
lap,MAL47018,train
lap,MAL47019,train
lap,MAL47021,train
lap,MAL47022,train
lap,MAL47023,train
lap,MAL47024,test
lap,MAL47025,train
lap,MAL47029,test
lap,MAL47030,train
lap,MAL47034,train
lap,MAL47036,train
lap,MAL47037,train
lap,MAL47044,train
lap,MAL47055,test
lap,MAL47056,train
lap,MAL47058,test
lap,MAL47060,train
lap,MAL47061,train
lap,MAL47063,validation
lap,MAL47065,train
lap,MAL47066,test
lap,MAL47067,train
lap,MAL47068,train
lap,MAL47070,train
lap,MAL47072,train
lap,MAL47073,train
lap,MAL47074,validation
lap,MAL47076,test
lap,MAL47077,train
lap,MAL47078,train
lap,MAL47079,train
lap,MAL47082,train
lap,MAL47083,test
lap,MAL47084,train
lap,MAL47085,train
lap,MAL47086,train
lap,MAL47088,train
lap,MAL47089,train
lap,MAL47091,train
lap,MAL47092,test
lap,MAL47094,train
lap,MAL47097,test
lap,MAL47101,train
lap,MAL47103,train
lap,MAL47104,validation
lap,MAL47105,train
lap,MAL47106,test
lap,MAL47109,train
lap,MAL47110,train
lap,MAL47111,validation
lap,MAL47112,train
lap,MAL47113,train
lap,MAL47114,test
lap,MAL47115,validation
lap,MAL47116,train
lap,MAL47117,validation
lap,MAL47118,train
lap,MAL47119,train
lap,MAL47120,train
lap,MAL47121,train
lap,MAL47122,train
lap,MAL47123,test
lap,MAL47124,train
lap,MAL47125,train
lap,MAL47126,train
lap,MAL47127,train
lap,MAL47128,train
lap,MAL47130,train
lap,MAL47131,train
lap,MAL47132,train
lap,MAL47133,train
lap,MAL47136,train
lap,MAL47138,train
lap,MAL47139,test
lap,MAL47140,train
lap,MAL47142,train
lap,MAL47143,train
lap,MAL47145,train
lap,MAL47146,train
lap,MAL47147,train
lap,MAL47149,test
lap,MAL47150,train
lap,MAL47151,test
lap,MAL47152,train
lap,MAL47153,train
lap,MAL47155,test
lap,MAL47156,test
lap,MAL47157,train
lap,MAL47158,train
lap,MAL47159,train
lap,MAL47160,train
lap,MAL47161,train
lap,MAL47162,train
lap,MAL47163,train
lap,MAL47164,train
lap,MAL47169,test
lap,MAL47170,test
lap,MAL47171,train
lap,MAL47172,validation
lap,MAL47173,test
lap,MAL47174,train
lap,MAL47178,train
lap,MAL47181,train
lap,MAL47182,train
lap,MAL47183,train
lap,MAL47184,train
lap,MAL47185,train
lap,MAL47186,train
lap,MAL47187,train
lap,MAL47188,train
lap,MAL47190,train
lap,MAL47191,train
lap,MAL47193,train
lap,MAL47194,test
lap,MAL47199,train
lap,MAL47200,train
lap,MAL47201,train
lap,MAL47202,train
lap,MAL47203,test
lap,MAL47206,train
lap,MAL47208,train
lap,MAL47210,train
lap,MAL47211,test
lap,MAL47212,train
lap,MAL47213,validation
lap,MAL47214,train
lap,MAL47215,train
lap,MAL47217,test
lap,MAL47218,train
lap,MAL47219,test
lap,MAL47225,train
lap,MAL47226,test
lap,MAL47227,train
lap,MAL47228,train
lap,MAL47231,train
lap,MAL47234,validation
lap,MAL47235,train
lap,MAL47236,test
lap,MAL47237,train
lap,MAL47239,validation
lap,MAL47240,train
lap,MAL47241,train
lap,MAL47243,train
lap,MAL47244,train
lap,MAL47245,validation
lap,MAL47246,train
lap,MAL47247,validation
lap,MAL47248,test
lap,MAL47249,train
lap,MAL47250,validation
lap,MAL47251,train
lap,MAL47254,train
lap,MAL47257,train
lap,MAL47258,train
lap,MAL47259,train
lap,MAL47264,train
lap,MAL47265,validation
lap,MAL47267,validation
lap,MAL47270,train
lap,MAL47272,train
lap,MAL47274,train
lap,MAL47275,train
lap,MAL47276,train
lap,MAL47277,test
lap,MAL47278,test
lap,MAL47279,train
lap,MAL47280,train
lap,MAL47281,train
lap,MAL47282,train
lap,MAL47283,train
lap,MAL47284,test
lap,MAL47285,train
lap,MAL47286,train
lap,MAL47287,train
lap,MAL47288,train
lap,MAL47289,train
lap,MAL47290,train
lap,MAL47291,train
lap,MAL47292,train
lap,MAL47293,train
lap,MAL47294,train
lap,MAL47296,train
lap,MAL47297,train
lap,MAL47298,test
lap,MAL47300,test
lap,MAL47301,train
lap,MAL47302,train
lap,MAL47303,train
lap,MAL47304,train
lap,MAL47314,train
lap,MAL47315,validation
lap,MAL47317,train
lap,MAL47318,train
lap,MAL47319,train
lap,MAL47320,train
lap,MAL47321,validation
lap,MAL47322,train
lap,MAL47323,train
lap,MAL47324,train
lap,MAL47325,validation
lap,MAL47326,train
lap,MAL47327,train
lap,MAL47328,train
lap,MAL47329,train
lap,MAL47330,train
lap,MAL47331,train
lap,MAL47332,train
lap,MAL47333,test
lap,MAL47334,train
lap,MAL47335,train
lap,MAL47336,train
lap,MAL47337,train
lap,MAL47338,train
lap,MAL47339,test
lap,MAL47340,validation
lap,MAL47342,train
lap,MAL47343,train
lap,MAL47344,train
lap,MAL47345,train
lap,MAL47347,train
lap,MAL47348,test
lap,MAL47349,train
lap,MAL47351,train
lap,MAL47352,train
lap,MAL47353,train
lap,MAL47355,train
lap,MAL47356,train
lap,MAL47358,train
lap,MAL47360,test
lap,MAL47361,train
lap,MAL47362,test
lap,MAL47366,train
lap,MAL47367,train
lap,MAL47368,train
lap,MAL47369,train
lap,MAL47370,validation
lap,MAL47371,validation
lap,MAL47373,train
lap,MAL47374,train
lap,MAL47375,train
lap,MAL47378,train
lap,MAL47379,train
lap,MAL47380,train
lap,MAL47381,train
lap,MAL47382,test
lap,MAL47383,test
lap,MAL47384,train
lap,MAL47385,train
lap,MAL47386,train
lap,MAL47391,train
lap,MAL47392,train
lap,MAL47394,test
lap,MAL47398,train
lap,MAL47402,train
lap,MAL47403,train
lap,MAL47405,train
lap,MAL47409,test
lap,MAL47410,validation
lap,MAL47413,train
lap,MAL47418,train
lap,MAL47425,train
lap,MAL47428,train
lap,MAL47430,train
lap,MAL47436,train
lap,MAL47438,train
lap,MAL47441,train
lap,MAL47442,train
lap,MAL47443,train
lap,MAL47445,train
lap,MAL47446,train
lap,MAL47447,train
lap,MAL47448,validation
lap,MAL47449,train
lap,MAL47450,train
lap,MAL47451,train
lap,MAL47452,train
lap,MAL47453,train
lap,MAL47454,train
lap,MAL47455,train
lap,MAL47456,train
lap,MAL47457,train
lap,MAL47458,validation
lap,MAL47459,train
lap,MAL47460,train
lap,MAL47462,train
lap,MAL47464,train
lap,MAL47465,train
lap,MAL47466,train
lap,MAL47468,test
lap,MAL47469,train
lap,MAL47470,train
lap,MAL47471,train
lap,MAL47472,train
lap,MAL47473,test
lap,MAL47474,train
lap,MAL47475,validation
lap,MAL47476,train
lap,MAL47477,train
lap,MAL47480,test
lap,MAL47484,train
lap,MAL47485,test
lap,MAL47486,test
lap,MAL47487,train
lap,MAL47488,train
lap,MAL47489,train
lap,MAL47490,train
lap,MAL47491,train
lap,MAL47492,train
lap,MAL47494,train
lap,MAL47495,test
lap,MAL47496,train
lap,MAL47497,train
lap,MAL47498,train
lap,MAL47501,train
lap,MAL47503,validation
lap,MAL47505,test
lap,MAL47506,train
lap,MAL47507,validation
lap,MAL47509,validation
lap,MAL47510,train
lap,MAL47511,validation
lap,MAL47512,train
lap,MAL47513,train
lap,MAL47514,validation
lap,MAL47515,train
lap,MAL47516,test
lap,MAL47517,train
lap,MAL47518,validation
lap,MAL47519,validation
lap,MAL47520,train
lap,MAL47521,validation
lap,MAL47522,train
lap,MAL47524,train
lap,MAL47525,train
lap,MAL47526,train
lap,MAL47527,train
lap,MAL47530,train
lap,MAL47532,train
lap,MAL47533,test
lap,MAL47534,train
lap,MAL47535,test
lap,MAL47537,train
lap,MAL47538,train
lap,MAL47541,train
lap,MAL47542,train
lap,MAL47543,train
lap,MAL47544,train
lap,MAL47545,train
lap,MAL47546,validation
lap,MAL47547,test
lap,MAL47548,train
lap,MAL47549,train
lap,MAL47550,train
lap,MAL47551,test
lap,MAL47552,train
lap,MAL47553,train
lap,MAL47554,train
lap,MAL47555,train
lap,MAL47556,train
lap,MAL47557,test
lap,MAL47558,train
lap,MAL47559,test
lap,MAL47560,train
lap,MAL47563,train
lap,MAL47564,train
lap,MAL47565,train
lap,MAL47566,train
lap,MAL47567,validation
lap,MAL47568,train
lap,MAL47569,train
lap,MAL47570,train
lap,MAL47571,test
lap,MAL47572,test
lap,MAL47573,train
lap,MAL47575,train
lap,MAL47576,validation
lap,MAL47577,train
lap,MAL47578,train
lap,MAL47579,train
lap,MAL47580,train
lap,MAL47581,train
lap,MAL47582,train
lap,MAL47583,train
lap,MAL47584,train
lap,MAL47585,train
lap,MAL47587,train
lap,MAL47588,test
lap,MAL47589,train
lap,MAL47590,train
lap,MAL47591,train
lap,MAL47593,train
lap,MAL47594,train
lap,MAL47599,test
lap,MAL47601,train
lap,MAL47603,test
lap,MAL47604,train
lap,MAL47607,train
lap,MAL47608,train
lap,MAL47609,train
lap,MAL47611,train
lap,MAL47612,train
lap,MAL47613,train
lap,MAL47614,train
lap,MAL47618,train
lap,MAL47620,test
lap,MAL47621,validation
lap,MAL47623,train
lap,MAL47626,train
lap,MAL47629,train
lap,MAL47634,validation
lap,MAL47635,train
lap,MAL47638,train
lap,MAL47639,train
lap,MAL47640,train
lap,MAL47642,test
lap,MAL47643,train
lap,MAL47646,validation
lap,MAL47647,train
lap,MAL47648,validation
lap,MAL47649,train
lap,MAL47650,train
lap,MAL47651,train
lap,MAL47653,train
lap,MAL47654,validation
lap,MAL47655,train
lap,MAL47658,train
lap,MAL47662,train
lap,MAL47663,train
lap,MAL47664,train
lap,MAL47665,train
lap,MAL47667,test
lap,MAL47668,train
lap,MAL47669,train
lap,MAL47671,train
lap,MAL47672,test
lap,MAL47673,test
lap,MAL47674,train
lap,MAL47675,train
lap,MAL47676,train
lap,MAL47679,validation
lap,MAL47682,train
lap,MAL47683,test
lap,MAL47684,train
lap,MAL47685,train
lap,MAL47686,train
lap,MAL47687,train
lap,MAL47688,train
lap,MAL47689,train
lap,MAL47690,train
lap,MAL47691,train
lap,MAL47692,train
lap,MAL47693,train
lap,MAL47694,train
lap,MAL47695,train
lap,MAL47696,train
lap,MAL47697,train
lap,MAL47698,test
lap,MAL47701,validation
lap,MAL47702,validation
lap,MAL47703,test
lap,MAL47704,train
lap,MAL47706,train
lap,MAL47707,train
lap,MAL47708,train
lap,MAL47709,train
lap,MAL47711,train
lap,MAL47712,validation
lap,MAL47714,test
lap,MAL47716,train
lap,MAL47717,train
lap,MAL47718,train
lap,MAL47719,train
lap,MAL47720,train
lap,MAL47721,train
lap,MAL47723,train
lap,MAL47728,validation
lap,MAL47729,train
lap,MAL47730,train
lap,MAL47731,train
lap,MAL47732,validation
lap,MAL47734,train
lap,MAL47735,train
lap,MAL47736,train
lap,MAL47739,train
lap,MAL47740,train
lap,MAL47741,train
lap,MAL47744,test
lap,MAL47745,validation
lap,MAL47746,train
lap,MAL47749,train
lap,MAL47750,train
lap,MAL47751,train
lap,MAL47753,train
lap,MAL47754,train
lap,MAL47755,train
lap,MAL47756,train
lap,MAL47757,train
lap,MAL47758,train
lap,MAL47759,train
lap,MAL47760,train
lap,MAL47761,train
lap,MAL47762,test
lap,MAL47763,train
lap,MAL47764,validation
lap,MAL47765,train
lap,MAL47766,train
lap,MAL47767,train
lap,MAL47768,train
lap,MAL47769,train
lap,MAL47770,train
lap,MAL47771,train
lap,MAL47772,test
lap,MAL47773,train
lap,MAL47774,test
lap,MAL47775,train
lap,MAL47776,test
lap,MAL47777,train
lap,MAL47778,test
lap,MAL47787,train
lap,MAL47790,train
lap,MAL47791,test
lap,MAL47792,train
lap,MAL47794,train
lap,MAL47795,train
lap,MAL47797,train
lap,MAL47798,train
lap,MAL47799,train
lap,MAL47800,train
lap,MAL47801,train
lap,MAL47802,train
lap,MAL47803,test
lap,MAL47804,test
lap,MAL47805,train
lap,MAL47806,train
lap,MAL47807,train
lap,MAL47808,train
lap,MAL47809,train
lap,MAL47810,test
lap,MAL47811,train
lap,MAL47812,train
lap,MAL47813,train
lap,MAL47814,train
lap,MAL47815,train
lap,MAL47816,train
lap,MAL47819,train
lap,MAL47820,train
lap,MAL47821,train
lap,MAL47822,train
lap,MAL47823,train
lap,MAL47824,train
lap,MAL47825,train
lap,MAL47826,validation
lap,MAL47827,validation
lap,MAL47828,train
lap,MAL47829,train
lap,MAL47830,train
lap,MAL47831,train
lap,MAL47832,validation
lap,MAL47835,train
lap,MAL47836,test
lap,MAL47837,train
lap,MAL47838,train
lap,MAL47841,validation
lap,MAL47842,train
lap,MAL47845,train
lap,MAL47846,train
lap,MAL47847,train
lap,MAL47848,train
lap,MAL47849,test
lap,MAL47850,train
lap,MAL47851,test
lap,MAL47853,train
lap,MAL47854,train
lap,MAL47855,test
lap,MAL47856,train
lap,MAL47857,train
lap,MAL47858,train
lap,MAL47859,validation
lap,MAL47860,test
lap,MAL47861,train
lap,MAL47862,test
lap,MAL47863,train
lap,MAL47864,train
lap,MAL47865,train
lap,MAL47866,train
lap,MAL47867,train
lap,MAL47868,train
lap,MAL47869,train
lap,MAL47875,train
lap,MAL47876,train
lap,MAL47879,train
lap,MAL47880,train
lap,MAL47884,test
lap,MAL47885,train
lap,MAL47887,train
lap,MAL47888,train
lap,MAL47889,validation
lap,MAL47890,train
lap,MAL47891,train
lap,MAL47892,train
lap,MAL47893,test
lap,MAL47894,validation
lap,MAL47895,validation
lap,MAL47896,train
lap,MAL47898,train
lap,MAL47899,train
lap,MAL47900,test
lap,MAL47902,train
lap,MAL47904,validation
lap,MAL47905,train
lap,MAL47906,train
lap,MAL47907,train
lap,MAL47908,train
lap,MAL47909,test
lap,MAL47910,train
lap,MAL47911,train
lap,MAL47912,train
lap,MAL47913,train
lap,MAL47917,train
lap,MAL47922,validation
lap,MAL47924,train
lap,MAL47925,train
lap,MAL47926,validation
lap,MAL47927,train
lap,MAL47928,validation
lap,MAL47929,train
lap,MAL47930,train
lap,MAL47931,train
lap,MAL47932,train
lap,MAL47933,train
lap,MAL47934,train
lap,MAL47935,train
lap,MAL47936,train
lap,MAL47937,train
lap,MAL47939,train
lap,MAL47940,train
lap,MAL47941,validation
lap,MAL47943,train
lap,MAL47944,train
lap,MAL47945,train
lap,MAL47946,train
lap,MAL47947,train
lap,MAL47948,train
lap,MAL47949,train
lap,MAL47951,test
lap,MAL47952,test
lap,MAL47954,train
lap,MAL47955,validation
lap,MAL47956,train
lap,MAL47957,train
lap,MAL47958,test
lap,MAL47959,train
lap,MAL47960,train
lap,MAL47961,train
lap,MAL47963,validation
lap,MAL47964,train
lap,MAL47965,test
lap,MAL47966,test
lap,MAL47968,train
lap,MAL47969,train
lap,MAL47970,train
lap,MAL47971,train
lap,MAL47972,train
lap,MAL47974,train
lap,MAL47975,validation
lap,MAL47976,train
lap,MAL47977,train
lap,MAL47978,train
lap,MAL47980,train
lap,MAL47981,train
lap,MAL47982,train
lap,MAL47983,train
lap,MAL47985,train
lap,MAL47986,validation
lap,MAL47987,train
lap,MAL47988,train
lap,MAL47989,train
lap,MAL47990,train
lap,MAL47991,test
lap,MAL47992,train
lap,MAL47993,train
lap,MAL47994,train
lap,MAL47996,train
lap,MAL47997,train
lap,MAL47998,train
lap,MAL48000,train
lap,MAL48002,validation
lap,MAL48003,train
lap,MAL48004,test
lap,MAL48005,test
lap,MAL48006,train
lap,MAL48007,test
lap,MAL48008,train
lap,MAL48009,test
lap,MAL48010,train
lap,MAL48011,train
lap,MAL48012,train
lap,MAL48013,test
lap,MAL48014,train
lap,MAL48015,train
lap,MAL48016,train
lap,MAL48017,train
lap,MAL48019,train
lap,MAL48020,train
lap,MAL48021,train
lap,MAL48022,train
lap,MAL48023,train
lap,MAL48024,train
lap,MAL48025,train
lap,MAL48026,train
lap,MAL48027,train
lap,MAL48028,train
lap,MAL48029,train
lap,MAL48030,validation
lap,MAL48031,train
lap,MAL48032,train
lap,MAL48033,train
lap,MAL48034,train
lap,MAL48035,train
lap,MAL48037,validation
lap,MAL48038,validation
lap,MAL48039,train
lap,MAL48040,train
lap,MAL48041,train
lap,MAL48042,train
lap,MAL48043,validation
lap,MAL48044,train
lap,MAL48045,train
lap,MAL48046,validation
lap,MAL48047,train
lap,MAL48048,train
lap,MAL48049,test
lap,MAL48050,train
lap,MAL48051,train
lap,MAL48053,train
lap,MAL48054,train
lap,MAL48055,train
lap,MAL48056,train
lap,MAL48057,train
lap,MAL48058,train
lap,MAL48059,validation
lap,MAL48061,train
lap,MAL48062,test
lap,MAL48063,train
lap,MAL48064,train
lap,MAL48065,train
lap,MAL48066,validation
lap,MAL48067,train
lap,MAL48068,train
lap,MAL48069,test
lap,MAL48070,train
lap,MAL48071,train
lap,MAL48072,train
lap,MAL48073,train
lap,MAL48074,train
lap,MAL48076,train
lap,MAL48077,train
lap,MAL48078,train
lap,MAL48079,train
lap,MAL48080,train
lap,MAL48081,train
lap,MAL48082,train
lap,MAL48083,train
lap,MAL48084,train
lap,MAL48085,train
lap,MAL48086,test
lap,MAL48087,train
lap,MAL48088,train
lap,MAL48089,train
lap,MAL48090,train
lap,MAL48091,train
lap,MAL48092,train
lap,MAL48093,test
lap,MAL48094,train
lap,MAL48096,train
lap,MAL48097,validation
lap,MAL48100,train
lap,MAL48101,train
lap,MAL48102,train
lap,MAL48104,train
lap,MAL48105,train
lap,MAL48107,train
lap,MAL48109,train
lap,MAL48110,train
lap,MAL48111,train
lap,MAL48112,test
lap,MAL48113,train
lap,MAL48114,train
lap,MAL48115,train
lap,MAL48116,train
lap,MAL48117,train
lap,MAL48118,train
lap,MAL48120,train
lap,MAL48121,train
lap,MAL48123,train
lap,MAL48125,train
lap,MAL48126,validation
lap,MAL48128,train
lap,MAL48129,train
lap,MAL48130,train
lap,MAL48133,train
lap,MAL48134,train
lap,MAL48135,train
lap,MAL48137,train
lap,MAL48141,train
lap,MAL48142,train
lap,MAL48143,train
lap,MAL48144,train
lap,MAL48145,test
lap,MAL48148,train
lap,MAL48149,train
lap,MAL48151,train
lap,MAL48153,train
lap,MAL48154,train
lap,MAL48155,train
lap,MAL48156,train
lap,MAL48157,test
lap,MAL48159,train
lap,MAL48160,validation
lap,MAL48161,train
lap,MAL48163,train
lap,MAL48164,train
lap,MAL48165,train
lap,MAL48166,validation
lap,MAL48169,train
lap,MAL48171,validation
lap,MAL48172,train
lap,MAL48174,train
lap,MAL48175,validation
lap,MAL48177,train
lap,MAL48178,train
lap,MAL48183,train
lap,MAL48187,train
lap,MAL48189,train
lap,MAL48190,train
lap,MAL48192,train
lap,MAL48193,test
lap,MAL48195,test
lap,MAL48197,train
lap,MAL48198,train
lap,MAL48200,validation
lap,MAL48202,train
lap,MAL48203,train
lap,MAL48206,train
lap,MAL48207,train
lap,MAL48208,train
lap,MAL48209,train
lap,MAL48210,train
lap,MAL48211,train
lap,MAL48212,test
lap,MAL48213,test
lap,MAL48214,train
lap,MAL48215,train
lap,MAL48216,train
lap,MAL48217,train
lap,MAL48218,train
lap,MAL48219,train
lap,MAL48220,train
lap,MAL48221,test
lap,MAL48223,train
lap,MAL48224,train
lap,MAL48225,train
lap,MAL48226,train
lap,MAL48227,train
lap,MAL48228,train
lap,MAL48229,train
lap,MAL48231,train
lap,MAL48235,test
lap,MAL48238,train
lap,MAL48239,train
lap,MAL48240,train
lap,MAL48241,train
lap,MAL48242,test
lap,MAL48245,train
lap,MAL48250,train
lap,MAL48251,train
lap,MAL48252,train
lap,MAL48253,train
lap,MAL48254,train
lap,MAL48255,train
lap,MAL48256,train
lap,MAL48257,train
lap,MAL48258,train
lap,MAL48259,train
lap,MAL48260,validation
lap,MAL48262,train
lap,MAL48263,test
lap,MAL48264,train
lap,MAL48266,train
lap,MAL48268,train
lap,MAL48269,train
lap,MAL48270,test
lap,MAL48271,validation
lap,MAL48273,train
lap,MAL48275,validation
lap,MAL48276,train
lap,MAL48277,train
lap,MAL48279,train
lap,MAL48280,train
lap,MAL48281,train
lap,MAL48282,train
lap,MAL48283,train
lap,MAL48284,train
lap,MAL48285,train
lap,MAL48287,validation
lap,MAL48288,train
lap,MAL48289,train
lap,MAL48290,test
lap,MAL48292,train
lap,MAL48294,train
lap,MAL48295,train
lap,MAL48297,test
lap,MAL48298,train
lap,MAL48299,train
lap,MAL48300,train
lap,MAL48301,train
lap,MAL48303,train
lap,MAL48304,test
lap,MAL48305,train
lap,MAL48307,train
lap,MAL48308,train
lap,MAL48309,test
lap,MAL48310,test
lap,MAL48311,train
lap,MAL48312,train
lap,MAL48313,train
lap,MAL48316,train
lap,MAL48317,test
lap,MAL48318,test
lap,MAL48320,train
lap,MAL48321,train
lap,MAL48322,train
lap,MAL48323,test
lap,MAL48324,test
lap,MAL48325,train
lap,MAL48326,validation
lap,MAL48327,validation
lap,MAL48328,train
lap,MAL48331,train
lap,MAL48332,train
lap,MAL48333,test
lap,MAL48334,train
lap,MAL48335,test
lap,MAL48337,train
lap,MAL48338,train
lap,MAL48339,train
lap,MAL48340,test
lap,MAL48341,test
lap,MAL48342,train
lap,MAL48343,train
lap,MAL48344,train
lap,MAL48345,test
lap,MAL48346,train
lap,MAL48347,test
lap,MAL48349,test
lap,MAL48350,train
lap,MAL48352,train
lap,MAL48363,train
lap,MAL48365,train
lap,MAL48369,test
lap,MAL48374,train
lap,MAL48375,test
lap,MAL48377,train
lap,MAL48378,train
lap,MAL48386,train
lap,MAL48391,train
lap,MAL48392,train
lap,MAL48405,train
lap,MAL48406,train
lap,MAL48409,validation
lap,MAL48410,train
lap,MAL48411,validation
lap,MAL48413,test
lap,MAL48414,train
lap,MAL48415,train
lap,MAL48417,train
lap,MAL48420,train
lap,MAL48421,train
lap,MAL48422,train
lap,MAL48425,train
lap,MAL48426,train
lap,MAL48432,train
lap,MAL48436,train
lap,MAL48438,train
lap,MAL48439,train
lap,MAL48441,train
lap,MAL48442,validation
lap,MAL48449,train
lap,MAL48450,train
lap,MAL48452,test
lap,MAL48453,train
lap,MAL48455,train
lap,MAL48466,train
lap,MAL48467,validation
lap,MAL48468,train
lap,MAL48470,train
lap,MAL48471,train
lap,MAL48480,test
lap,MAL48481,train
lap,MAL48483,train
lap,MAL48486,train
lap,MAL48488,train
lap,MAL48491,test
lap,MAL48492,test
lap,MAL48502,train
lap,MAL48505,train
lap,MAL48508,train
lap,MAL48510,validation
lap,MAL48512,validation
lap,MAL48513,train
lap,MAL48517,train
lap,MAL48519,train
lap,MAL48524,test
lap,MAL48525,test
lap,MAL48530,train
lap,MAL48531,train
lap,MAL48533,train
lap,MAL48536,train
lap,MAL48537,train
lap,MAL48538,train
lap,MAL48539,train
lap,MAL48540,train
lap,MAL48541,train
lap,MAL48542,train
lap,MAL48543,train
lap,MAL48544,train
lap,MAL48548,train
lap,MAL48549,train
lap,MAL48552,train
lap,MAL48553,train
lap,MAL48554,train
lap,MAL48555,train
lap,MAL48556,train
lap,MAL48557,train
lap,MAL48558,train
lap,MAL48560,train
lap,MAL48561,train
lap,MAL48562,train
lap,MAL48565,train
lap,MAL48566,validation
lap,MAL48567,train
lap,MAL48568,train
lap,MAL48569,validation
lap,MAL48570,train
lap,MAL48573,train
lap,MAL48575,test
lap,MAL48576,train
lap,MAL48577,train
lap,MAL48580,train
lap,MAL48582,train
lap,MAL48583,train
lap,MAL48585,train
lap,MAL48586,train
lap,MAL48589,train
lap,MAL48590,train
lap,MAL48594,train
lap,MAL48604,train
lap,MAL48605,train
lap,MAL48606,train
lap,MAL48610,test
lap,MAL48612,train
lap,MAL48614,train
lap,MAL48615,train
lap,MAL48616,train
lap,MAL48617,train
lap,MAL48624,train
lap,MAL48626,train
lap,MAL48627,train
lap,MAL48628,test
lap,MAL48633,train
lap,MAL48640,train
lap,MAL48641,train
lap,MAL48643,train
lap,MAL48644,train
lap,MAL48645,validation
lap,MAL48646,train
lap,MAL48649,train
lap,MAL48651,train
lap,MAL48652,validation
lap,MAL48653,train
lap,MAL48654,train
lap,MAL48661,train
lap,MAL48672,train
lap,MAL48673,train
lap,MAL48675,train
lap,MAL48678,train
lap,MAL48680,train
lap,MAL48684,test
lap,MAL48694,train
lap,MAL48697,validation
lap,MAL48698,train
lap,MAL48701,validation
lap,MAL48702,train
lap,MAL48703,train
lap,MAL48707,train
lap,MAL48708,train
lap,MAL48709,test
lap,MAL48711,train
lap,MAL48727,train
lap,MAL48735,test
lap,MAL48736,train
lap,MAL48742,train
lap,MAL48749,train
lap,MAL48750,train
lap,MAL48751,test
lap,MAL48753,test
lap,MAL48754,train
lap,MAL48755,validation
lap,MAL48759,train
lap,MAL48760,test
lap,MAL48761,test
lap,MAL48762,train
lap,MAL48763,test
lap,MAL48764,train
lap,MAL48770,validation
lap,MAL48772,train
lap,MAL48773,train
lap,MAL48775,train
lap,MAL48776,train
lap,MAL48777,train
lap,MAL48779,test
lap,MAL48780,train
lap,MAL48784,train
lap,MAL48789,train
lap,MAL48790,train
lap,MAL48791,train
lap,MAL48804,train
lap,MAL48810,train
lap,MAL48814,validation
lap,MAL48820,train
lap,MAL48824,validation
lap,MAL48825,train
lap,MAL48828,train
lap,MAL48829,train
lap,MAL48830,train
lap,MAL48832,train
lap,MAL48842,train
lap,MAL48843,train
lap,MAL48844,train
lap,MAL48845,train
lap,MAL48847,train
lap,MAL48849,train
lap,MAL48850,validation
lap,MAL48851,train
lap,MAL48852,train
lap,MAL48853,train
lap,MAL48857,test
lap,MAL48858,train
lap,MAL48859,train
lap,MAL48861,train
lap,MAL48862,validation
lap,MAL48864,train
lap,MAL48866,train
lap,MAL48867,test
lap,MAL48868,train
lap,MAL48869,train
lap,MAL48872,train
lap,MAL48873,train
lap,MAL48874,validation
lap,MAL48875,train
lap,MAL48876,train
lap,MAL48877,train
lap,MAL48880,train
lap,MAL48881,train
lap,MAL48882,train
lap,MAL48884,train
lap,MAL48889,test
lap,MAL48891,train
lap,MAL48892,train
lap,MAL48894,test
lap,MAL48895,train
lap,MAL48896,train
lap,MAL48897,train
lap,MAL48898,train
lap,MAL48899,test
lap,MAL48903,validation
lap,MAL48904,train
lap,MAL48907,train
lap,MAL48908,train
lap,MAL48909,train
lap,MAL48914,test
lap,MAL48916,validation
lap,MAL48917,train
lap,MAL48918,train
lap,MAL48919,validation
lap,MAL48920,train
lap,MAL48926,test
lap,MAL48930,train
lap,MAL48932,train
lap,MAL48941,validation
lap,MAL48942,test
lap,MAL48945,train
lap,MAL48947,test
lap,MAL48951,train
lap,MAL48953,train
lap,MAL48954,train
lap,MAL48956,train
lap,MAL48960,test
lap,MAL48961,train
lap,MAL48962,train
lap,MAL48963,train
lap,MAL48964,train
lap,MAL48965,train
lap,MAL48966,test
lap,MAL48967,test
lap,MAL48968,test
lap,MAL48969,train
lap,MAL48970,train
lap,MAL48971,train
lap,MAL48972,train
lap,MAL48973,train
lap,MAL48979,train
lap,MAL48981,train
lap,MAL48987,train
lap,MAL48988,train
lap,MAL48992,train
lap,MAL48997,train
lap,MAL49004,train
lap,MAL49005,train
lap,MAL49008,train
lap,MAL49009,train
lap,MAL49014,train
lap,MAL49017,train
lap,MAL49020,test
lap,MAL49026,train
lap,MAL49028,train
lap,MAL49029,train
lap,MAL49032,train
lap,MAL49036,train
lap,MAL49040,train
lap,MAL49049,validation
lap,MAL49052,train
lap,MAL49053,train
lap,MAL49054,train
lap,MAL49057,train
lap,MAL49059,train
lap,MAL49060,train
lap,MAL49065,train
lap,MAL49066,test
lap,MAL49069,train
lap,MAL49070,train
lap,MAL49071,train
lap,MAL49073,train
lap,MAL49078,train
lap,MAL49079,validation
lap,MAL49090,test
lap,MAL49091,test
lap,MAL49094,train
lap,MAL49095,train
lap,MAL49098,test
lap,MAL49099,train
lap,MAL49103,train
lap,MAL49104,train
lap,MAL49109,train
lap,MAL49110,train
lap,MAL49112,train
lap,MAL49114,train
lap,MAL49116,train
lap,MAL49117,train
lap,MAL49118,train
lap,MAL49119,test
lap,MAL49121,train
lap,MAL49122,validation
lap,MAL49123,train
lap,MAL49124,test
lap,MAL49125,train
lap,MAL49126,train
lap,MAL49127,validation
lap,MAL49133,validation
lap,MAL49134,train
lap,MAL49138,train
lap,MAL49139,train
lap,MAL49143,test
lap,MAL49144,validation
lap,MAL49145,validation
lap,MAL49146,train
lap,MAL49148,train
lap,MAL49153,train
lap,MAL49154,validation
lap,MAL49160,test
lap,MAL49163,train
lap,MAL49164,train
lap,MAL49165,train
lap,MAL49170,validation
lap,MAL49179,train
lap,MAL49182,train
lap,MAL49184,train
lap,MAL49189,train
lap,MAL49194,train
lap,MAL49195,train
lap,MAL49196,train
lap,MAL49197,validation
lap,MAL49198,train
lap,MAL49202,test
lap,MAL49204,train
lap,MAL49205,train
lap,MAL49208,validation
lap,MAL49210,train
lap,MAL49211,train
lap,MAL49214,train
lap,MAL49215,train
lap,MAL49220,train
lap,MAL49221,train
lap,MAL49222,train
lap,MAL49223,train
lap,MAL49233,train
lap,MAL49236,train
lap,MAL49241,train
lap,MAL49245,train
lap,MAL49249,train
lap,MAL49257,train
lap,MAL49258,train
lap,MAL49263,train
lap,MAL49274,validation
lap,MAL49275,validation
lap,MAL49276,train
lap,MAL49277,train
lap,MAL49283,test
lap,MAL49284,train
lap,MAL49285,test
lap,MAL49291,train
lap,MAL49292,test
lap,MAL49295,validation
lap,MAL49297,test
lap,MAL49303,test
lap,MAL49304,train
lap,MAL49305,train
lap,MAL49310,train
lap,MAL49314,train
lap,MAL49316,train
lap,MAL49320,test
lap,MAL49321,train
lap,MAL49326,train
lap,MAL49329,train
lap,MAL49332,train
lap,MAL49335,train
lap,MAL49338,train
lap,MAL49341,validation
lap,MAL49342,validation
lap,MAL49345,train
lap,MAL49351,train
lap,MAL49353,train
lap,MAL49354,train
lap,MAL49355,train
lap,MAL49357,train
lap,MAL49361,validation
lap,MAL49366,train
lap,MAL49368,validation
lap,MAL49369,train
lap,MAL49370,train
lap,MAL49371,train
lap,MAL49376,train
lap,MAL49379,train
lap,MAL49380,train
lap,MAL49385,train
lap,MAL49386,validation
lap,MAL49387,test
lap,MAL49391,test
lap,MAL49392,train
lap,MAL49395,train
lap,MAL49396,train
lap,MAL49398,train
lap,MAL49399,train
lap,MAL49402,train
lap,MAL49409,test
lap,MAL49410,train
lap,MAL49413,test
lap,MAL49414,train
lap,MAL49418,train
lap,MAL49420,train
lap,MAL49422,train
lap,MAL49423,train
lap,MAL49426,train
lap,MAL49429,validation
lap,MAL49430,test
lap,MAL49431,test
lap,MAL49432,train
lap,MAL49433,train
lap,MAL49434,validation
lap,MAL49437,validation
lap,MAL49438,test
lap,MAL49439,train
lap,MAL49442,validation
lap,MAL49445,train
lap,MAL49448,train
lap,MAL49450,train
lap,MAL49454,train
lap,MAL49457,train
lap,MAL49458,validation
lap,MAL49460,train
lap,MAL49467,train
lap,MAL49469,train
lap,MAL49470,train
lap,MAL49471,train
lap,MAL49474,train
lap,MAL49475,train
lap,MAL49476,train
lap,MAL49478,train
lap,MAL49483,train
lap,MAL49487,train
lap,MAL49490,train
lap,MAL49491,train
lap,MAL49495,train
lap,MAL49498,train
lap,MAL49501,validation
lap,MAL49505,train
lap,MAL49507,train
lap,MAL49510,train
lap,MAL49514,validation
lap,MAL49515,train
lap,MAL49518,train
lap,MAL49519,test
lap,MAL49520,train
lap,MAL49521,train
lap,MAL49522,train
lap,MAL49523,train
lap,MAL49524,train
lap,MAL49525,test
lap,MAL49527,train
lap,MAL49528,train
lap,MAL49529,train
lap,MAL49532,validation
lap,MAL49533,train
lap,MAL49549,train
lap,MAL49551,validation
lap,MAL49555,train
lap,MAL49556,train
lap,MAL49558,train
lap,MAL49559,train
lap,MAL49560,train
lap,MAL49565,train
lap,MAL49566,train
lap,MAL49567,test
lap,MAL49569,validation
lap,MAL49570,train
lap,MAL49571,train
lap,MAL49572,train
lap,MAL49573,train
lap,MAL49574,train
lap,MAL49580,train
lap,MAL49581,train
lap,MAL49587,train
lap,MAL49590,train
lap,MAL49592,train
lap,MAL49596,train
lap,MAL49598,test
lap,MAL49599,train
lap,MAL49600,test
lap,MAL49603,train
lap,MAL49605,test
lap,MAL49611,train
lap,MAL49612,train
lap,MAL49613,train
lap,MAL49614,validation
lap,MAL49615,train
lap,MAL49616,train
lap,MAL49618,validation
lap,MAL49620,train
lap,MAL49627,train
lap,MAL49633,train
lap,MAL49637,train
lap,MAL49644,train
lap,MAL49645,train
lap,MAL49652,train
lap,MAL49661,train
lap,MAL49664,validation
lap,MAL49665,train
lap,MAL49668,train
lap,MAL49669,validation
lap,MAL49670,test
lap,MAL49671,train
lap,MAL49678,train
lap,MAL49682,test
lap,MAL49683,test
lap,MAL49684,train
lap,MAL49690,train
lap,MAL49691,train
lap,MAL49692,train
lap,MAL49697,train
lap,MAL49701,train
lap,MAL49703,train
lap,MAL49708,test
lap,MAL49709,train
lap,MAL49716,train
lap,MAL49717,test
lap,MAL49718,train
lap,MAL49721,train
lap,MAL49722,validation
lap,MAL49728,train
lap,MAL49730,validation
lap,MAL49733,train
lap,MAL49734,train
lap,MAL49735,train
lap,MAL49737,train
lap,MAL49738,train
lap,MAL49742,test
lap,MAL49743,train
lap,MAL49748,train
lap,MAL49750,train
lap,MAL49751,train
lap,MAL49752,train
lap,MAL49755,train
lap,MAL49757,train
lap,MAL49759,test
lap,MAL49760,train
lap,MAL49762,train
lap,MAL49766,train
lap,MAL49768,train
lap,MAL49769,train
lap,MAL49771,train
lap,MAL49774,train
lap,MAL49776,validation
lap,MAL49778,train
lap,MAL49780,train
lap,MAL49782,train
lap,MAL49784,train
lap,MAL49785,train
lap,MAL49793,train
lap,MAL49794,train
lap,MAL49796,train
lap,MAL49798,train
lap,MAL49806,train
lap,MAL49814,train
lap,MAL49819,test
lap,MAL49820,train
lap,MAL49825,train
lap,MAL49827,train
lap,MAL49828,test
lap,MAL49830,test
lap,MAL49831,train
lap,MAL49834,train
lap,MAL49835,train
lap,MAL49838,train
lap,MAL49841,train
lap,MAL49842,train
lap,MAL49843,train
lap,MAL49844,train
lap,MAL49845,validation
lap,MAL49847,train
lap,MAL49849,train
lap,MAL49851,train
lap,MAL49854,train
lap,MAL49855,test
lap,MAL49858,train
lap,MAL49860,train
lap,MAL49861,train
lap,MAL49871,train
lap,MAL49873,train
lap,MAL49876,train
lap,MAL49877,test
lap,MAL49878,test
lap,MAL49880,validation
lap,MAL49882,train
lap,MAL49889,train
lap,MAL49891,train
lap,MAL49894,train
lap,MAL49895,train
lap,MAL49898,train
lap,MAL49899,train
lap,MAL49900,test
lap,MAL49901,train
lap,MAL49902,train
lap,MAL49903,test
lap,MAL49907,validation
lap,MAL49908,train
lap,MAL49909,test
lap,MAL49913,train
lap,MAL49915,train
lap,MAL49918,train
lap,MAL49920,train
lap,MAL49922,train
lap,MAL49926,train
lap,MAL49930,validation
lap,MAL49936,train
lap,MAL49938,train
lap,MAL49939,train
lap,MAL49941,test
lap,MAL49942,test
lap,MAL49943,train
lap,MAL49944,validation
lap,MAL49945,train
lap,MAL49948,train
lap,MAL49952,train
lap,MAL49956,validation
lap,MAL49960,train
lap,MAL49961,train
lap,MAL49963,train
lap,MAL49965,train
lap,MAL49966,train
lap,MAL49967,train
lap,MAL49968,test
lap,MAL49969,train
lap,MAL49970,train
lap,MAL49971,train
lap,MAL49975,train
lap,MAL49976,train
lap,MAL49977,train
lap,MAL49978,train
lap,MAL49979,train
lap,MAL49980,test
lap,MAL49982,train
lap,MAL49983,test
lap,MAL49984,train
lap,MAL49985,train
lap,MAL49987,train
lap,MAL49988,train
lap,MAL49989,validation
lap,MAL49991,test
lap,MAL49992,train
lap,MAL49994,train
lap,MAL49995,validation
lap,MAL49996,train
lap,MAL49997,test
lap,MAL50001,train
lap,MAL50002,train
lap,MAL50005,train
lap,MAL50006,train
lap,MAL50007,train
lap,MAL50008,train
lap,MAL50009,train
lap,MAL50010,test
lap,MAL50012,train
lap,MAL50021,train
lap,MAL50022,train
lap,MAL50025,train
lap,MAL50027,train
lap,MAL50028,train
lap,MAL50029,train
lap,MAL50030,train
lap,MAL50031,train
lap,MAL50033,train
lap,MAL50036,train
lap,MAL50037,train
lap,MAL50038,train
lap,MAL50039,train
lap,MAL50040,train
lap,MAL50041,train
lap,MAL50042,train
lap,MAL50048,test
lap,MAL50049,test
lap,MAL50050,train
lap,MAL50051,train
lap,MAL50052,train
lap,MAL50053,test
lap,MAL50054,test
lap,MAL50055,train
lap,MAL50056,test
lap,MAL50057,test
lap,MAL50058,train
lap,MAL50059,train
lap,MAL50060,test
lap,MAL50062,train
lap,MAL50063,validation
lap,MAL50064,test
lap,MAL50066,train
lap,MAL50071,train
lap,MAL50072,train
lap,MAL50073,train
lap,MAL50074,train
lap,MAL50075,train
lap,MAL50076,train
lap,MAL50077,test
lap,MAL50078,train
lap,MAL50079,train
lap,MAL50080,test
lap,MAL50082,train
lap,MAL50084,train
lap,MAL50086,train
lap,MAL50087,train
lap,MAL50088,train
lap,MAL50089,test
lap,MAL50091,train
lap,MAL50097,train
lap,MAL50098,validation
lap,MAL50099,train
lap,MAL50100,train
lap,MAL50101,train
lap,MAL50102,train
lap,MAL50103,train
lap,MAL50105,train
lap,MAL50110,validation
lap,MAL50111,train
lap,MAL50113,train
lap,MAL50115,train
lap,MAL50116,train
lap,MAL50119,test
lap,MAL50120,test
lap,MAL50123,train
lap,MAL50124,test
lap,MAL50125,train
lap,MAL50126,train
lap,MAL50127,train
lap,MAL50136,validation
lap,MAL50138,train
lap,MAL50139,test
lap,MAL50141,train
lap,MAL50142,train
lap,MAL50145,train
lap,MAL50146,train
lap,MAL50147,train
lap,MAL50150,test
lap,MAL50151,test
lap,MAL50156,train
lap,MAL50158,train
lap,MAL50159,train
lap,MAL50160,train
lap,MAL50161,test
lap,MAL50168,test
lap,MAL50169,train
lap,MAL50172,train
lap,MAL50175,test
lap,MAL50176,test
lap,MAL50182,train
lap,MAL50183,train
lap,MAL50184,test
lap,MAL50185,train
lap,MAL50191,train
lap,MAL50192,train
lap,MAL50193,test
lap,MAL50194,train
lap,MAL50197,train
lap,MAL50201,train
lap,MAL50202,train
lap,MAL50203,validation
lap,MAL50204,test
lap,MAL50205,train
lap,MAL50206,train
lap,MAL50207,train
lap,MAL50208,test
lap,MAL50209,train
lap,MAL50215,train
lap,MAL50216,train
lap,MAL50217,validation
lap,MAL50218,train
lap,MAL50220,validation
lap,MAL50221,train
lap,MAL50225,train
lap,MAL50227,train
lap,MAL50228,train
lap,MAL50229,train
lap,MAL50230,train
lap,MAL50231,test
lap,MAL50232,test
lap,MAL50233,train
lap,MAL50234,train
lap,MAL50235,train
lap,MAL50237,test
lap,MAL50238,validation
lap,MAL50239,train
lap,MAL50240,train
lap,MAL50241,train
lap,MAL50242,train
lap,MAL50243,train
lap,MAL50244,test
lap,MAL50245,train
lap,MAL50246,train
lap,MAL50248,train
lap,MAL50249,test
lap,MAL50250,test
lap,MAL50251,test
lap,MAL50255,test
lap,MAL50258,test
lap,MAL50265,test
lap,MAL50267,test
lap,MAL50271,train
lap,MAL50273,train
lap,MAL50274,train
lap,MAL50275,train
lap,MAL50280,train
lap,MAL50281,train
lap,MAL50282,train
lap,MAL50284,train
lap,MAL50285,train
lap,MAL50287,validation
lap,MAL50288,train
lap,MAL50289,train
lap,MAL50290,train
lap,MAL50291,train
lap,MAL50292,validation
lap,MAL50293,test
lap,MAL50294,test
lap,MAL50295,train
lap,MAL50296,train
lap,MAL50297,test
lap,MAL50299,test
lap,MAL50300,train
lap,MAL50302,train
lap,MAL50306,train
lap,MAL50307,train
lap,MAL50313,train
lap,MAL50315,train
lap,MAL50316,train
lap,MAL50317,train
lap,MAL50318,test
lap,MAL50319,train
lap,MAL50320,train
lap,MAL50321,train
lap,MAL50324,train
lap,MAL50325,train
lap,MAL50326,train
lap,MAL50330,train
lap,MAL50336,train
lap,MAL50337,train
lap,MAL50338,test
lap,MAL50339,train
lap,MAL50343,train
lap,MAL50346,train
lap,MAL50347,train
lap,MAL50348,train
lap,MAL50349,train
lap,MAL50352,train
lap,MAL50360,train
lap,MAL50371,train
lap,MAL50377,train
lap,MAL50378,train
lap,MAL50379,test
lap,MAL50380,train
lap,MAL50383,test
lap,MAL50384,train
lap,MAL50388,train
lap,MAL50392,validation
lap,MAL50396,train
lap,MAL50398,train
lap,MAL50399,train
lap,MAL50400,train
lap,MAL50401,train
lap,MAL50403,train
lap,MAL50404,validation
lap,MAL50405,train
lap,MAL50406,train
lap,MAL50407,train
lap,MAL50410,train
lap,MAL50411,train
lap,MAL50414,train
lap,MAL50415,train
lap,MAL50416,train
lap,MAL50418,train
lap,MAL50419,train
lap,MAL50421,train
lap,MAL50422,train
lap,MAL50425,train
lap,MAL50427,train
lap,MAL50429,test
lap,MAL50430,train
lap,MAL50431,train
lap,MAL50432,train
lap,MAL50433,train
lap,MAL50434,train
lap,MAL50435,test
lap,MAL50436,test
lap,MAL50438,train
lap,MAL50439,train
lap,MAL50440,train
lap,MAL50441,train
lap,MAL50443,train
lap,MAL50444,train
lap,MAL50445,validation
lap,MAL50446,test
lap,MAL50452,train
lap,MAL50458,train
lap,MAL50461,test
lap,MAL50462,test
lap,MAL50465,train
lap,MAL50466,train
lap,MAL50469,validation
lap,MAL50470,validation
lap,MAL50473,test
lap,MAL50480,train
lap,MAL50481,train
lap,MAL50483,train
lap,MAL50484,test
lap,MAL50485,test
lap,MAL50486,test
lap,MAL50487,train
lap,MAL50488,train
lap,MAL50495,train
lap,MAL50498,validation
lap,MAL50501,train
lap,MAL50503,train
lap,MAL50505,train
lap,MAL50510,test
lap,MAL50512,train
lap,MAL50513,test
lap,MAL50515,train
lap,MAL50517,train
lap,MAL50518,test
lap,MAL50521,test
lap,MAL50522,train
lap,MAL50523,train
lap,MAL50526,train
lap,MAL50528,train
lap,MAL50529,train
lap,MAL50532,train
lap,MAL50533,train
lap,MAL50534,train
lap,MAL50535,train
lap,MAL50537,train
lap,MAL50538,train
lap,MAL50539,train
lap,MAL50544,test
lap,MAL50549,train
lap,MAL50552,train
lap,MAL50553,train
lap,MAL50559,test
lap,MAL50562,validation
lap,MAL50563,train
lap,MAL50565,train
lap,MAL50571,train
lap,MAL50572,train
lap,MAL50575,train
lap,MAL50581,train
lap,MAL50582,test
lap,MAL50583,test
lap,MAL50586,train
lap,MAL50587,test
lap,MAL50588,test
lap,MAL50590,train
lap,MAL50593,train
lap,MAL50594,train
lap,MAL50597,train
lap,MAL50598,train
lap,MAL50599,test
lap,MAL50600,validation
lap,MAL50602,train
lap,MAL50603,train
lap,MAL50604,train
lap,MAL50606,train
lap,MAL50607,train
lap,MAL50608,train
lap,MAL50612,train
lap,MAL50613,train
lap,MAL50621,train
lap,MAL50622,train
lap,MAL50629,train
lap,MAL50631,train
lap,MAL50633,train
lap,MAL50634,test
lap,MAL50636,train
lap,MAL50638,train
lap,MAL50639,train
lap,MAL50640,train
lap,MAL50644,train
lap,MAL50647,train
lap,MAL50652,train
lap,MAL50653,test
lap,MAL50654,train
lap,MAL50655,train
lap,MAL50657,train
lap,MAL50662,test
lap,MAL50663,test
lap,MAL50664,train
lap,MAL50667,test
lap,MAL50668,train
lap,MAL50669,train
lap,MAL50672,test
lap,MAL50673,train
lap,MAL50675,validation
lap,MAL50678,train
lap,MAL50681,train
lap,MAL50685,train
lap,MAL50687,train
lap,MAL50689,test
lap,MAL50691,test
lap,MAL50694,train
lap,MAL50695,test
lap,MAL50696,train
lap,MAL50697,train
lap,MAL50698,train
lap,MAL50699,train
lap,MAL50703,train
lap,MAL50706,test
lap,MAL50709,train
lap,MAL50710,train
lap,MAL50711,validation
lap,MAL50713,validation
lap,MAL50727,train
lap,MAL50735,train
lap,MAL50737,train
lap,MAL50738,train
lap,MAL50739,train
lap,MAL50740,train
lap,MAL50746,train
lap,MAL50747,validation
lap,MAL50748,train
lap,MAL50751,validation
lap,MAL50754,train
lap,MAL50760,train
lap,MAL50762,train
lap,MAL50774,train
lap,MAL50784,train
lap,MAL50789,train
lap,MAL50790,train
lap,MAL50794,train
lap,MAL50796,train
lap,MAL50797,train
lap,MAL50799,train
lap,MAL50803,train
lap,MAL50804,train
lap,MAL50815,train
lap,MAL50840,train
lap,MAL50841,train
lap,MAL50842,train
lap,MAL50845,train
lap,MAL50846,test
lap,MAL50848,validation
lap,MAL50849,train
lap,MAL50850,train
lap,MAL50851,train
lap,MAL50852,train
lap,MAL50854,train
lap,MAL50855,train
lap,MAL50862,train
lap,MAL50864,train
lap,MAL50869,train
lap,MAL50871,train
lap,MAL50872,validation
lap,MAL50876,train
lap,MAL50878,train
lap,MAL50880,train
lap,MAL50881,train
lap,MAL50882,train
lap,MAL50891,train
lap,MAL50898,test
lap,MAL50909,train
lap,MAL50914,train
lap,MAL50917,train
lap,MAL50919,train
lap,MAL50920,train
lap,MAL50923,train
lap,MAL50924,train
lap,MAL50925,train
lap,MAL50930,validation
lap,MAL50931,train
lap,MAL50932,train
lap,MAL50934,test
lap,MAL50938,train
lap,MAL50953,validation
lap,MAL50955,train
lap,MAL50957,train
lap,MAL50958,train
lap,MAL50963,train
lap,MAL50964,train
lap,MAL50970,train
lap,MAL50972,train
lap,MAL50973,train
lap,MAL50980,train
lap,MAL50983,train
lap,MAL50985,train
lap,MAL50993,train
lap,MAL50997,train
lap,MAL50998,train
lap,MAL50999,train
lap,MAL51000,validation
lap,MAL51004,test
lap,MAL51005,validation
lap,MAL51006,test
lap,MAL51008,validation
lap,MAL51009,test
lap,MAL51013,train
lap,MAL51014,train
lap,MAL51015,train
lap,MAL51016,test
lap,MAL51018,train
lap,MAL51019,train
lap,MAL51020,validation
lap,MAL51035,train
lap,MAL51036,train
lap,MAL51037,train
lap,MAL51038,train
lap,MAL51039,validation
lap,MAL51043,train
lap,MAL51045,train
lap,MAL51047,test
lap,MAL51048,validation
lap,MAL51050,train
lap,MAL51051,train
lap,MAL51054,train
lap,MAL51055,train
lap,MAL51056,train
lap,MAL51057,train
lap,MAL51058,validation
lap,MAL51059,train
lap,MAL51060,test
lap,MAL51061,train
lap,MAL51064,train
lap,MAL51065,train
lap,MAL51068,test
lap,MAL51071,train
lap,MAL51076,train
lap,MAL51077,validation
lap,MAL51078,test
lap,MAL51080,test
lap,MAL51084,train
lap,MAL51085,train
lap,MAL51086,train
lap,MAL51087,train
lap,MAL51088,train
lap,MAL51089,validation
lap,MAL51090,train
lap,MAL51091,test
lap,MAL51092,train
lap,MAL51096,test
lap,MAL51097,test
lap,MAL51098,train
lap,MAL51105,train
lap,MAL51109,test
lap,MAL51116,train
lap,MAL51119,train
lap,MAL51121,train
lap,MAL51122,train
lap,MAL51123,train
lap,MAL51125,train
lap,MAL51128,train
lap,MAL51131,validation
lap,MAL51132,train
lap,MAL51133,train
lap,MAL51135,train
lap,MAL51139,validation
lap,MAL51144,train
lap,MAL51145,train
lap,MAL51147,train
lap,MAL51154,train
lap,MAL51155,validation
lap,MAL51156,test
lap,MAL51157,train
lap,MAL51158,test
lap,MAL51159,test
lap,MAL51160,train
lap,MAL51161,train
lap,MAL51163,train
lap,MAL51168,train
lap,MAL51179,train
lap,MAL51180,train
lap,MAL51183,train
lap,MAL51185,train
lap,MAL51187,train
lap,MAL51190,test
lap,MAL51191,train
lap,MAL51193,train
lap,MAL51194,test
lap,MAL51195,train
lap,MAL51196,validation
lap,MAL51197,train
lap,MAL51198,validation
lap,MAL51200,test
lap,MAL51202,train
lap,MAL51203,train
lap,MAL51207,train
lap,MAL51210,train
lap,MAL51211,train
lap,MAL51212,train
lap,MAL51213,train
lap,MAL51215,train
lap,MAL51216,train
lap,MAL51217,train
lap,MAL51218,train
lap,MAL51219,train
lap,MAL51221,train
lap,MAL51225,train
lap,MAL51230,train
lap,MAL51234,test
lap,MAL51235,validation
lap,MAL51236,train
lap,MAL51238,train
lap,MAL51239,train
lap,MAL51241,train
lap,MAL51243,train
lap,MAL51245,train
lap,MAL51246,validation
lap,MAL51248,test
lap,MAL51249,train
lap,MAL51250,train
lap,MAL51251,train
lap,MAL51252,test
lap,MAL51253,train
lap,MAL51254,train
lap,MAL51255,train
lap,MAL51256,train
lap,MAL51261,validation
lap,MAL51262,train
lap,MAL51263,train
lap,MAL51265,train
lap,MAL51266,train
lap,MAL51267,train
lap,MAL51268,train
lap,MAL51271,test
lap,MAL51274,train
lap,MAL51278,validation
lap,MAL51280,train
lap,MAL51287,train
lap,MAL51288,train
lap,MAL51289,train
lap,MAL51291,train
lap,MAL51293,validation
lap,MAL51294,test
lap,MAL51297,train
lap,MAL51299,train
lap,MAL51300,train
lap,MAL51302,test
lap,MAL51303,train
lap,MAL51304,train
lap,MAL51305,train
lap,MAL51306,train
lap,MAL51307,train
lap,MAL51308,train
lap,MAL51309,train
lap,MAL51311,train
lap,MAL51312,test
lap,MAL51315,train
lap,MAL51316,train
lap,MAL51318,train
lap,MAL51321,train
lap,MAL51322,test
lap,MAL51323,train
lap,MAL51324,test
lap,MAL51325,train
lap,MAL51330,train
lap,MAL51333,test
lap,MAL51334,test
lap,MAL51335,validation
lap,MAL51336,validation
lap,MAL51338,train
lap,MAL51341,train
lap,MAL51342,train
lap,MAL51343,validation
lap,MAL51344,train
lap,MAL51345,train
lap,MAL51346,test
lap,MAL51347,train
lap,MAL51348,train
lap,MAL51349,train
lap,MAL51350,train
lap,MAL51356,validation
lap,MAL51357,train
lap,MAL51358,train
lap,MAL51361,test
lap,MAL51367,train
lap,MAL51368,train
lap,MAL51369,train
lap,MAL51371,train
lap,MAL51373,train
lap,MAL51375,train
lap,MAL51376,train
lap,MAL51377,test
lap,MAL51378,train
lap,MAL51379,train
lap,MAL51380,test
lap,MAL51381,train
lap,MAL51382,train
lap,MAL51383,train
lap,MAL51385,train
lap,MAL51387,test
lap,MAL51389,train
lap,MAL51390,train
lap,MAL51392,train
lap,MAL51397,train
lap,MAL51403,train
lap,MAL51404,validation
lap,MAL51405,train
lap,MAL51407,train
lap,MAL51412,train
lap,MAL51413,train
lap,MAL51414,validation
lap,MAL51415,train
lap,MAL51417,train
lap,MAL51426,train
lap,MAL51427,train
lap,MAL51428,train
lap,MAL51429,train
lap,MAL51430,train
lap,MAL51431,test
lap,MAL51432,train
lap,MAL51433,validation
lap,MAL51438,train
lap,MAL51439,validation
lap,MAL51440,train
lap,MAL51442,train
lap,MAL51443,train
lap,MAL51444,test
lap,MAL51445,train
lap,MAL51446,test
lap,MAL51449,train
lap,MAL51450,train
lap,MAL51451,test
lap,MAL51452,train
lap,MAL51453,test
lap,MAL51454,test
lap,MAL51455,train
lap,MAL51456,train
lap,MAL51457,train
lap,MAL51458,train
lap,MAL51459,train
lap,MAL51461,train
lap,MAL51462,validation
lap,MAL51463,train
lap,MAL51464,train
lap,MAL51466,test
lap,MAL51469,train
lap,MAL51471,train
lap,MAL51473,train
lap,MAL51474,train
lap,MAL51476,validation
lap,MAL51478,train
lap,MAL51480,train
lap,MAL51481,train
lap,MAL51482,train
lap,MAL51483,validation
lap,MAL51485,test
lap,MAL51486,train
lap,MAL51487,train
lap,MAL51488,train
lap,MAL51490,train
lap,MAL51492,train
lap,MAL51493,test
lap,MAL51494,train
lap,MAL51495,train
lap,MAL51496,train
lap,MAL51498,train
lap,MAL51499,train
lap,MAL51500,train
lap,MAL51501,train
lap,MAL51502,train
lap,MAL51503,train
lap,MAL51504,train
lap,MAL51505,train
lap,MAL51507,train
lap,MAL51509,train
lap,MAL51511,test
lap,MAL51512,train
lap,MAL51513,train
lap,MAL51514,test
lap,MAL51515,test
lap,MAL51516,test
lap,MAL51517,train
lap,MAL51520,validation
lap,MAL51521,train
lap,MAL51522,train
lap,MAL51524,train
lap,MAL51526,train
lap,MAL51528,train
lap,MAL51529,train
lap,MAL51531,train
lap,MAL51532,train
lap,MAL51533,train
lap,MAL51535,train
lap,MAL51536,train
lap,MAL51538,train
lap,MAL51539,train
lap,MAL51542,train
lap,MAL51543,train
lap,MAL51544,train
lap,MAL51545,train
lap,MAL51549,test
lap,MAL51552,validation
lap,MAL51553,test
lap,MAL51554,train
lap,MAL51558,train
lap,MAL51561,train
lap,MAL51562,validation
lap,MAL51563,test
lap,MAL51564,train
lap,MAL51565,test
lap,MAL51569,train
lap,MAL51572,train
lap,MAL51573,test
lap,MAL51574,train
lap,MAL51575,train
lap,MAL51577,train
lap,MAL51579,validation
lap,MAL51580,train
lap,MAL51584,train
lap,MAL51585,validation
lap,MAL51586,train
lap,MAL51587,test
lap,MAL51589,train
lap,MAL51594,train
lap,MAL51595,train
lap,MAL51596,train
lap,MAL51597,validation
lap,MAL51598,test
lap,MAL51599,train
lap,MAL51600,train
lap,MAL51601,validation
lap,MAL51602,train
lap,MAL51605,test
lap,MAL51608,validation
lap,MAL51614,train
lap,MAL51617,train
lap,MAL51618,train
lap,MAL51621,train
lap,MAL51623,validation
lap,MAL51631,train
lap,MAL51632,validation
lap,MAL51635,train
lap,MAL51636,train
lap,MAL51638,train
lap,MAL51639,train
lap,MAL51640,validation
lap,MAL51642,test
lap,MAL51645,test
lap,MAL51646,train
lap,MAL51648,validation
lap,MAL51653,train
lap,MAL51655,train
lap,MAL51656,train
lap,MAL51658,train
lap,MAL51661,validation
lap,MAL51662,train
lap,MAL51663,train
lap,MAL51664,train
lap,MAL51665,validation
lap,MAL51673,train
lap,MAL51677,test
lap,MAL51678,train
lap,MAL51680,test
lap,MAL51681,train
lap,MAL51682,train
lap,MAL51684,train
lap,MAL51685,validation
lap,MAL51686,train
lap,MAL51687,train
lap,MAL51688,train
lap,MAL51692,train
lap,MAL51693,train
lap,MAL51694,train
lap,MAL51695,train
lap,MAL51702,train
lap,MAL51705,train
lap,MAL51706,validation
lap,MAL51710,validation
lap,MAL51711,train
lap,MAL51716,train
lap,MAL51721,test
lap,MAL51722,validation
lap,MAL51723,test
lap,MAL51726,validation
lap,MAL51727,test
lap,MAL51735,train
lap,MAL51736,train
lap,MAL51737,test
lap,MAL51738,train
lap,MAL51741,train
lap,MAL51746,train
lap,MAL51748,train
lap,MAL51749,train
lap,MAL51750,train
lap,MAL51751,train
lap,MAL51752,train
lap,MAL51753,train
lap,MAL51754,train
lap,MAL51755,train
lap,MAL51756,train
lap,MAL51758,train
lap,MAL51759,train
lap,MAL51760,test
lap,MAL51761,train
lap,MAL51763,test
lap,MAL51764,train
lap,MAL51765,test
lap,MAL51766,validation
lap,MAL51767,train
lap,MAL51768,train
lap,MAL51769,validation
lap,MAL51772,train
lap,MAL51773,train
lap,MAL51777,train
lap,MAL51781,train
lap,MAL51782,train
lap,MAL51785,train
lap,MAL51786,train
lap,MAL51787,train
lap,MAL51789,test
lap,MAL51791,train
lap,MAL51794,train
lap,MAL51796,train
lap,MAL51797,train
lap,MAL51798,train
lap,MAL51799,train
lap,MAL51801,train
lap,MAL51803,test
lap,MAL51804,train
lap,MAL51805,train
lap,MAL51806,validation
lap,MAL51807,train
lap,MAL51808,train
lap,MAL51809,train
lap,MAL51810,train
lap,MAL51811,train
lap,MAL51812,train
lap,MAL51813,train
lap,MAL51814,test
lap,MAL51815,train
lap,MAL51816,train
lap,MAL51817,validation
lap,MAL51818,train
lap,MAL51819,train
lap,MAL51821,test
lap,MAL51822,train
lap,MAL51823,train
lap,MAL51824,train
lap,MAL51825,train
lap,MAL51828,validation
lap,MAL51830,validation
lap,MAL51831,test
lap,MAL51832,train
lap,MAL51834,train
lap,MAL51837,train
lap,MAL51839,train
lap,MAL51842,test
lap,MAL51843,validation
lap,MAL51846,train
lap,MAL51847,train
lap,MAL51848,train
lap,MAL51849,train
lap,MAL51850,test
lap,MAL51851,train
lap,MAL51852,train
lap,MAL51853,train
lap,MAL51858,validation
lap,MAL51860,train
lap,MAL51861,train
lap,MAL51862,train
lap,MAL51863,train
lap,MAL51864,train
lap,MAL51865,validation
lap,MAL51866,test
lap,MAL51867,train
lap,MAL51868,test
lap,MAL51869,test
lap,MAL51870,train
lap,MAL51871,train
lap,MAL51873,train
lap,MAL51877,test
lap,MAL51879,train
lap,MAL51880,validation
lap,MAL51881,train
lap,MAL51883,train
lap,MAL51884,train
lap,MAL51885,train
lap,MAL51886,train
lap,MAL51887,test
lap,MAL51888,train
lap,MAL51889,train
lap,MAL51891,train
lap,MAL51893,train
lap,MAL51897,train
lap,MAL51898,train
lap,MAL51901,train
lap,MAL51903,train
lap,MAL51910,train
lap,MAL51911,test
lap,MAL51912,train
lap,MAL51913,train
lap,MAL51915,train
lap,MAL51916,validation
lap,MAL51919,train
lap,MAL51920,test
lap,MAL51921,train
lap,MAL51922,train
lap,MAL51923,train
lap,MAL51934,train
lap,MAL51936,train
lap,MAL51937,train
lap,MAL51938,train
lap,MAL51939,test
lap,MAL51940,train
lap,MAL51941,train
lap,MAL51954,train
lap,MAL51955,train
lap,MAL51956,train
lap,MAL51957,test
lap,MAL51958,train
lap,MAL51963,test
lap,MAL51964,test
lap,MAL51965,train
lap,MAL51966,train
lap,MAL51967,train
lap,MAL51968,train
lap,MAL51974,train
lap,MAL51986,train
lap,MAL51988,test
lap,MAL51989,train
lap,MAL51992,train
lap,MAL51993,validation
lap,MAL51995,train
lap,MAL51996,train
lap,MAL52000,train
lap,MAL52002,train
lap,MAL52003,test
lap,MAL52004,train
lap,MAL52005,train
lap,MAL52006,train
lap,MAL52008,train
lap,MAL52010,train
lap,MAL52011,test
lap,MAL52015,test
lap,MAL52016,train
lap,MAL52019,train
lap,MAL52020,train
lap,MAL52022,validation
lap,MAL52023,train
lap,MAL52025,validation
lap,MAL52026,train
lap,MAL52028,validation
lap,MAL52029,train
lap,MAL52031,train
lap,MAL52032,train
lap,MAL52033,train
lap,MAL52034,test
lap,MAL52045,test
lap,MAL52046,train
lap,MAL52047,train
lap,MAL52048,test
lap,MAL52049,train
lap,MAL52051,train
lap,MAL52052,train
lap,MAL52053,validation
lap,MAL52056,train
lap,MAL52057,test
lap,MAL52058,train
lap,MAL52059,test
lap,MAL52060,train
lap,MAL52062,train
lap,MAL52063,train
lap,MAL52065,train
lap,MAL52066,train
lap,MAL52067,train
lap,MAL52071,train
lap,MAL52075,train
lap,MAL52076,test
lap,MAL52078,train
lap,MAL52079,train
lap,MAL52080,train
lap,MAL52081,test
lap,MAL52082,test
lap,MAL52085,train
lap,MAL52090,train
lap,MAL52092,train
lap,MAL52093,train
lap,MAL52095,test
lap,MAL52096,train
lap,MAL52100,train
lap,MAL52101,train
lap,MAL52102,train
lap,MAL52103,validation
lap,MAL52104,train
lap,MAL52105,train
lap,MAL52107,train
lap,MAL52130,train
lap,MAL52131,train
lap,MAL52132,train
lap,MAL52134,train
lap,MAL52137,train
lap,MAL52138,train
lap,MAL52139,train
lap,MAL52140,validation
lap,MAL52141,train
lap,MAL52142,train
lap,MAL52144,train
lap,MAL52145,validation
lap,MAL52146,train
lap,MAL52147,train
lap,MAL52151,validation
lap,MAL52152,train
lap,MAL52153,train
lap,MAL52154,train
lap,MAL52155,train
lap,MAL52156,train
lap,MAL52157,train
lap,MAL52158,train
lap,MAL52159,train
lap,MAL52161,train
lap,MAL52162,train
lap,MAL52163,train
lap,MAL52173,train
lap,MAL52178,validation
lap,MAL52180,train
lap,MAL52182,train
lap,MAL52185,train
lap,MAL52186,validation
lap,MAL52187,test
lap,MAL52190,train
lap,MAL52192,train
lap,MAL52193,validation
lap,MAL52194,train
lap,MAL52195,test
lap,MAL52196,test
lap,MAL52197,train
lap,MAL52198,train
lap,MAL52199,train
lap,MAL52200,train
lap,MAL52205,validation
lap,MAL52210,validation
lap,MAL52211,train
lap,MAL52214,train
lap,MAL52215,test
lap,MAL52216,train
lap,MAL52219,train
lap,MAL52220,train
lap,MAL52221,train
lap,MAL52222,train
lap,MAL52225,train
lap,MAL52226,train
lap,MAL52227,train
lap,MAL52228,test
lap,MAL52229,train
lap,MAL52230,train
lap,MAL52232,train
lap,MAL52237,train
lap,MAL52238,validation
lap,MAL52239,train
lap,MAL52240,train
lap,MAL52243,train
lap,MAL52244,train
lap,MAL52245,test
lap,MAL52247,train
lap,MAL52251,train
lap,MAL52252,train
lap,MAL52254,train
lap,MAL52257,validation
lap,MAL52259,train
lap,MAL52260,test
lap,MAL52261,validation
lap,MAL52265,train
lap,MAL52267,train
lap,MAL52268,train
lap,MAL52269,train
lap,MAL52270,train
lap,MAL52271,train
lap,MAL52273,test
lap,MAL52274,train
lap,MAL52275,train
lap,MAL52278,train
lap,MAL52282,train
lap,MAL52285,train
lap,MAL52289,train
lap,MAL52291,train
lap,MAL52292,train
lap,MAL52293,validation
lap,MAL52299,train
lap,MAL52301,train
lap,MAL52302,train
lap,MAL52304,train
lap,MAL52305,train
lap,MAL52307,train
lap,MAL52308,train
lap,MAL52316,train
lap,MAL52318,train
lap,MAL52319,test
lap,MAL52322,train
lap,MAL52324,train
lap,MAL52325,train
lap,MAL52326,test
lap,MAL52327,train
lap,MAL52328,train
lap,MAL52329,train
lap,MAL52332,train
lap,MAL52333,train
lap,MAL52334,train
lap,MAL52335,train
lap,MAL52337,train
lap,MAL52338,train
lap,MAL52339,validation
lap,MAL52340,train
lap,MAL52342,train
lap,MAL52343,train
lap,MAL52344,train
lap,MAL52346,train
lap,MAL52347,train
lap,MAL52348,train
lap,MAL52352,train
lap,MAL52354,train
lap,MAL52355,validation
lap,MAL52359,train
lap,MAL52364,train
lap,MAL52367,test
lap,MAL52368,train
lap,MAL52369,test
lap,MAL52370,train
lap,MAL52371,train
lap,MAL52372,train
lap,MAL52373,train
lap,MAL52378,train
lap,MAL52381,train
lap,MAL52382,train
lap,MAL52383,validation
lap,MAL52384,train
lap,MAL52395,train
lap,MAL52397,train
lap,MAL52399,train
lap,MAL52401,train
lap,MAL52402,validation
lap,MAL52405,train
lap,MAL52407,train
lap,MAL52411,train
lap,MAL52413,train
lap,MAL52417,train
lap,MAL52420,validation
lap,MAL52421,train
lap,MAL52433,train
lap,MAL52438,train
lap,MAL52440,train
lap,MAL52443,train
lap,MAL52446,train
lap,MAL52450,train
lap,MAL52452,train
lap,MAL52453,train
lap,MAL52454,train
lap,MAL52460,validation
lap,MAL52461,test
lap,MAL52463,train
lap,MAL52466,train
lap,MAL52470,train
lap,MAL52471,validation
lap,MAL52473,train
lap,MAL52475,train
lap,MAL52477,test
lap,MAL52479,validation
lap,MAL52480,train
lap,MAL52481,train
lap,MAL52482,validation
lap,MAL52485,train
lap,MAL52486,test
lap,MAL52487,train
lap,MAL52488,train
lap,MAL52494,train
lap,MAL52495,validation
lap,MAL52497,train
lap,MAL52505,train
lap,MAL52507,train
lap,MAL52508,validation
lap,MAL52510,test
lap,MAL52511,train
lap,MAL52512,validation
lap,MAL52513,validation
lap,MAL52514,train
lap,MAL52515,train
lap,MAL52516,train
lap,MAL52519,train
lap,MAL52522,train
lap,MAL52523,train
lap,MAL52525,test
lap,MAL52526,train
lap,MAL52527,train
lap,MAL52528,train
lap,MAL52529,train
lap,MAL52530,validation
lap,MAL52531,train
lap,MAL52532,validation
lap,MAL52533,train
lap,MAL52534,test
lap,MAL52536,validation
lap,MAL52537,train
lap,MAL52538,train
lap,MAL52539,train
lap,MAL52540,test
lap,MAL52541,train
lap,MAL52542,train
lap,MAL52543,train
lap,MAL52544,train
lap,MAL52545,train
lap,MAL52547,train
lap,MAL52548,train
lap,MAL52549,validation
lap,MAL52551,test
lap,MAL52552,test
lap,MAL52553,validation
lap,MAL52558,test
lap,MAL52559,train
lap,MAL52560,train
lap,MAL52561,train
lap,MAL52566,train
lap,MAL52567,test
lap,MAL52568,train
lap,MAL52569,train
lap,MAL52571,train
lap,MAL52573,train
lap,MAL52575,train
lap,MAL52576,train
lap,MAL52577,train
lap,MAL52578,train
lap,MAL52579,train
lap,MAL52580,test
lap,MAL52583,train
lap,MAL52584,train
lap,MAL52585,train
lap,MAL52588,train
lap,MAL52593,train
lap,MAL52595,train
lap,MAL52596,train
lap,MAL52597,train
lap,MAL52601,train
lap,MAL52605,train
lap,MAL52607,validation
lap,MAL52608,train
lap,MAL52610,train
lap,MAL52611,validation
lap,MAL52612,test
lap,MAL52614,train
lap,MAL52615,train
lap,MAL52616,train
lap,MAL52617,train
lap,MAL52618,test
lap,MAL52620,train
lap,MAL52621,train
lap,MAL52622,train
lap,MAL52623,train
lap,MAL52624,test
lap,MAL52625,train
lap,MAL52626,train
lap,MAL52628,train
lap,MAL52629,test
lap,MAL52630,test
lap,MAL52631,validation
lap,MAL52632,validation
lap,MAL52633,test
lap,MAL52634,train
lap,MAL52635,train
lap,MAL52639,test
lap,MAL52640,train
lap,MAL52641,train
lap,MAL52642,train
lap,MAL52644,train
lap,MAL52645,test
lap,MAL52646,train
lap,MAL52648,validation
lap,MAL52649,train
lap,MAL52650,test
lap,MAL52651,train
lap,MAL52652,train
lap,MAL52653,train
lap,MAL52654,train
lap,MAL52656,train
lap,MAL52657,train
lap,MAL52680,train
lap,MAL52684,test
lap,MAL52686,train
lap,MAL52687,train
lap,MAL52688,train
lap,MAL52689,train
lap,MAL52690,train
lap,MAL52691,test
lap,MAL52692,train
lap,MAL52695,train
lap,MAL52696,train
lap,MAL52697,train
lap,MAL52698,train
lap,MAL52699,train
lap,MAL52700,train
lap,MAL52701,train
lap,MAL52704,train
lap,MAL52705,test
lap,MAL52706,train
lap,MAL52708,train
lap,MAL52709,train
lap,MAL52711,validation
lap,MAL52713,train
lap,MAL52714,train
lap,MAL52715,train
lap,MAL52716,train
lap,MAL52717,train
lap,MAL52733,train
lap,MAL52735,train
lap,MAL52736,train
lap,MAL52737,validation
lap,MAL52738,train
lap,MAL52740,train
lap,MAL52741,train
lap,MAL52742,train
lap,MAL52743,train
lap,MAL52744,test
lap,MAL52745,train
lap,MAL52747,train
lap,MAL52751,validation
lap,MAL52752,train
lap,MAL52753,test
lap,MAL52754,train
lap,MAL52755,train
lap,MAL52757,train
lap,MAL52758,train
lap,MAL52759,train
lap,MAL52760,test
lap,MAL52761,train
lap,MAL52762,train
lap,MAL52763,test
lap,MAL52765,validation
lap,MAL52766,train
lap,MAL52767,validation
lap,MAL52769,train
lap,MAL52770,train
lap,MAL52771,train
lap,MAL52772,test
lap,MAL52807,test
lap,MAL52808,train
lap,MAL52809,train
lap,MAL52810,train
lap,MAL52811,validation
lap,MAL52812,test
lap,MAL52813,train
lap,MAL52814,validation
lap,MAL52815,train
lap,MAL52816,test
lap,MAL52822,train
lap,MAL52823,test
lap,MAL52824,test
lap,MAL52826,train
lap,MAL52827,train
lap,MAL52828,train
lap,MAL52829,test
lap,MAL52830,train
lap,MAL52832,test
lap,MAL52834,train
lap,MAL52835,train
lap,MAL52836,test
lap,MAL52838,test
lap,MAL52840,train
lap,MAL52841,test
lap,MAL52842,train
lap,MAL52844,test
lap,MAL52845,test
lap,MAL52846,train
lap,MAL52847,train
lap,MAL52849,train
lap,MAL52850,train
lap,MAL52851,train
lap,MAL52852,test
lap,MAL52854,train
lap,MAL52857,train
lap,MAL52858,train
lap,MAL52859,train
lap,MAL52863,train
lap,MAL52864,train
lap,MAL52865,validation
lap,MAL52867,train
lap,MAL52869,train
lap,MAL52870,train
lap,MAL52871,test
lap,MAL52872,validation
lap,MAL52873,train
lap,MAL52874,train
lap,MAL52875,train
lap,MAL52877,train
lap,MAL52884,train
lap,MAL52885,train
lap,MAL52886,train
lap,MAL52887,train
lap,MAL52892,train
lap,MAL52893,train
lap,MAL52897,train
lap,MAL52898,test
lap,MAL52899,train
lap,MAL52900,train
lap,MAL52904,train
lap,MAL52906,train
lap,MAL52908,train
lap,MAL52910,validation
lap,MAL52911,train
lap,MAL52917,test
lap,MAL52921,test
lap,MAL52923,train
lap,MAL52924,train
lap,MAL52926,train
lap,MAL52928,train
lap,MAL52931,train
lap,MAL52934,train
lap,MAL52935,train
lap,MAL52937,train
lap,MAL52938,train
lap,MAL52939,train
lap,MAL52941,train
lap,MAL52942,train
lap,MAL52944,train
lap,MAL52947,test
lap,MAL52948,train
lap,MAL52949,train
lap,MAL52955,validation
lap,MAL52957,test
lap,MAL52961,train
lap,MAL52962,train
lap,MAL52963,train
lap,MAL52964,train
lap,MAL52966,test
lap,MAL52967,train
lap,MAL52968,train
lap,MAL52969,train
lap,MAL52970,train
lap,MAL52971,train
lap,MAL52973,train
lap,MAL52974,test
lap,MAL52976,train
lap,MAL52977,train
lap,MAL52978,validation
lap,MAL52979,train
lap,MAL52980,test
lap,MAL52982,train
lap,MAL52985,train
lap,MAL52986,train
lap,MAL52987,train
lap,MAL52988,train
lap,MAL52989,train
lap,MAL52990,validation
lap,MAL52991,train
lap,MAL52992,train
lap,MAL52993,train
lap,MAL52995,train
lap,MAL52996,test
lap,MAL52997,test
lap,MAL52999,train
lap,MAL53001,train
lap,MAL53005,train
lap,MAL53006,train
lap,MAL53007,test
lap,MAL53008,train
lap,MAL53009,train
lap,MAL53010,train
lap,MAL53011,test
lap,MAL53012,train
lap,MAL53013,train
lap,MAL53014,train
lap,MAL53015,train
lap,MAL53017,train
lap,MAL53019,train
lap,MAL53020,validation
lap,MAL53021,validation
lap,MAL53023,train
lap,MAL53024,train
lap,MAL53025,train
lap,MAL53026,train
lap,MAL53027,train
lap,MAL53028,train
lap,MAL53029,train
lap,MAL53030,validation
lap,MAL53031,train
lap,MAL53032,train
lap,MAL53033,train
lap,MAL53035,train
lap,MAL53036,train
lap,MAL53037,train
lap,MAL53038,train
lap,MAL53040,train
lap,MAL53042,train
lap,MAL53043,train
lap,MAL53044,test
lap,MAL53045,train
lap,MAL53046,train
lap,MAL53047,train
lap,MAL53050,test
lap,MAL53055,train
lap,MAL53059,validation
lap,MAL53060,train
lap,MAL53061,train
lap,MAL53062,validation
lap,MAL53065,test
lap,MAL53066,train
lap,MAL53067,train
lap,MAL53069,train
lap,MAL53070,train
lap,MAL53071,train
lap,MAL53074,train
lap,MAL53075,train
lap,MAL53076,train
lap,MAL53077,train
lap,MAL53079,train
lap,MAL53080,train
lap,MAL53081,train
lap,MAL53082,train
lap,MAL53083,train
lap,MAL53085,train
lap,MAL53087,train
lap,MAL53088,train
lap,MAL53089,train
lap,MAL53090,train
lap,MAL53092,train
lap,MAL53093,train
lap,MAL53094,train
lap,MAL53095,train
lap,MAL53096,train
lap,MAL53098,train
lap,MAL53101,train
lap,MAL53102,train
lap,MAL53109,train
lap,MAL53110,train
lap,MAL53111,train
lap,MAL53112,train
lap,MAL53115,validation
lap,MAL53116,train
lap,MAL53117,train
lap,MAL53118,train
lap,MAL53119,train
lap,MAL53121,test
lap,MAL53122,train
lap,MAL53125,validation
lap,MAL53126,validation
lap,MAL53127,validation
lap,MAL53128,train
lap,MAL53129,train
lap,MAL53130,train
lap,MAL53132,train
lap,MAL53135,train
lap,MAL53136,train
lap,MAL53137,validation
lap,MAL53138,validation
lap,MAL53139,train
lap,MAL53143,train
lap,MAL53144,train
lap,MAL53146,train
lap,MAL53148,test
lap,MAL53149,train
lap,MAL53150,train
lap,MAL53151,test
lap,MAL53153,train
lap,MAL53154,train
lap,MAL53155,train
lap,MAL53156,train
lap,MAL53157,test
lap,MAL53158,train
lap,MAL53161,train
lap,MAL53162,test
lap,MAL53163,train
lap,MAL53164,test
lap,MAL53165,train
lap,MAL53167,train
lap,MAL53170,validation
lap,MAL53171,train
lap,MAL53172,train
lap,MAL53173,train
lap,MAL53179,train
lap,MAL53182,train
lap,MAL53183,train
lap,MAL53185,train
lap,MAL53186,train
lap,MAL53187,train
lap,MAL53188,test
lap,MAL53192,train
lap,MAL53193,train
lap,MAL53196,train
lap,MAL53198,test
lap,MAL53199,train
lap,MAL53200,train
lap,MAL53202,train
lap,MAL53204,test
lap,MAL53205,train
lap,MAL53206,train
lap,MAL53207,train
lap,MAL53208,validation
lap,MAL53209,train
lap,MAL53213,train
lap,MAL53214,train
lap,MAL53215,train
lap,MAL53216,train
lap,MAL53218,train
lap,MAL53220,train
lap,MAL53222,train
lap,MAL53223,train
lap,MAL53226,train
lap,MAL53229,train
lap,MAL53230,validation
lap,MAL53231,train
lap,MAL53235,train
lap,MAL53236,train
lap,MAL53237,train
lap,MAL53242,train
lap,MAL53244,train
lap,MAL53245,train
lap,MAL53248,train
lap,MAL53249,train
lap,MAL53251,train
lap,MAL53253,train
lap,MAL53254,train
lap,MAL53257,train
lap,MAL53258,train
lap,MAL53259,train
lap,MAL53260,train
lap,MAL53262,train
lap,MAL53263,train
lap,MAL53265,train
lap,MAL53266,train
lap,MAL53267,test
lap,MAL53270,validation
lap,MAL53272,train
lap,MAL53273,train
lap,MAL53274,test
lap,MAL53275,train
lap,MAL53277,validation
lap,MAL53278,train
lap,MAL53279,train
lap,MAL53280,train
lap,MAL53281,train
lap,MAL53286,train
lap,MAL53288,train
lap,MAL53291,train
lap,MAL53294,test
lap,MAL53298,train
lap,MAL53300,train
lap,MAL53314,train
lap,MAL53315,train
lap,MAL53316,validation
lap,MAL53320,train
lap,MAL53327,train
lap,MAL53329,test
lap,MAL53330,train
lap,MAL53331,train
lap,MAL53332,train
lap,MAL53333,train
lap,MAL53334,train
lap,MAL53335,train
lap,MAL53336,train
lap,MAL53337,train
lap,MAL53338,test
lap,MAL53339,train
lap,MAL53340,test
lap,MAL53341,train
lap,MAL53355,train
lap,MAL53356,test
lap,MAL53365,validation
lap,MAL53367,test
lap,MAL53368,train
lap,MAL53371,test
lap,MAL53372,train
lap,MAL53373,train
lap,MAL53374,train
lap,MAL53375,train
lap,MAL53379,train
lap,MAL53380,train
lap,MAL53381,train
lap,MAL53382,train
lap,MAL53387,train
lap,MAL53391,train
lap,MAL53392,train
lap,MAL53393,train
lap,MAL53394,train
lap,MAL53395,test
lap,MAL53396,train
lap,MAL53397,test
lap,MAL53402,train
lap,MAL53403,train
lap,MAL53405,test
lap,MAL53406,train
lap,MAL53409,train
lap,MAL53410,train
lap,MAL53411,train
lap,MAL53414,test
lap,MAL53418,train
lap,MAL53419,validation
lap,MAL53421,train
lap,MAL53424,test
lap,MAL53425,train
lap,MAL53426,train
lap,MAL53428,train
lap,MAL53432,train
lap,MAL53433,test
lap,MAL53434,train
lap,MAL53437,train
lap,MAL53438,validation
lap,MAL53439,test
lap,MAL53443,train
lap,MAL53445,train
lap,MAL53446,test
lap,MAL53447,train
lap,MAL53448,train
lap,MAL53449,train
lap,MAL53450,test
lap,MAL53473,train
lap,MAL53476,train
lap,MAL53477,train
lap,MAL53479,train
lap,MAL53488,train
lap,MAL53491,train
lap,MAL53492,train
lap,MAL53494,test
lap,MAL53498,train
lap,MAL53500,train
lap,MAL53501,test
lap,MAL53502,test
lap,MAL53504,train
lap,MAL53505,train
lap,MAL53506,train
lap,MAL53508,train
lap,MAL53509,train
lap,MAL53512,test
lap,MAL53514,train
lap,MAL53516,train
lap,MAL53517,train
lap,MAL53520,train
lap,MAL53522,train
lap,MAL53523,validation
lap,MAL53525,validation
lap,MAL53526,train
lap,MAL53529,train
lap,MAL53530,train
lap,MAL53534,train
lap,MAL53539,train
lap,MAL53540,train
lap,MAL53560,train
lap,MAL53573,train
lap,MAL53575,train
lap,MAL53580,train
lap,MAL53581,validation
lap,MAL53584,train
lap,MAL53585,train
lap,MAL53586,test
lap,MAL53587,test
lap,MAL53588,train
lap,MAL53589,train
lap,MAL53590,train
lap,MAL53593,train
lap,MAL53595,train
lap,MAL53598,train
lap,MAL53599,train
lap,MAL53601,train
lap,MAL53606,train
lap,MAL53613,train
lap,MAL53618,train
lap,MAL53619,test
lap,MAL53620,train
lap,MAL53621,test
lap,MAL53624,test
lap,MAL53625,train
lap,MAL53626,test
lap,MAL53627,train
lap,MAL53632,train
lap,MAL53633,train
lap,MAL53634,train
lap,MAL53635,train
lap,MAL53636,validation
lap,MAL53637,train
lap,MAL53638,train
lap,MAL53639,train
lap,MAL53640,train
lap,MAL53641,validation
lap,MAL53642,train
lap,MAL53645,train
lap,MAL53646,validation
lap,MAL53648,test
lap,MAL53649,validation
lap,MAL53650,train
lap,MAL53653,train
lap,MAL53654,train
lap,MAL53655,validation
lap,MAL53657,validation
lap,MAL53658,test
lap,MAL53659,test
lap,MAL53662,validation
lap,MAL53665,train
lap,MAL53666,test
lap,MAL53667,train
lap,MAL53669,train
lap,MAL53670,train
lap,MAL53671,train
lap,MAL53674,train
lap,MAL53675,test
lap,MAL53676,validation
lap,MAL53677,test
lap,MAL53678,train
lap,MAL53679,train
lap,MAL53680,train
lap,MAL53682,train
lap,MAL53684,train
lap,MAL53685,train
lap,MAL53686,train
lap,MAL53687,validation
lap,MAL53688,train
lap,MAL53690,validation
lap,MAL53696,test
lap,MAL53698,train
lap,MAL53699,train
lap,MAL53700,train
lap,MAL53702,train
lap,MAL53703,train
lap,MAL53705,train
lap,MAL53709,train
lap,MAL53710,train
lap,MAL53711,train
lap,MAL53712,train
lap,MAL53716,test
lap,MAL53717,train
lap,MAL53718,train
lap,MAL53720,train
lap,MAL53721,train
lap,MAL53722,train
lap,MAL53723,train
lap,MAL53724,train
lap,MAL53725,test
lap,MAL53726,train
lap,MAL53727,train
lap,MAL53728,train
lap,MAL53730,train
lap,MAL53731,test
lap,MAL53732,validation
lap,MAL53733,train
lap,MAL53736,test
lap,MAL53737,train
lap,MAL53738,train
lap,MAL53740,train
lap,MAL53746,train
lap,MAL53747,train
lap,MAL53748,train
lap,MAL53749,train
lap,MAL53750,train
lap,MAL53751,train
lap,MAL53753,validation
lap,MAL53754,train
lap,MAL53755,test
lap,MAL53756,validation
lap,MAL53757,validation
lap,MAL53758,train
lap,MAL53759,train
lap,MAL53762,train
lap,MAL53764,train
lap,MAL53765,validation
lap,MAL53766,train
lap,MAL53767,train
lap,MAL53768,train
lap,MAL53770,train
lap,MAL53771,train
lap,MAL53773,train
lap,MAL53774,train
lap,MAL53775,train
lap,MAL53776,train
lap,MAL53777,train
lap,MAL53778,train
lap,MAL53779,train
lap,MAL53780,train
lap,MAL53781,test
lap,MAL53783,train
lap,MAL53784,train
lap,MAL53785,validation
lap,MAL53787,validation
lap,MAL53788,train
lap,MAL53789,train
lap,MAL53790,train
lap,MAL53791,train
lap,MAL53794,train
lap,MAL53795,train
lap,MAL53797,train
lap,MAL53798,train
lap,MAL53799,train
lap,MAL53800,train
lap,MAL53801,train
lap,MAL53802,train
lap,MAL53803,train
lap,MAL53804,train
lap,MAL53805,train
lap,MAL53806,train
lap,MAL53808,train
lap,MAL53809,test
lap,MAL53810,train
lap,MAL53812,train
lap,MAL53814,train
lap,MAL53817,train
lap,MAL53818,train
lap,MAL53819,test
lap,MAL53820,train
lap,MAL53823,train
lap,MAL53824,validation
lap,MAL53828,train
lap,MAL53829,validation
lap,MAL53830,train
lap,MAL53832,test
lap,MAL53833,train
lap,MAL53835,test
lap,MAL53840,train
lap,MAL53841,train
lap,MAL53842,train
lap,MAL53843,train
lap,MAL53844,train
lap,MAL53848,train
lap,MAL53849,train
lap,MAL53850,train
lap,MAL53851,validation
lap,MAL53852,train
lap,MAL53856,train
lap,MAL53857,train
lap,MAL53858,train
lap,MAL53859,train
lap,MAL53860,test
lap,MAL53861,train
lap,MAL53864,validation
lap,MAL53865,train
lap,MAL53867,validation
lap,MAL53868,test
lap,MAL53869,train
lap,MAL53870,train
lap,MAL53871,train
lap,MAL53872,validation
lap,MAL53873,train
lap,MAL53874,train
lap,MAL53876,train
lap,MAL53878,train
lap,MAL53879,train
lap,MAL53880,train
lap,MAL53881,train
lap,MAL53882,train
lap,MAL53883,train
lap,MAL53887,train
lap,MAL53888,train
lap,MAL53889,test
lap,MAL53890,train
lap,MAL53893,train
lap,MAL53895,train
lap,MAL53898,train
lap,MAL53899,train
lap,MAL53900,validation
lap,MAL53901,train
lap,MAL53902,train
lap,MAL53903,train
lap,MAL53905,train
lap,MAL53907,train
lap,MAL53908,train
lap,MAL53909,train
lap,MAL53910,train
lap,MAL53911,train
lap,MAL53912,train
lap,MAL53913,train
lap,MAL53917,train
lap,MAL53919,test
lap,MAL53920,train
lap,MAL53921,train
lap,MAL53923,test
lap,MAL53924,train
lap,MAL53926,train
lap,MAL53927,validation
lap,MAL53929,train
lap,MAL53930,train
lap,MAL53931,train
lap,MAL53932,train
lap,MAL53933,train
lap,MAL53934,train
lap,MAL53935,validation
lap,MAL53936,train
lap,MAL53938,train
lap,MAL53939,train
lap,MAL53941,train
lap,MAL53942,test
lap,MAL53943,train
lap,MAL53944,train
lap,MAL53945,train
lap,MAL53946,train
lap,MAL53947,train
lap,MAL53948,train
lap,MAL53949,train
lap,MAL53951,test
lap,MAL53952,train
lap,MAL53953,train
lap,MAL53954,train
lap,MAL53955,train
lap,MAL53956,test
lap,MAL53957,test
lap,MAL53958,validation
lap,MAL53959,test
lap,MAL53961,test
lap,MAL53962,train
lap,MAL53963,train
lap,MAL53964,train
lap,MAL53965,train
lap,MAL53966,train
lap,MAL53967,validation
lap,MAL53968,train
lap,MAL53969,train
lap,MAL53970,test
lap,MAL53971,validation
lap,MAL53973,validation
lap,MAL53975,train
lap,MAL53976,train
lap,MAL53979,train
lap,MAL53980,train
lap,MAL53981,train
lap,MAL53982,train
lap,MAL53983,validation
lap,MAL53984,train
lap,MAL53985,train
lap,MAL53986,train
lap,MAL53987,train
lap,MAL53988,train
lap,MAL53989,train
lap,MAL53990,train
lap,MAL53992,train
lap,MAL53993,train
lap,MAL53994,train
lap,MAL53998,train
lap,MAL54000,train
lap,MAL54001,train
lap,MAL54002,train
lap,MAL54004,train
lap,MAL54005,train
lap,MAL54006,train
lap,MAL54007,train
lap,MAL54008,train
lap,MAL54009,test
lap,MAL54010,train
lap,MAL54011,train
lap,MAL54012,train
lap,MAL54013,train
lap,MAL54014,train
lap,MAL54015,validation
lap,MAL54016,train
lap,MAL54017,validation
lap,MAL54018,test
lap,MAL54021,train
lap,MAL54022,validation
lap,MAL54024,train
lap,MAL54026,train
lap,MAL54027,validation
lap,MAL54028,train
lap,MAL54029,train
lap,MAL54030,test
lap,MAL54031,test
lap,MAL54032,train
lap,MAL54033,train
lap,MAL54035,train
lap,MAL54036,train
lap,MAL54038,test
lap,MAL54040,train
lap,MAL54041,validation
lap,MAL54042,train
lap,MAL54044,train
lap,MAL54045,test
lap,MAL54046,train
lap,MAL54047,train
lap,MAL54050,train
lap,MAL54051,train
lap,MAL54052,train
lap,MAL54054,train
lap,MAL54055,validation
lap,MAL54056,train
lap,MAL54057,validation
lap,MAL54058,train
lap,MAL54060,train
lap,MAL54061,train
lap,MAL54062,train
lap,MAL54063,train
lap,MAL54065,test
lap,MAL54066,train
lap,MAL54067,train
lap,MAL54068,test
lap,MAL54070,train
lap,MAL54071,train
lap,MAL54072,validation
lap,MAL54074,train
lap,MAL54075,train
lap,MAL54076,test
lap,MAL54077,train
lap,MAL54078,train
lap,MAL54081,train
lap,MAL54082,train
lap,MAL54083,train
lap,MAL54084,train
lap,MAL54085,validation
lap,MAL54086,validation
lap,MAL54087,train
lap,MAL54089,train
lap,MAL54090,train
lap,MAL54092,validation
lap,MAL54093,train
lap,MAL54094,validation
lap,MAL54095,train
lap,MAL54096,train
lap,MAL54097,train
lap,MAL54100,train
lap,MAL54101,train
lap,MAL54102,train
lap,MAL54103,train
lap,MAL54105,train
lap,MAL54107,train
lap,MAL54108,train
lap,MAL54109,train
lap,MAL54111,train
lap,MAL54112,test
lap,MAL54114,train
lap,MAL54115,validation
lap,MAL54116,train
lap,MAL54118,train
lap,MAL54119,train
lap,MAL54121,train
lap,MAL54122,train
lap,MAL54123,train
lap,MAL54124,test
lap,MAL54127,train
lap,MAL54128,train
lap,MAL54129,test
lap,MAL54130,train
lap,MAL54131,train
lap,MAL54132,test
lap,MAL54133,validation
lap,MAL54135,train
lap,MAL54136,train
lap,MAL54137,train
lap,MAL54141,train
lap,MAL54142,validation
lap,MAL54151,train
lap,MAL54152,train
lap,MAL54153,validation
lap,MAL54154,train
lap,MAL54156,train
lap,MAL54157,train
lap,MAL54158,validation
lap,MAL54159,validation
lap,MAL54160,test
lap,MAL54162,validation
lap,MAL54164,train
lap,MAL54165,train
lap,MAL54166,validation
lap,MAL54167,train
lap,MAL54168,train
lap,MAL54169,train
lap,MAL54170,train
lap,MAL54171,train
lap,MAL54172,test
lap,MAL54173,train
lap,MAL54174,test
lap,MAL54176,train
lap,MAL54177,test
lap,MAL54178,test
lap,MAL54179,train
lap,MAL54180,test
lap,MAL54181,train
lap,MAL54184,train
lap,MAL54185,train
lap,MAL54186,train
lap,MAL54191,train
lap,MAL54193,train
lap,MAL54194,train
lap,MAL54195,test
lap,MAL54197,train
lap,MAL54198,train
lap,MAL54199,train
lap,MAL54201,train
lap,MAL54202,train
lap,MAL54203,train
lap,MAL54204,train
lap,MAL54205,train
lap,MAL54208,train
lap,MAL54209,train
lap,MAL54210,test
lap,MAL54212,train
lap,MAL54213,test
lap,MAL54216,train
lap,MAL54217,train
lap,MAL54218,train
lap,MAL54219,test
lap,MAL54220,train
lap,MAL54224,train
lap,MAL54225,train
lap,MAL54228,train
lap,MAL54229,test
lap,MAL54230,train
lap,MAL54231,test
lap,MAL54232,train
lap,MAL54233,train
lap,MAL54234,train
lap,MAL54242,train
lap,MAL54245,train
lap,MAL54247,train
lap,MAL54250,train
lap,MAL54252,test
lap,MAL54253,validation
lap,MAL54254,train
lap,MAL54255,train
lap,MAL54259,train
lap,MAL54261,train
lap,MAL54262,train
lap,MAL54263,train
lap,MAL54265,train
lap,MAL54267,validation
lap,MAL54268,validation
lap,MAL54269,train
lap,MAL54271,validation
lap,MAL54272,validation
lap,MAL54273,train
lap,MAL54274,train
lap,MAL54275,validation
lap,MAL54276,train
lap,MAL54278,train
lap,MAL54279,train
lap,MAL54280,train
lap,MAL54281,test
lap,MAL54282,validation
lap,MAL54284,test
lap,MAL54285,train
lap,MAL54287,train
lap,MAL54289,train
lap,MAL54290,train
lap,MAL54291,train
lap,MAL54292,train
lap,MAL54293,train
lap,MAL54294,validation
lap,MAL54295,train
lap,MAL54296,test
lap,MAL54297,train
lap,MAL54298,train
lap,MAL54299,train
lap,MAL54300,test
lap,MAL54301,train
lap,MAL54308,train
lap,MAL54309,validation
lap,MAL54312,train
lap,MAL54316,train
lap,MAL54317,test
lap,MAL54318,train
lap,MAL54322,test
lap,MAL54323,train
lap,MAL54324,train
lap,MAL54325,validation
lap,MAL54330,train
lap,MAL54331,train
lap,MAL54337,train
lap,MAL54339,test
lap,MAL54340,train
lap,MAL54346,train
lap,MAL54353,train
lap,MAL54354,train
lap,MAL54355,test
lap,MAL54357,train
lap,MAL54359,train
lap,MAL54360,train
lap,MAL54361,train
lap,MAL54362,train
lap,MAL54364,test
lap,MAL54375,test
lap,MAL54381,test
lap,MAL54383,train
lap,MAL54388,train
lap,MAL54389,test
lap,MAL54398,test
lap,MAL54431,test
lap,MAL54449,train
manga109,ARMS,train
manga109,AisazuNihaIrarenai,test
manga109,AkkeraKanjinchou,train
manga109,Akuhamu,test
manga109,AosugiruHaru,train
manga109,AppareKappore,train
manga109,Arisa,train
manga109,BEMADER_P,test
manga109,BakuretsuKungFuGirl,test
manga109,Belmondo,train
manga109,BokuHaSitatakaKun,train
manga109,BurariTessenTorimonocho,train
manga109,ByebyeC-BOY,train
manga109,Count3DeKimeteAgeru,train
manga109,DollGun,train
manga109,Donburakokko,train
manga109,DualJustice,train
manga109,EienNoWith,train
manga109,EvaLady,train
manga109,EverydayOsakanaChan,train
manga109,GOOD_KISS_Ver2,test
manga109,GakuenNoise,train
manga109,GarakutayaManta,test
manga109,GinNoChimera,train
manga109,Hamlet,train
manga109,HanzaiKousyouninMinegishiEitarou,train
manga109,HaruichibanNoFukukoro,train
manga109,HarukaRefrain,train
manga109,HealingPlanet,train
manga109,HeiseiJimen,train
manga109,HighschoolKimengumi_vol01,validation
manga109,HighschoolKimengumi_vol20,test
manga109,HinagikuKenzan,train
manga109,HisokaReturns,validation
manga109,JangiriPonpon,train
manga109,JijiBabaFight,test
manga109,Joouari,test
manga109,Jyovolley,train
manga109,KarappoHighschool,train
manga109,KimiHaBokuNoTaiyouDa,train
manga109,KoukouNoHitotachi,train
manga109,KuroidoGanka,test
manga109,KyokugenCyclone,validation
manga109,LancelotFullThrottle,validation
manga109,LoveHina_vol01,train
manga109,LoveHina_vol14,train
manga109,MAD_STONE,train
manga109,MadouTaiga,train
manga109,MagicStarGakuin,train
manga109,MagicianLoad,train
manga109,MariaSamaNihaNaisyo,train
manga109,MayaNoAkaiKutsu,train
manga109,MemorySeijin,train
manga109,MeteoSanStrikeDesu,train
manga109,MiraiSan,train
manga109,MisutenaideDaisy,train
manga109,MoeruOnisan_vol01,train
manga109,MoeruOnisan_vol19,train
manga109,MomoyamaHaikagura,train
manga109,MukoukizuNoChonbo,validation
manga109,MutekiBoukenSyakuma,test
manga109,Nekodama,train
manga109,NichijouSoup,validation
manga109,Ningyoushi,train
manga109,OL_Lunch,train
manga109,OhWareraRettouSeitokai,validation
manga109,PLANET7,train
manga109,ParaisoRoad,train
manga109,PikaruGenkiDesu,train
manga109,PlatinumJungle,train
manga109,PrayerHaNemurenai,train
manga109,PrismHeart,train
manga109,PsychoStaff,train
manga109,Raphael,train
manga109,ReveryEarth,train
manga109,RinToSiteSippuNoNaka,validation
manga109,RisingGirl,train
manga109,Saisoku,train
manga109,SaladDays_vol01,train
manga109,SaladDays_vol18,train
manga109,SamayoeruSyonenNiJunaiWo,train
manga109,SeisinkiVulnus,test
manga109,ShimatteIkouze_vol01,test
manga109,ShimatteIkouze_vol26,train
manga109,SonokiDeABC,train
manga109,SyabondamaKieta,train
manga109,TaiyouNiSmash,train
manga109,TapkunNoTanteisitsu,validation
manga109,TasogareTsushin,test
manga109,TennenSenshiG,train
manga109,TensiNoHaneToAkumaNoShippo,validation
manga109,TetsuSan,train
manga109,That'sIzumiko,train
manga109,TotteokiNoABC,train
manga109,ToutaMairimasu,train
manga109,TouyouKidan,test
manga109,TsubasaNoKioku,train
manga109,UchiNoNyan'sDiary,train
manga109,UchuKigekiM774,train
manga109,UltraEleven,train
manga109,UnbalanceTokyo,test
manga109,WarewareHaOniDearu,test
manga109,YamatoNoHane,train
manga109,YasasiiAkuma,train
manga109,YouchienBoueigumi,test
manga109,YoumaKourin,train
manga109,YukiNoFuruMachi,train
manga109,YumeNoKayoiji,train
manga109,YumeiroCooking,train
